Fiscal year,Diagnosis category,Sex,fiscal_year,value,ci_low,ci_high,sheet_type
2018–2019,Neurocognitive disorders,Female,Agegroup:5–9years–Rate,6.0,,,ED
2018–2019,Neurocognitive disorders,Male,Agegroup:5–9years–Rate,9.0,,,ED
2018–2019,Neurocognitive disorders,Total,Agegroup:5–9years–Rate,8.0,,,ED
2018–2019,Substance-related disorders,Female,Agegroup:5–9years–Rate,1.0,,,ED
2018–2019,Substance-related disorders,Male,Agegroup:5–9years–Rate,2.0,,,ED
2018–2019,Substance-related disorders,Total,Agegroup:5–9years–Rate,2.0,,,ED
2018–2019,Schizophrenic and psychotic disorders,Female,Agegroup:5–9years–Rate,1.0,,,ED
2018–2019,Schizophrenic and psychotic disorders,Male,Agegroup:5–9years–Rate,3.0,,,ED
2018–2019,Schizophrenic and psychotic disorders,Total,Agegroup:5–9years–Rate,2.0,,,ED
2018–2019,Mood disorders,Female,Agegroup:5–9years–Rate,5.0,,,ED
2018–2019,Mood disorders,Male,Agegroup:5–9years–Rate,14.0,,,ED
2018–2019,Mood disorders,Total,Agegroup:5–9years–Rate,10.0,,,ED
2018–2019,Anxiety disorders,Female,Agegroup:5–9years–Rate,46.0,,,ED
2018–2019,Anxiety disorders,Male,Agegroup:5–9years–Rate,44.0,,,ED
2018–2019,Anxiety disorders,Total,Agegroup:5–9years–Rate,45.0,,,ED
2018–2019,Personality disorders,Female,Agegroup:5–9years–Rate,1.0,,,ED
2018–2019,Personality disorders,Male,Agegroup:5–9years–Rate,2.0,,,ED
2018–2019,Personality disorders,Total,Agegroup:5–9years–Rate,2.0,,,ED
2018–2019,Other disorders,Female,Agegroup:5–9years–Rate,87.0,,,ED
2018–2019,Other disorders,Male,Agegroup:5–9years–Rate,204.0,,,ED
2018–2019,Other disorders,Total,Agegroup:5–9years–Rate,147.0,,,ED
2018–2019,   Trauma- and stressor-related disorders,Female,Agegroup:5–9years–Rate,34.0,,,ED
2018–2019,   Trauma- and stressor-related disorders,Male,Agegroup:5–9years–Rate,63.0,,,ED
2018–2019,   Trauma- and stressor-related disorders,Total,Agegroup:5–9years–Rate,49.0,,,ED
2018–2019,"   Disruptive, impulse control and conduct disorders",Female,Agegroup:5–9years–Rate,20.0,,,ED
2018–2019,"   Disruptive, impulse control and conduct disorders",Male,Agegroup:5–9years–Rate,58.0,,,ED
2018–2019,"   Disruptive, impulse control and conduct disorders",Total,Agegroup:5–9years–Rate,39.0,,,ED
2018–2019,   Eating and feeding disorders,Female,Agegroup:5–9years–Rate,2.0,,,ED
2018–2019,   Eating and feeding disorders,Male,Agegroup:5–9years–Rate,3.0,,,ED
2018–2019,   Eating and feeding disorders,Total,Agegroup:5–9years–Rate,2.0,,,ED
2018–2019,   Tic disorders,Female,Agegroup:5–9years–Rate,9.0,,,ED
2018–2019,   Tic disorders,Male,Agegroup:5–9years–Rate,21.0,,,ED
2018–2019,   Tic disorders,Total,Agegroup:5–9years–Rate,15.0,,,ED
2018–2019,   ADHD,Female,Agegroup:5–9years–Rate,9.0,,,ED
2018–2019,   ADHD,Male,Agegroup:5–9years–Rate,36.0,,,ED
2018–2019,   ADHD,Total,Agegroup:5–9years–Rate,23.0,,,ED
2019–2020,Neurocognitive disorders,Female,Agegroup:5–9years–Rate,6.0,,,ED
2019–2020,Neurocognitive disorders,Male,Agegroup:5–9years–Rate,6.0,,,ED
2019–2020,Neurocognitive disorders,Total,Agegroup:5–9years–Rate,6.0,,,ED
2019–2020,Substance-related disorders,Female,Agegroup:5–9years–Rate,1.0,,,ED
2019–2020,Substance-related disorders,Male,Agegroup:5–9years–Rate,2.0,,,ED
2019–2020,Substance-related disorders,Total,Agegroup:5–9years–Rate,2.0,,,ED
2019–2020,Schizophrenic and psychotic disorders,Female,Agegroup:5–9years–Rate,0.0,,,ED
2019–2020,Schizophrenic and psychotic disorders,Male,Agegroup:5–9years–Rate,1.0,,,ED
2019–2020,Schizophrenic and psychotic disorders,Total,Agegroup:5–9years–Rate,0.0,,,ED
2019–2020,Mood disorders,Female,Agegroup:5–9years–Rate,5.0,,,ED
2019–2020,Mood disorders,Male,Agegroup:5–9years–Rate,11.0,,,ED
2019–2020,Mood disorders,Total,Agegroup:5–9years–Rate,8.0,,,ED
2019–2020,Anxiety disorders,Female,Agegroup:5–9years–Rate,39.0,,,ED
2019–2020,Anxiety disorders,Male,Agegroup:5–9years–Rate,37.0,,,ED
2019–2020,Anxiety disorders,Total,Agegroup:5–9years–Rate,38.0,,,ED
2019–2020,Personality disorders,Female,Agegroup:5–9years–Rate,1.0,,,ED
2019–2020,Personality disorders,Male,Agegroup:5–9years–Rate,3.0,,,ED
2019–2020,Personality disorders,Total,Agegroup:5–9years–Rate,2.0,,,ED
2019–2020,Other disorders,Female,Agegroup:5–9years–Rate,83.0,,,ED
2019–2020,Other disorders,Male,Agegroup:5–9years–Rate,197.0,,,ED
2019–2020,Other disorders,Total,Agegroup:5–9years–Rate,142.0,,,ED
2019–2020,   Trauma- and stressor-related disorders,Female,Agegroup:5–9years–Rate,33.0,,,ED
2019–2020,   Trauma- and stressor-related disorders,Male,Agegroup:5–9years–Rate,58.0,,,ED
2019–2020,   Trauma- and stressor-related disorders,Total,Agegroup:5–9years–Rate,46.0,,,ED
2019–2020,"   Disruptive, impulse control and conduct disorders",Female,Agegroup:5–9years–Rate,21.0,,,ED
2019–2020,"   Disruptive, impulse control and conduct disorders",Male,Agegroup:5–9years–Rate,54.0,,,ED
2019–2020,"   Disruptive, impulse control and conduct disorders",Total,Agegroup:5–9years–Rate,38.0,,,ED
2019–2020,   Eating and feeding disorders,Female,Agegroup:5–9years–Rate,2.0,,,ED
2019–2020,   Eating and feeding disorders,Male,Agegroup:5–9years–Rate,2.0,,,ED
2019–2020,   Eating and feeding disorders,Total,Agegroup:5–9years–Rate,2.0,,,ED
2019–2020,   Tic disorders,Female,Agegroup:5–9years–Rate,8.0,,,ED
2019–2020,   Tic disorders,Male,Agegroup:5–9years–Rate,23.0,,,ED
2019–2020,   Tic disorders,Total,Agegroup:5–9years–Rate,16.0,,,ED
2019–2020,   ADHD,Female,Agegroup:5–9years–Rate,8.0,,,ED
2019–2020,   ADHD,Male,Agegroup:5–9years–Rate,39.0,,,ED
2019–2020,   ADHD,Total,Agegroup:5–9years–Rate,24.0,,,ED
2020–2021,Neurocognitive disorders,Female,Agegroup:5–9years–Rate,3.0,,,ED
2020–2021,Neurocognitive disorders,Male,Agegroup:5–9years–Rate,3.0,,,ED
2020–2021,Neurocognitive disorders,Total,Agegroup:5–9years–Rate,3.0,,,ED
2020–2021,Substance-related disorders,Female,Agegroup:5–9years–Rate,2.0,,,ED
2020–2021,Substance-related disorders,Male,Agegroup:5–9years–Rate,1.0,,,ED
2020–2021,Substance-related disorders,Total,Agegroup:5–9years–Rate,2.0,,,ED
2020–2021,Schizophrenic and psychotic disorders,Female,Agegroup:5–9years–Rate,1.0,,,ED
2020–2021,Schizophrenic and psychotic disorders,Male,Agegroup:5–9years–Rate,1.0,,,ED
2020–2021,Schizophrenic and psychotic disorders,Total,Agegroup:5–9years–Rate,1.0,,,ED
2020–2021,Mood disorders,Female,Agegroup:5–9years–Rate,5.0,,,ED
2020–2021,Mood disorders,Male,Agegroup:5–9years–Rate,7.0,,,ED
2020–2021,Mood disorders,Total,Agegroup:5–9years–Rate,6.0,,,ED
2020–2021,Anxiety disorders,Female,Agegroup:5–9years–Rate,41.0,,,ED
2020–2021,Anxiety disorders,Male,Agegroup:5–9years–Rate,32.0,,,ED
2020–2021,Anxiety disorders,Total,Agegroup:5–9years–Rate,37.0,,,ED
2020–2021,Personality disorders,Female,Agegroup:5–9years–Rate,1.0,,,ED
2020–2021,Personality disorders,Male,Agegroup:5–9years–Rate,2.0,,,ED
2020–2021,Personality disorders,Total,Agegroup:5–9years–Rate,1.0,,,ED
2020–2021,Other disorders,Female,Agegroup:5–9years–Rate,65.0,,,ED
2020–2021,Other disorders,Male,Agegroup:5–9years–Rate,132.0,,,ED
2020–2021,Other disorders,Total,Agegroup:5–9years–Rate,99.0,,,ED
2020–2021,   Trauma- and stressor-related disorders,Female,Agegroup:5–9years–Rate,24.0,,,ED
2020–2021,   Trauma- and stressor-related disorders,Male,Agegroup:5–9years–Rate,40.0,,,ED
2020–2021,   Trauma- and stressor-related disorders,Total,Agegroup:5–9years–Rate,32.0,,,ED
2020–2021,"   Disruptive, impulse control and conduct disorders",Female,Agegroup:5–9years–Rate,13.0,,,ED
2020–2021,"   Disruptive, impulse control and conduct disorders",Male,Agegroup:5–9years–Rate,30.0,,,ED
2020–2021,"   Disruptive, impulse control and conduct disorders",Total,Agegroup:5–9years–Rate,21.0,,,ED
2020–2021,   Eating and feeding disorders,Female,Agegroup:5–9years–Rate,2.0,,,ED
2020–2021,   Eating and feeding disorders,Male,Agegroup:5–9years–Rate,1.0,,,ED
2020–2021,   Eating and feeding disorders,Total,Agegroup:5–9years–Rate,1.0,,,ED
2020–2021,   Tic disorders,Female,Agegroup:5–9years–Rate,12.0,,,ED
2020–2021,   Tic disorders,Male,Agegroup:5–9years–Rate,24.0,,,ED
2020–2021,   Tic disorders,Total,Agegroup:5–9years–Rate,18.0,,,ED
2020–2021,   ADHD,Female,Agegroup:5–9years–Rate,6.0,,,ED
2020–2021,   ADHD,Male,Agegroup:5–9years–Rate,23.0,,,ED
2020–2021,   ADHD,Total,Agegroup:5–9years–Rate,15.0,,,ED
2021–2022,Neurocognitive disorders,Female,Agegroup:5–9years–Rate,3.0,,,ED
2021–2022,Neurocognitive disorders,Male,Agegroup:5–9years–Rate,5.0,,,ED
2021–2022,Neurocognitive disorders,Total,Agegroup:5–9years–Rate,4.0,,,ED
2021–2022,Substance-related disorders,Female,Agegroup:5–9years–Rate,2.0,,,ED
2021–2022,Substance-related disorders,Male,Agegroup:5–9years–Rate,2.0,,,ED
2021–2022,Substance-related disorders,Total,Agegroup:5–9years–Rate,2.0,,,ED
2021–2022,Schizophrenic and psychotic disorders,Female,Agegroup:5–9years–Rate,1.0,,,ED
2021–2022,Schizophrenic and psychotic disorders,Male,Agegroup:5–9years–Rate,1.0,,,ED
2021–2022,Schizophrenic and psychotic disorders,Total,Agegroup:5–9years–Rate,1.0,,,ED
2021–2022,Mood disorders,Female,Agegroup:5–9years–Rate,4.0,,,ED
2021–2022,Mood disorders,Male,Agegroup:5–9years–Rate,8.0,,,ED
2021–2022,Mood disorders,Total,Agegroup:5–9years–Rate,6.0,,,ED
2021–2022,Anxiety disorders,Female,Agegroup:5–9years–Rate,46.0,,,ED
2021–2022,Anxiety disorders,Male,Agegroup:5–9years–Rate,36.0,,,ED
2021–2022,Anxiety disorders,Total,Agegroup:5–9years–Rate,41.0,,,ED
2021–2022,Personality disorders,Female,Agegroup:5–9years–Rate,1.0,,,ED
2021–2022,Personality disorders,Male,Agegroup:5–9years–Rate,2.0,,,ED
2021–2022,Personality disorders,Total,Agegroup:5–9years–Rate,1.0,,,ED
2021–2022,Other disorders,Female,Agegroup:5–9years–Rate,72.0,,,ED
2021–2022,Other disorders,Male,Agegroup:5–9years–Rate,152.0,,,ED
2021–2022,Other disorders,Total,Agegroup:5–9years–Rate,113.0,,,ED
2021–2022,   Trauma- and stressor-related disorders,Female,Agegroup:5–9years–Rate,23.0,,,ED
2021–2022,   Trauma- and stressor-related disorders,Male,Agegroup:5–9years–Rate,41.0,,,ED
2021–2022,   Trauma- and stressor-related disorders,Total,Agegroup:5–9years–Rate,32.0,,,ED
2021–2022,"   Disruptive, impulse control and conduct disorders",Female,Agegroup:5–9years–Rate,14.0,,,ED
2021–2022,"   Disruptive, impulse control and conduct disorders",Male,Agegroup:5–9years–Rate,31.0,,,ED
2021–2022,"   Disruptive, impulse control and conduct disorders",Total,Agegroup:5–9years–Rate,23.0,,,ED
2021–2022,   Eating and feeding disorders,Female,Agegroup:5–9years–Rate,3.0,,,ED
2021–2022,   Eating and feeding disorders,Male,Agegroup:5–9years–Rate,2.0,,,ED
2021–2022,   Eating and feeding disorders,Total,Agegroup:5–9years–Rate,3.0,,,ED
2021–2022,   Tic disorders,Female,Agegroup:5–9years–Rate,11.0,,,ED
2021–2022,   Tic disorders,Male,Agegroup:5–9years–Rate,29.0,,,ED
2021–2022,   Tic disorders,Total,Agegroup:5–9years–Rate,20.0,,,ED
2021–2022,   ADHD,Female,Agegroup:5–9years–Rate,7.0,,,ED
2021–2022,   ADHD,Male,Agegroup:5–9years–Rate,27.0,,,ED
2021–2022,   ADHD,Total,Agegroup:5–9years–Rate,17.0,,,ED
2022–2023,Neurocognitive disorders,Female,Agegroup:5–9years–Rate,4.0,,,ED
2022–2023,Neurocognitive disorders,Male,Agegroup:5–9years–Rate,4.0,,,ED
2022–2023,Neurocognitive disorders,Total,Agegroup:5–9years–Rate,4.0,,,ED
2022–2023,Substance-related disorders,Female,Agegroup:5–9years–Rate,3.0,,,ED
2022–2023,Substance-related disorders,Male,Agegroup:5–9years–Rate,5.0,,,ED
2022–2023,Substance-related disorders,Total,Agegroup:5–9years–Rate,4.0,,,ED
2022–2023,Schizophrenic and psychotic disorders,Female,Agegroup:5–9years–Rate,1.0,,,ED
2022–2023,Schizophrenic and psychotic disorders,Male,Agegroup:5–9years–Rate,1.0,,,ED
2022–2023,Schizophrenic and psychotic disorders,Total,Agegroup:5–9years–Rate,1.0,,,ED
2022–2023,Mood disorders,Female,Agegroup:5–9years–Rate,4.0,,,ED
2022–2023,Mood disorders,Male,Agegroup:5–9years–Rate,7.0,,,ED
2022–2023,Mood disorders,Total,Agegroup:5–9years–Rate,5.0,,,ED
2022–2023,Anxiety disorders,Female,Agegroup:5–9years–Rate,37.0,,,ED
2022–2023,Anxiety disorders,Male,Agegroup:5–9years–Rate,28.0,,,ED
2022–2023,Anxiety disorders,Total,Agegroup:5–9years–Rate,32.0,,,ED
2022–2023,Personality disorders,Female,Agegroup:5–9years–Rate,1.0,,,ED
2022–2023,Personality disorders,Male,Agegroup:5–9years–Rate,2.0,,,ED
2022–2023,Personality disorders,Total,Agegroup:5–9years–Rate,1.0,,,ED
2022–2023,Other disorders,Female,Agegroup:5–9years–Rate,63.0,,,ED
2022–2023,Other disorders,Male,Agegroup:5–9years–Rate,141.0,,,ED
2022–2023,Other disorders,Total,Agegroup:5–9years–Rate,103.0,,,ED
2022–2023,   Trauma- and stressor-related disorders,Female,Agegroup:5–9years–Rate,18.0,,,ED
2022–2023,   Trauma- and stressor-related disorders,Male,Agegroup:5–9years–Rate,38.0,,,ED
2022–2023,   Trauma- and stressor-related disorders,Total,Agegroup:5–9years–Rate,28.0,,,ED
2022–2023,"   Disruptive, impulse control and conduct disorders",Female,Agegroup:5–9years–Rate,15.0,,,ED
2022–2023,"   Disruptive, impulse control and conduct disorders",Male,Agegroup:5–9years–Rate,30.0,,,ED
2022–2023,"   Disruptive, impulse control and conduct disorders",Total,Agegroup:5–9years–Rate,22.0,,,ED
2022–2023,   Eating and feeding disorders,Female,Agegroup:5–9years–Rate,4.0,,,ED
2022–2023,   Eating and feeding disorders,Male,Agegroup:5–9years–Rate,3.0,,,ED
2022–2023,   Eating and feeding disorders,Total,Agegroup:5–9years–Rate,3.0,,,ED
2022–2023,   Tic disorders,Female,Agegroup:5–9years–Rate,8.0,,,ED
2022–2023,   Tic disorders,Male,Agegroup:5–9years–Rate,22.0,,,ED
2022–2023,   Tic disorders,Total,Agegroup:5–9years–Rate,15.0,,,ED
2022–2023,   ADHD,Female,Agegroup:5–9years–Rate,7.0,,,ED
2022–2023,   ADHD,Male,Agegroup:5–9years–Rate,25.0,,,ED
2022–2023,   ADHD,Total,Agegroup:5–9years–Rate,16.0,,,ED
2023–2024,Neurocognitive disorders,Female,Agegroup:5–9years–Rate,4.0,,,ED
2023–2024,Neurocognitive disorders,Male,Agegroup:5–9years–Rate,4.0,,,ED
2023–2024,Neurocognitive disorders,Total,Agegroup:5–9years–Rate,4.0,,,ED
2023–2024,Substance-related disorders,Female,Agegroup:5–9years–Rate,3.0,,,ED
2023–2024,Substance-related disorders,Male,Agegroup:5–9years–Rate,3.0,,,ED
2023–2024,Substance-related disorders,Total,Agegroup:5–9years–Rate,3.0,,,ED
2023–2024,Schizophrenic and psychotic disorders,Female,Agegroup:5–9years–Rate,1.0,,,ED
2023–2024,Schizophrenic and psychotic disorders,Male,Agegroup:5–9years–Rate,1.0,,,ED
2023–2024,Schizophrenic and psychotic disorders,Total,Agegroup:5–9years–Rate,1.0,,,ED
2023–2024,Mood disorders,Female,Agegroup:5–9years–Rate,7.0,,,ED
2023–2024,Mood disorders,Male,Agegroup:5–9years–Rate,7.0,,,ED
2023–2024,Mood disorders,Total,Agegroup:5–9years–Rate,7.0,,,ED
2023–2024,Anxiety disorders,Female,Agegroup:5–9years–Rate,36.0,,,ED
2023–2024,Anxiety disorders,Male,Agegroup:5–9years–Rate,26.0,,,ED
2023–2024,Anxiety disorders,Total,Agegroup:5–9years–Rate,31.0,,,ED
2023–2024,Personality disorders,Female,Agegroup:5–9years–Rate,1.0,,,ED
2023–2024,Personality disorders,Male,Agegroup:5–9years–Rate,2.0,,,ED
2023–2024,Personality disorders,Total,Agegroup:5–9years–Rate,2.0,,,ED
2023–2024,Other disorders,Female,Agegroup:5–9years–Rate,68.0,,,ED
2023–2024,Other disorders,Male,Agegroup:5–9years–Rate,131.0,,,ED
2023–2024,Other disorders,Total,Agegroup:5–9years–Rate,100.0,,,ED
2023–2024,   Trauma- and stressor-related disorders,Female,Agegroup:5–9years–Rate,23.0,,,ED
2023–2024,   Trauma- and stressor-related disorders,Male,Agegroup:5–9years–Rate,33.0,,,ED
2023–2024,   Trauma- and stressor-related disorders,Total,Agegroup:5–9years–Rate,28.0,,,ED
2023–2024,"   Disruptive, impulse control and conduct disorders",Female,Agegroup:5–9years–Rate,14.0,,,ED
2023–2024,"   Disruptive, impulse control and conduct disorders",Male,Agegroup:5–9years–Rate,25.0,,,ED
2023–2024,"   Disruptive, impulse control and conduct disorders",Total,Agegroup:5–9years–Rate,20.0,,,ED
2023–2024,   Eating and feeding disorders,Female,Agegroup:5–9years–Rate,4.0,,,ED
2023–2024,   Eating and feeding disorders,Male,Agegroup:5–9years–Rate,2.0,,,ED
2023–2024,   Eating and feeding disorders,Total,Agegroup:5–9years–Rate,3.0,,,ED
2023–2024,   Tic disorders,Female,Agegroup:5–9years–Rate,9.0,,,ED
2023–2024,   Tic disorders,Male,Agegroup:5–9years–Rate,21.0,,,ED
2023–2024,   Tic disorders,Total,Agegroup:5–9years–Rate,15.0,,,ED
2023–2024,   ADHD,Female,Agegroup:5–9years–Rate,6.0,,,ED
2023–2024,   ADHD,Male,Agegroup:5–9years–Rate,22.0,,,ED
2023–2024,   ADHD,Total,Agegroup:5–9years–Rate,14.0,,,ED
2018–2019,Neurocognitive disorders,Female,Agegroup:5–9years–95%CI,4.0,4,8,ED
2018–2019,Neurocognitive disorders,Male,Agegroup:5–9years–95%CI,7.0,7,12,ED
2018–2019,Neurocognitive disorders,Total,Agegroup:5–9years–95%CI,6.0,6,9,ED
2018–2019,Substance-related disorders,Female,Agegroup:5–9years–95%CI,0.0,0,2,ED
2018–2019,Substance-related disorders,Male,Agegroup:5–9years–95%CI,1.0,1,3,ED
2018–2019,Substance-related disorders,Total,Agegroup:5–9years–95%CI,1.0,1,2,ED
2018–2019,Schizophrenic and psychotic disorders,Female,Agegroup:5–9years–95%CI,0.0,0,2,ED
2018–2019,Schizophrenic and psychotic disorders,Male,Agegroup:5–9years–95%CI,2.0,2,4,ED
2018–2019,Schizophrenic and psychotic disorders,Total,Agegroup:5–9years–95%CI,1.0,1,3,ED
2018–2019,Mood disorders,Female,Agegroup:5–9years–95%CI,3.0,3,7,ED
2018–2019,Mood disorders,Male,Agegroup:5–9years–95%CI,11.0,11,17,ED
2018–2019,Mood disorders,Total,Agegroup:5–9years–95%CI,8.0,8,11,ED
2018–2019,Anxiety disorders,Female,Agegroup:5–9years–95%CI,40.0,40,52,ED
2018–2019,Anxiety disorders,Male,Agegroup:5–9years–95%CI,38.0,38,49,ED
2018–2019,Anxiety disorders,Total,Agegroup:5–9years–95%CI,41.0,41,49,ED
2018–2019,Personality disorders,Female,Agegroup:5–9years–95%CI,0.0,0,2,ED
2018–2019,Personality disorders,Male,Agegroup:5–9years–95%CI,1.0,1,4,ED
2018–2019,Personality disorders,Total,Agegroup:5–9years–95%CI,1.0,1,3,ED
2018–2019,Other disorders,Female,Agegroup:5–9years–95%CI,79.0,79,95,ED
2018–2019,Other disorders,Male,Agegroup:5–9years–95%CI,191.0,191,216,ED
2018–2019,Other disorders,Total,Agegroup:5–9years–95%CI,139.0,139,154,ED
2018–2019,   Trauma- and stressor-related disorders,Female,Agegroup:5–9years–95%CI,29.0,29,40,ED
2018–2019,   Trauma- and stressor-related disorders,Male,Agegroup:5–9years–95%CI,57.0,57,70,ED
2018–2019,   Trauma- and stressor-related disorders,Total,Agegroup:5–9years–95%CI,45.0,45,53,ED
2018–2019,"   Disruptive, impulse control and conduct disorders",Female,Agegroup:5–9years–95%CI,16.0,16,23,ED
2018–2019,"   Disruptive, impulse control and conduct disorders",Male,Agegroup:5–9years–95%CI,52.0,52,65,ED
2018–2019,"   Disruptive, impulse control and conduct disorders",Total,Agegroup:5–9years–95%CI,36.0,36,43,ED
2018–2019,   Eating and feeding disorders,Female,Agegroup:5–9years–95%CI,1.0,1,3,ED
2018–2019,   Eating and feeding disorders,Male,Agegroup:5–9years–95%CI,1.0,1,4,ED
2018–2019,   Eating and feeding disorders,Total,Agegroup:5–9years–95%CI,2.0,2,3,ED
2018–2019,   Tic disorders,Female,Agegroup:5–9years–95%CI,6.0,6,11,ED
2018–2019,   Tic disorders,Male,Agegroup:5–9years–95%CI,17.0,17,25,ED
2018–2019,   Tic disorders,Total,Agegroup:5–9years–95%CI,13.0,13,17,ED
2018–2019,   ADHD,Female,Agegroup:5–9years–95%CI,7.0,7,12,ED
2018–2019,   ADHD,Male,Agegroup:5–9years–95%CI,31.0,31,42,ED
2018–2019,   ADHD,Total,Agegroup:5–9years–95%CI,20.0,20,26,ED
2019–2020,Neurocognitive disorders,Female,Agegroup:5–9years–95%CI,4.0,4,8,ED
2019–2020,Neurocognitive disorders,Male,Agegroup:5–9years–95%CI,4.0,4,8,ED
2019–2020,Neurocognitive disorders,Total,Agegroup:5–9years–95%CI,4.0,4,7,ED
2019–2020,Substance-related disorders,Female,Agegroup:5–9years–95%CI,0.0,0,2,ED
2019–2020,Substance-related disorders,Male,Agegroup:5–9years–95%CI,1.0,1,3,ED
2019–2020,Substance-related disorders,Total,Agegroup:5–9years–95%CI,1.0,1,2,ED
2019–2020,Schizophrenic and psychotic disorders,Female,Agegroup:5–9years–95%CI,0.0,0,1,ED
2019–2020,Schizophrenic and psychotic disorders,Male,Agegroup:5–9years–95%CI,0.0,0,1,ED
2019–2020,Schizophrenic and psychotic disorders,Total,Agegroup:5–9years–95%CI,0.0,0,1,ED
2019–2020,Mood disorders,Female,Agegroup:5–9years–95%CI,3.0,3,7,ED
2019–2020,Mood disorders,Male,Agegroup:5–9years–95%CI,8.0,8,13,ED
2019–2020,Mood disorders,Total,Agegroup:5–9years–95%CI,6.0,6,10,ED
2019–2020,Anxiety disorders,Female,Agegroup:5–9years–95%CI,34.0,34,45,ED
2019–2020,Anxiety disorders,Male,Agegroup:5–9years–95%CI,32.0,32,42,ED
2019–2020,Anxiety disorders,Total,Agegroup:5–9years–95%CI,34.0,34,42,ED
2019–2020,Personality disorders,Female,Agegroup:5–9years–95%CI,0.0,0,1,ED
2019–2020,Personality disorders,Male,Agegroup:5–9years–95%CI,1.0,1,4,ED
2019–2020,Personality disorders,Total,Agegroup:5–9years–95%CI,1.0,1,2,ED
2019–2020,Other disorders,Female,Agegroup:5–9years–95%CI,75.0,75,91,ED
2019–2020,Other disorders,Male,Agegroup:5–9years–95%CI,185.0,185,209,ED
2019–2020,Other disorders,Total,Agegroup:5–9years–95%CI,134.0,134,149,ED
2019–2020,   Trauma- and stressor-related disorders,Female,Agegroup:5–9years–95%CI,28.0,28,38,ED
2019–2020,   Trauma- and stressor-related disorders,Male,Agegroup:5–9years–95%CI,51.0,51,64,ED
2019–2020,   Trauma- and stressor-related disorders,Total,Agegroup:5–9years–95%CI,42.0,42,50,ED
2019–2020,"   Disruptive, impulse control and conduct disorders",Female,Agegroup:5–9years–95%CI,17.0,17,25,ED
2019–2020,"   Disruptive, impulse control and conduct disorders",Male,Agegroup:5–9years–95%CI,48.0,48,60,ED
2019–2020,"   Disruptive, impulse control and conduct disorders",Total,Agegroup:5–9years–95%CI,34.0,34,42,ED
2019–2020,   Eating and feeding disorders,Female,Agegroup:5–9years–95%CI,1.0,1,3,ED
2019–2020,   Eating and feeding disorders,Male,Agegroup:5–9years–95%CI,1.0,1,3,ED
2019–2020,   Eating and feeding disorders,Total,Agegroup:5–9years–95%CI,1.0,1,2,ED
2019–2020,   Tic disorders,Female,Agegroup:5–9years–95%CI,5.0,5,10,ED
2019–2020,   Tic disorders,Male,Agegroup:5–9years–95%CI,19.0,19,27,ED
2019–2020,   Tic disorders,Total,Agegroup:5–9years–95%CI,13.0,13,18,ED
2019–2020,   ADHD,Female,Agegroup:5–9years–95%CI,6.0,6,10,ED
2019–2020,   ADHD,Male,Agegroup:5–9years–95%CI,34.0,34,44,ED
2019–2020,   ADHD,Total,Agegroup:5–9years–95%CI,21.0,21,27,ED
2020–2021,Neurocognitive disorders,Female,Agegroup:5–9years–95%CI,1.0,1,4,ED
2020–2021,Neurocognitive disorders,Male,Agegroup:5–9years–95%CI,1.0,1,4,ED
2020–2021,Neurocognitive disorders,Total,Agegroup:5–9years–95%CI,2.0,2,4,ED
2020–2021,Substance-related disorders,Female,Agegroup:5–9years–95%CI,0.0,0,3,ED
2020–2021,Substance-related disorders,Male,Agegroup:5–9years–95%CI,0.0,0,2,ED
2020–2021,Substance-related disorders,Total,Agegroup:5–9years–95%CI,1.0,1,2,ED
2020–2021,Schizophrenic and psychotic disorders,Female,Agegroup:5–9years–95%CI,0.0,0,2,ED
2020–2021,Schizophrenic and psychotic disorders,Male,Agegroup:5–9years–95%CI,0.0,0,2,ED
2020–2021,Schizophrenic and psychotic disorders,Total,Agegroup:5–9years–95%CI,0.0,0,2,ED
2020–2021,Mood disorders,Female,Agegroup:5–9years–95%CI,3.0,3,7,ED
2020–2021,Mood disorders,Male,Agegroup:5–9years–95%CI,4.0,4,9,ED
2020–2021,Mood disorders,Total,Agegroup:5–9years–95%CI,4.0,4,7,ED
2020–2021,Anxiety disorders,Female,Agegroup:5–9years–95%CI,36.0,36,47,ED
2020–2021,Anxiety disorders,Male,Agegroup:5–9years–95%CI,27.0,27,37,ED
2020–2021,Anxiety disorders,Total,Agegroup:5–9years–95%CI,33.0,33,40,ED
2020–2021,Personality disorders,Female,Agegroup:5–9years–95%CI,0.0,0,1,ED
2020–2021,Personality disorders,Male,Agegroup:5–9years–95%CI,1.0,1,3,ED
2020–2021,Personality disorders,Total,Agegroup:5–9years–95%CI,1.0,1,2,ED
2020–2021,Other disorders,Female,Agegroup:5–9years–95%CI,58.0,58,72,ED
2020–2021,Other disorders,Male,Agegroup:5–9years–95%CI,122.0,122,141,ED
2020–2021,Other disorders,Total,Agegroup:5–9years–95%CI,93.0,93,105,ED
2020–2021,   Trauma- and stressor-related disorders,Female,Agegroup:5–9years–95%CI,20.0,20,28,ED
2020–2021,   Trauma- and stressor-related disorders,Male,Agegroup:5–9years–95%CI,34.0,34,45,ED
2020–2021,   Trauma- and stressor-related disorders,Total,Agegroup:5–9years–95%CI,29.0,29,35,ED
2020–2021,"   Disruptive, impulse control and conduct disorders",Female,Agegroup:5–9years–95%CI,10.0,10,16,ED
2020–2021,"   Disruptive, impulse control and conduct disorders",Male,Agegroup:5–9years–95%CI,25.0,25,34,ED
2020–2021,"   Disruptive, impulse control and conduct disorders",Total,Agegroup:5–9years–95%CI,19.0,19,24,ED
2020–2021,   Eating and feeding disorders,Female,Agegroup:5–9years–95%CI,1.0,1,3,ED
2020–2021,   Eating and feeding disorders,Male,Agegroup:5–9years–95%CI,0.0,0,1,ED
2020–2021,   Eating and feeding disorders,Total,Agegroup:5–9years–95%CI,1.0,1,2,ED
2020–2021,   Tic disorders,Female,Agegroup:5–9years–95%CI,9.0,9,15,ED
2020–2021,   Tic disorders,Male,Agegroup:5–9years–95%CI,20.0,20,28,ED
2020–2021,   Tic disorders,Total,Agegroup:5–9years–95%CI,16.0,16,21,ED
2020–2021,   ADHD,Female,Agegroup:5–9years–95%CI,4.0,4,8,ED
2020–2021,   ADHD,Male,Agegroup:5–9years–95%CI,19.0,19,27,ED
2020–2021,   ADHD,Total,Agegroup:5–9years–95%CI,12.0,12,17,ED
2021–2022,Neurocognitive disorders,Female,Agegroup:5–9years–95%CI,1.0,1,4,ED
2021–2022,Neurocognitive disorders,Male,Agegroup:5–9years–95%CI,3.0,3,7,ED
2021–2022,Neurocognitive disorders,Total,Agegroup:5–9years–95%CI,3.0,3,5,ED
2021–2022,Substance-related disorders,Female,Agegroup:5–9years–95%CI,1.0,1,3,ED
2021–2022,Substance-related disorders,Male,Agegroup:5–9years–95%CI,1.0,1,3,ED
2021–2022,Substance-related disorders,Total,Agegroup:5–9years–95%CI,1.0,1,3,ED
2021–2022,Schizophrenic and psychotic disorders,Female,Agegroup:5–9years–95%CI,0.0,0,2,ED
2021–2022,Schizophrenic and psychotic disorders,Male,Agegroup:5–9years–95%CI,0.0,0,1,ED
2021–2022,Schizophrenic and psychotic disorders,Total,Agegroup:5–9years–95%CI,0.0,0,1,ED
2021–2022,Mood disorders,Female,Agegroup:5–9years–95%CI,2.0,2,5,ED
2021–2022,Mood disorders,Male,Agegroup:5–9years–95%CI,5.0,5,10,ED
2021–2022,Mood disorders,Total,Agegroup:5–9years–95%CI,4.0,4,7,ED
2021–2022,Anxiety disorders,Female,Agegroup:5–9years–95%CI,40.0,40,52,ED
2021–2022,Anxiety disorders,Male,Agegroup:5–9years–95%CI,31.0,31,41,ED
2021–2022,Anxiety disorders,Total,Agegroup:5–9years–95%CI,37.0,37,45,ED
2021–2022,Personality disorders,Female,Agegroup:5–9years–95%CI,0.0,0,2,ED
2021–2022,Personality disorders,Male,Agegroup:5–9years–95%CI,1.0,1,3,ED
2021–2022,Personality disorders,Total,Agegroup:5–9years–95%CI,1.0,1,2,ED
2021–2022,Other disorders,Female,Agegroup:5–9years–95%CI,65.0,65,79,ED
2021–2022,Other disorders,Male,Agegroup:5–9years–95%CI,141.0,141,162,ED
2021–2022,Other disorders,Total,Agegroup:5–9years–95%CI,107.0,107,119,ED
2021–2022,   Trauma- and stressor-related disorders,Female,Agegroup:5–9years–95%CI,18.0,18,27,ED
2021–2022,   Trauma- and stressor-related disorders,Male,Agegroup:5–9years–95%CI,35.0,35,46,ED
2021–2022,   Trauma- and stressor-related disorders,Total,Agegroup:5–9years–95%CI,28.0,28,35,ED
2021–2022,"   Disruptive, impulse control and conduct disorders",Female,Agegroup:5–9years–95%CI,11.0,11,17,ED
2021–2022,"   Disruptive, impulse control and conduct disorders",Male,Agegroup:5–9years–95%CI,26.0,26,36,ED
2021–2022,"   Disruptive, impulse control and conduct disorders",Total,Agegroup:5–9years–95%CI,20.0,20,26,ED
2021–2022,   Eating and feeding disorders,Female,Agegroup:5–9years–95%CI,2.0,2,5,ED
2021–2022,   Eating and feeding disorders,Male,Agegroup:5–9years–95%CI,1.0,1,4,ED
2021–2022,   Eating and feeding disorders,Total,Agegroup:5–9years–95%CI,2.0,2,4,ED
2021–2022,   Tic disorders,Female,Agegroup:5–9years–95%CI,8.0,8,13,ED
2021–2022,   Tic disorders,Male,Agegroup:5–9years–95%CI,24.0,24,33,ED
2021–2022,   Tic disorders,Total,Agegroup:5–9years–95%CI,17.0,17,23,ED
2021–2022,   ADHD,Female,Agegroup:5–9years–95%CI,5.0,5,9,ED
2021–2022,   ADHD,Male,Agegroup:5–9years–95%CI,23.0,23,31,ED
2021–2022,   ADHD,Total,Agegroup:5–9years–95%CI,15.0,15,20,ED
2022–2023,Neurocognitive disorders,Female,Agegroup:5–9years–95%CI,2.0,2,5,ED
2022–2023,Neurocognitive disorders,Male,Agegroup:5–9years–95%CI,2.0,2,5,ED
2022–2023,Neurocognitive disorders,Total,Agegroup:5–9years–95%CI,3.0,3,5,ED
2022–2023,Substance-related disorders,Female,Agegroup:5–9years–95%CI,1.0,1,4,ED
2022–2023,Substance-related disorders,Male,Agegroup:5–9years–95%CI,3.0,3,7,ED
2022–2023,Substance-related disorders,Total,Agegroup:5–9years–95%CI,3.0,3,5,ED
2022–2023,Schizophrenic and psychotic disorders,Female,Agegroup:5–9years–95%CI,0.0,0,2,ED
2022–2023,Schizophrenic and psychotic disorders,Male,Agegroup:5–9years–95%CI,0.0,0,2,ED
2022–2023,Schizophrenic and psychotic disorders,Total,Agegroup:5–9years–95%CI,1.0,1,2,ED
2022–2023,Mood disorders,Female,Agegroup:5–9years–95%CI,2.0,2,5,ED
2022–2023,Mood disorders,Male,Agegroup:5–9years–95%CI,5.0,5,9,ED
2022–2023,Mood disorders,Total,Agegroup:5–9years–95%CI,4.0,4,7,ED
2022–2023,Anxiety disorders,Female,Agegroup:5–9years–95%CI,31.0,31,42,ED
2022–2023,Anxiety disorders,Male,Agegroup:5–9years–95%CI,24.0,24,33,ED
2022–2023,Anxiety disorders,Total,Agegroup:5–9years–95%CI,29.0,29,36,ED
2022–2023,Personality disorders,Female,Agegroup:5–9years–95%CI,0.0,0,2,ED
2022–2023,Personality disorders,Male,Agegroup:5–9years–95%CI,1.0,1,3,ED
2022–2023,Personality disorders,Total,Agegroup:5–9years–95%CI,1.0,1,2,ED
2022–2023,Other disorders,Female,Agegroup:5–9years–95%CI,56.0,56,70,ED
2022–2023,Other disorders,Male,Agegroup:5–9years–95%CI,132.0,132,151,ED
2022–2023,Other disorders,Total,Agegroup:5–9years–95%CI,97.0,97,109,ED
2022–2023,   Trauma- and stressor-related disorders,Female,Agegroup:5–9years–95%CI,14.0,14,21,ED
2022–2023,   Trauma- and stressor-related disorders,Male,Agegroup:5–9years–95%CI,33.0,33,43,ED
2022–2023,   Trauma- and stressor-related disorders,Total,Agegroup:5–9years–95%CI,25.0,25,31,ED
2022–2023,"   Disruptive, impulse control and conduct disorders",Female,Agegroup:5–9years–95%CI,11.0,11,18,ED
2022–2023,"   Disruptive, impulse control and conduct disorders",Male,Agegroup:5–9years–95%CI,25.0,25,34,ED
2022–2023,"   Disruptive, impulse control and conduct disorders",Total,Agegroup:5–9years–95%CI,20.0,20,25,ED
2022–2023,   Eating and feeding disorders,Female,Agegroup:5–9years–95%CI,2.0,2,6,ED
2022–2023,   Eating and feeding disorders,Male,Agegroup:5–9years–95%CI,1.0,1,4,ED
2022–2023,   Eating and feeding disorders,Total,Agegroup:5–9years–95%CI,2.0,2,4,ED
2022–2023,   Tic disorders,Female,Agegroup:5–9years–95%CI,5.0,5,10,ED
2022–2023,   Tic disorders,Male,Agegroup:5–9years–95%CI,18.0,18,26,ED
2022–2023,   Tic disorders,Total,Agegroup:5–9years–95%CI,13.0,13,17,ED
2022–2023,   ADHD,Female,Agegroup:5–9years–95%CI,5.0,5,9,ED
2022–2023,   ADHD,Male,Agegroup:5–9years–95%CI,21.0,21,29,ED
2022–2023,   ADHD,Total,Agegroup:5–9years–95%CI,14.0,14,19,ED
2023–2024,Neurocognitive disorders,Female,Agegroup:5–9years–95%CI,2.0,2,6,ED
2023–2024,Neurocognitive disorders,Male,Agegroup:5–9years–95%CI,2.0,2,6,ED
2023–2024,Neurocognitive disorders,Total,Agegroup:5–9years–95%CI,3.0,3,5,ED
2023–2024,Substance-related disorders,Female,Agegroup:5–9years–95%CI,1.0,1,4,ED
2023–2024,Substance-related disorders,Male,Agegroup:5–9years–95%CI,1.0,1,4,ED
2023–2024,Substance-related disorders,Total,Agegroup:5–9years–95%CI,2.0,2,4,ED
2023–2024,Schizophrenic and psychotic disorders,Female,Agegroup:5–9years–95%CI,0.0,0,1,ED
2023–2024,Schizophrenic and psychotic disorders,Male,Agegroup:5–9years–95%CI,0.0,0,2,ED
2023–2024,Schizophrenic and psychotic disorders,Total,Agegroup:5–9years–95%CI,0.0,0,2,ED
2023–2024,Mood disorders,Female,Agegroup:5–9years–95%CI,5.0,5,9,ED
2023–2024,Mood disorders,Male,Agegroup:5–9years–95%CI,5.0,5,9,ED
2023–2024,Mood disorders,Total,Agegroup:5–9years–95%CI,5.0,5,9,ED
2023–2024,Anxiety disorders,Female,Agegroup:5–9years–95%CI,31.0,31,41,ED
2023–2024,Anxiety disorders,Male,Agegroup:5–9years–95%CI,22.0,22,30,ED
2023–2024,Anxiety disorders,Total,Agegroup:5–9years–95%CI,27.0,27,34,ED
2023–2024,Personality disorders,Female,Agegroup:5–9years–95%CI,0.0,0,2,ED
2023–2024,Personality disorders,Male,Agegroup:5–9years–95%CI,1.0,1,4,ED
2023–2024,Personality disorders,Total,Agegroup:5–9years–95%CI,1.0,1,3,ED
2023–2024,Other disorders,Female,Agegroup:5–9years–95%CI,61.0,61,75,ED
2023–2024,Other disorders,Male,Agegroup:5–9years–95%CI,122.0,122,141,ED
2023–2024,Other disorders,Total,Agegroup:5–9years–95%CI,94.0,94,106,ED
2023–2024,   Trauma- and stressor-related disorders,Female,Agegroup:5–9years–95%CI,19.0,19,27,ED
2023–2024,   Trauma- and stressor-related disorders,Male,Agegroup:5–9years–95%CI,29.0,29,38,ED
2023–2024,   Trauma- and stressor-related disorders,Total,Agegroup:5–9years–95%CI,25.0,25,31,ED
2023–2024,"   Disruptive, impulse control and conduct disorders",Female,Agegroup:5–9years–95%CI,11.0,11,17,ED
2023–2024,"   Disruptive, impulse control and conduct disorders",Male,Agegroup:5–9years–95%CI,21.0,21,29,ED
2023–2024,"   Disruptive, impulse control and conduct disorders",Total,Agegroup:5–9years–95%CI,17.0,17,22,ED
2023–2024,   Eating and feeding disorders,Female,Agegroup:5–9years–95%CI,2.0,2,5,ED
2023–2024,   Eating and feeding disorders,Male,Agegroup:5–9years–95%CI,1.0,1,3,ED
2023–2024,   Eating and feeding disorders,Total,Agegroup:5–9years–95%CI,2.0,2,4,ED
2023–2024,   Tic disorders,Female,Agegroup:5–9years–95%CI,6.0,6,11,ED
2023–2024,   Tic disorders,Male,Agegroup:5–9years–95%CI,17.0,17,24,ED
2023–2024,   Tic disorders,Total,Agegroup:5–9years–95%CI,13.0,13,17,ED
2023–2024,   ADHD,Female,Agegroup:5–9years–95%CI,4.0,4,8,ED
2023–2024,   ADHD,Male,Agegroup:5–9years–95%CI,18.0,18,26,ED
2023–2024,   ADHD,Total,Agegroup:5–9years–95%CI,12.0,12,17,ED
2018–2019,Neurocognitive disorders,Female,Agegroup:10–14years–Rate,21.0,,,ED
2018–2019,Neurocognitive disorders,Male,Agegroup:10–14years–Rate,17.0,,,ED
2018–2019,Neurocognitive disorders,Total,Agegroup:10–14years–Rate,19.0,,,ED
2018–2019,Substance-related disorders,Female,Agegroup:10–14years–Rate,74.0,,,ED
2018–2019,Substance-related disorders,Male,Agegroup:10–14years–Rate,64.0,,,ED
2018–2019,Substance-related disorders,Total,Agegroup:10–14years–Rate,69.0,,,ED
2018–2019,Schizophrenic and psychotic disorders,Female,Agegroup:10–14years–Rate,14.0,,,ED
2018–2019,Schizophrenic and psychotic disorders,Male,Agegroup:10–14years–Rate,12.0,,,ED
2018–2019,Schizophrenic and psychotic disorders,Total,Agegroup:10–14years–Rate,13.0,,,ED
2018–2019,Mood disorders,Female,Agegroup:10–14years–Rate,369.0,,,ED
2018–2019,Mood disorders,Male,Agegroup:10–14years–Rate,134.0,,,ED
2018–2019,Mood disorders,Total,Agegroup:10–14years–Rate,249.0,,,ED
2018–2019,Anxiety disorders,Female,Agegroup:10–14years–Rate,302.0,,,ED
2018–2019,Anxiety disorders,Male,Agegroup:10–14years–Rate,135.0,,,ED
2018–2019,Anxiety disorders,Total,Agegroup:10–14years–Rate,216.0,,,ED
2018–2019,Personality disorders,Female,Agegroup:10–14years–Rate,15.0,,,ED
2018–2019,Personality disorders,Male,Agegroup:10–14years–Rate,6.0,,,ED
2018–2019,Personality disorders,Total,Agegroup:10–14years–Rate,10.0,,,ED
2018–2019,Other disorders,Female,Agegroup:10–14years–Rate,529.0,,,ED
2018–2019,Other disorders,Male,Agegroup:10–14years–Rate,384.0,,,ED
2018–2019,Other disorders,Total,Agegroup:10–14years–Rate,455.0,,,ED
2018–2019,   Trauma- and stressor-related disorders,Female,Agegroup:10–14years–Rate,405.0,,,ED
2018–2019,   Trauma- and stressor-related disorders,Male,Agegroup:10–14years–Rate,224.0,,,ED
2018–2019,   Trauma- and stressor-related disorders,Total,Agegroup:10–14years–Rate,312.0,,,ED
2018–2019,"   Disruptive, impulse control and conduct disorders",Female,Agegroup:10–14years–Rate,52.0,,,ED
2018–2019,"   Disruptive, impulse control and conduct disorders",Male,Agegroup:10–14years–Rate,71.0,,,ED
2018–2019,"   Disruptive, impulse control and conduct disorders",Total,Agegroup:10–14years–Rate,62.0,,,ED
2018–2019,   Eating and feeding disorders,Female,Agegroup:10–14years–Rate,25.0,,,ED
2018–2019,   Eating and feeding disorders,Male,Agegroup:10–14years–Rate,4.0,,,ED
2018–2019,   Eating and feeding disorders,Total,Agegroup:10–14years–Rate,14.0,,,ED
2018–2019,   Tic disorders,Female,Agegroup:10–14years–Rate,6.0,,,ED
2018–2019,   Tic disorders,Male,Agegroup:10–14years–Rate,9.0,,,ED
2018–2019,   Tic disorders,Total,Agegroup:10–14years–Rate,8.0,,,ED
2018–2019,   ADHD,Female,Agegroup:10–14years–Rate,18.0,,,ED
2018–2019,   ADHD,Male,Agegroup:10–14years–Rate,44.0,,,ED
2018–2019,   ADHD,Total,Agegroup:10–14years–Rate,31.0,,,ED
2019–2020,Neurocognitive disorders,Female,Agegroup:10–14years–Rate,19.0,,,ED
2019–2020,Neurocognitive disorders,Male,Agegroup:10–14years–Rate,15.0,,,ED
2019–2020,Neurocognitive disorders,Total,Agegroup:10–14years–Rate,17.0,,,ED
2019–2020,Substance-related disorders,Female,Agegroup:10–14years–Rate,80.0,,,ED
2019–2020,Substance-related disorders,Male,Agegroup:10–14years–Rate,65.0,,,ED
2019–2020,Substance-related disorders,Total,Agegroup:10–14years–Rate,72.0,,,ED
2019–2020,Schizophrenic and psychotic disorders,Female,Agegroup:10–14years–Rate,13.0,,,ED
2019–2020,Schizophrenic and psychotic disorders,Male,Agegroup:10–14years–Rate,9.0,,,ED
2019–2020,Schizophrenic and psychotic disorders,Total,Agegroup:10–14years–Rate,11.0,,,ED
2019–2020,Mood disorders,Female,Agegroup:10–14years–Rate,356.0,,,ED
2019–2020,Mood disorders,Male,Agegroup:10–14years–Rate,126.0,,,ED
2019–2020,Mood disorders,Total,Agegroup:10–14years–Rate,238.0,,,ED
2019–2020,Anxiety disorders,Female,Agegroup:10–14years–Rate,303.0,,,ED
2019–2020,Anxiety disorders,Male,Agegroup:10–14years–Rate,139.0,,,ED
2019–2020,Anxiety disorders,Total,Agegroup:10–14years–Rate,219.0,,,ED
2019–2020,Personality disorders,Female,Agegroup:10–14years–Rate,16.0,,,ED
2019–2020,Personality disorders,Male,Agegroup:10–14years–Rate,5.0,,,ED
2019–2020,Personality disorders,Total,Agegroup:10–14years–Rate,10.0,,,ED
2019–2020,Other disorders,Female,Agegroup:10–14years–Rate,525.0,,,ED
2019–2020,Other disorders,Male,Agegroup:10–14years–Rate,372.0,,,ED
2019–2020,Other disorders,Total,Agegroup:10–14years–Rate,447.0,,,ED
2019–2020,   Trauma- and stressor-related disorders,Female,Agegroup:10–14years–Rate,397.0,,,ED
2019–2020,   Trauma- and stressor-related disorders,Male,Agegroup:10–14years–Rate,222.0,,,ED
2019–2020,   Trauma- and stressor-related disorders,Total,Agegroup:10–14years–Rate,307.0,,,ED
2019–2020,"   Disruptive, impulse control and conduct disorders",Female,Agegroup:10–14years–Rate,53.0,,,ED
2019–2020,"   Disruptive, impulse control and conduct disorders",Male,Agegroup:10–14years–Rate,76.0,,,ED
2019–2020,"   Disruptive, impulse control and conduct disorders",Total,Agegroup:10–14years–Rate,65.0,,,ED
2019–2020,   Eating and feeding disorders,Female,Agegroup:10–14years–Rate,25.0,,,ED
2019–2020,   Eating and feeding disorders,Male,Agegroup:10–14years–Rate,4.0,,,ED
2019–2020,   Eating and feeding disorders,Total,Agegroup:10–14years–Rate,14.0,,,ED
2019–2020,   Tic disorders,Female,Agegroup:10–14years–Rate,7.0,,,ED
2019–2020,   Tic disorders,Male,Agegroup:10–14years–Rate,9.0,,,ED
2019–2020,   Tic disorders,Total,Agegroup:10–14years–Rate,8.0,,,ED
2019–2020,   ADHD,Female,Agegroup:10–14years–Rate,20.0,,,ED
2019–2020,   ADHD,Male,Agegroup:10–14years–Rate,45.0,,,ED
2019–2020,   ADHD,Total,Agegroup:10–14years–Rate,33.0,,,ED
2020–2021,Neurocognitive disorders,Female,Agegroup:10–14years–Rate,6.0,,,ED
2020–2021,Neurocognitive disorders,Male,Agegroup:10–14years–Rate,4.0,,,ED
2020–2021,Neurocognitive disorders,Total,Agegroup:10–14years–Rate,5.0,,,ED
2020–2021,Substance-related disorders,Female,Agegroup:10–14years–Rate,54.0,,,ED
2020–2021,Substance-related disorders,Male,Agegroup:10–14years–Rate,41.0,,,ED
2020–2021,Substance-related disorders,Total,Agegroup:10–14years–Rate,47.0,,,ED
2020–2021,Schizophrenic and psychotic disorders,Female,Agegroup:10–14years–Rate,17.0,,,ED
2020–2021,Schizophrenic and psychotic disorders,Male,Agegroup:10–14years–Rate,10.0,,,ED
2020–2021,Schizophrenic and psychotic disorders,Total,Agegroup:10–14years–Rate,13.0,,,ED
2020–2021,Mood disorders,Female,Agegroup:10–14years–Rate,355.0,,,ED
2020–2021,Mood disorders,Male,Agegroup:10–14years–Rate,88.0,,,ED
2020–2021,Mood disorders,Total,Agegroup:10–14years–Rate,217.0,,,ED
2020–2021,Anxiety disorders,Female,Agegroup:10–14years–Rate,310.0,,,ED
2020–2021,Anxiety disorders,Male,Agegroup:10–14years–Rate,101.0,,,ED
2020–2021,Anxiety disorders,Total,Agegroup:10–14years–Rate,203.0,,,ED
2020–2021,Personality disorders,Female,Agegroup:10–14years–Rate,18.0,,,ED
2020–2021,Personality disorders,Male,Agegroup:10–14years–Rate,5.0,,,ED
2020–2021,Personality disorders,Total,Agegroup:10–14years–Rate,12.0,,,ED
2020–2021,Other disorders,Female,Agegroup:10–14years–Rate,496.0,,,ED
2020–2021,Other disorders,Male,Agegroup:10–14years–Rate,251.0,,,ED
2020–2021,Other disorders,Total,Agegroup:10–14years–Rate,370.0,,,ED
2020–2021,   Trauma- and stressor-related disorders,Female,Agegroup:10–14years–Rate,333.0,,,ED
2020–2021,   Trauma- and stressor-related disorders,Male,Agegroup:10–14years–Rate,142.0,,,ED
2020–2021,   Trauma- and stressor-related disorders,Total,Agegroup:10–14years–Rate,235.0,,,ED
2020–2021,"   Disruptive, impulse control and conduct disorders",Female,Agegroup:10–14years–Rate,40.0,,,ED
2020–2021,"   Disruptive, impulse control and conduct disorders",Male,Agegroup:10–14years–Rate,51.0,,,ED
2020–2021,"   Disruptive, impulse control and conduct disorders",Total,Agegroup:10–14years–Rate,45.0,,,ED
2020–2021,   Eating and feeding disorders,Female,Agegroup:10–14years–Rate,57.0,,,ED
2020–2021,   Eating and feeding disorders,Male,Agegroup:10–14years–Rate,4.0,,,ED
2020–2021,   Eating and feeding disorders,Total,Agegroup:10–14years–Rate,30.0,,,ED
2020–2021,   Tic disorders,Female,Agegroup:10–14years–Rate,30.0,,,ED
2020–2021,   Tic disorders,Male,Agegroup:10–14years–Rate,10.0,,,ED
2020–2021,   Tic disorders,Total,Agegroup:10–14years–Rate,20.0,,,ED
2020–2021,   ADHD,Female,Agegroup:10–14years–Rate,20.0,,,ED
2020–2021,   ADHD,Male,Agegroup:10–14years–Rate,29.0,,,ED
2020–2021,   ADHD,Total,Agegroup:10–14years–Rate,24.0,,,ED
2021–2022,Neurocognitive disorders,Female,Agegroup:10–14years–Rate,9.0,,,ED
2021–2022,Neurocognitive disorders,Male,Agegroup:10–14years–Rate,8.0,,,ED
2021–2022,Neurocognitive disorders,Total,Agegroup:10–14years–Rate,9.0,,,ED
2021–2022,Substance-related disorders,Female,Agegroup:10–14years–Rate,80.0,,,ED
2021–2022,Substance-related disorders,Male,Agegroup:10–14years–Rate,45.0,,,ED
2021–2022,Substance-related disorders,Total,Agegroup:10–14years–Rate,62.0,,,ED
2021–2022,Schizophrenic and psychotic disorders,Female,Agegroup:10–14years–Rate,16.0,,,ED
2021–2022,Schizophrenic and psychotic disorders,Male,Agegroup:10–14years–Rate,9.0,,,ED
2021–2022,Schizophrenic and psychotic disorders,Total,Agegroup:10–14years–Rate,12.0,,,ED
2021–2022,Mood disorders,Female,Agegroup:10–14years–Rate,443.0,,,ED
2021–2022,Mood disorders,Male,Agegroup:10–14years–Rate,111.0,,,ED
2021–2022,Mood disorders,Total,Agegroup:10–14years–Rate,271.0,,,ED
2021–2022,Anxiety disorders,Female,Agegroup:10–14years–Rate,381.0,,,ED
2021–2022,Anxiety disorders,Male,Agegroup:10–14years–Rate,111.0,,,ED
2021–2022,Anxiety disorders,Total,Agegroup:10–14years–Rate,242.0,,,ED
2021–2022,Personality disorders,Female,Agegroup:10–14years–Rate,27.0,,,ED
2021–2022,Personality disorders,Male,Agegroup:10–14years–Rate,6.0,,,ED
2021–2022,Personality disorders,Total,Agegroup:10–14years–Rate,16.0,,,ED
2021–2022,Other disorders,Female,Agegroup:10–14years–Rate,618.0,,,ED
2021–2022,Other disorders,Male,Agegroup:10–14years–Rate,303.0,,,ED
2021–2022,Other disorders,Total,Agegroup:10–14years–Rate,455.0,,,ED
2021–2022,   Trauma- and stressor-related disorders,Female,Agegroup:10–14years–Rate,420.0,,,ED
2021–2022,   Trauma- and stressor-related disorders,Male,Agegroup:10–14years–Rate,172.0,,,ED
2021–2022,   Trauma- and stressor-related disorders,Total,Agegroup:10–14years–Rate,292.0,,,ED
2021–2022,"   Disruptive, impulse control and conduct disorders",Female,Agegroup:10–14years–Rate,45.0,,,ED
2021–2022,"   Disruptive, impulse control and conduct disorders",Male,Agegroup:10–14years–Rate,60.0,,,ED
2021–2022,"   Disruptive, impulse control and conduct disorders",Total,Agegroup:10–14years–Rate,53.0,,,ED
2021–2022,   Eating and feeding disorders,Female,Agegroup:10–14years–Rate,74.0,,,ED
2021–2022,   Eating and feeding disorders,Male,Agegroup:10–14years–Rate,6.0,,,ED
2021–2022,   Eating and feeding disorders,Total,Agegroup:10–14years–Rate,39.0,,,ED
2021–2022,   Tic disorders,Female,Agegroup:10–14years–Rate,26.0,,,ED
2021–2022,   Tic disorders,Male,Agegroup:10–14years–Rate,11.0,,,ED
2021–2022,   Tic disorders,Total,Agegroup:10–14years–Rate,18.0,,,ED
2021–2022,   ADHD,Female,Agegroup:10–14years–Rate,25.0,,,ED
2021–2022,   ADHD,Male,Agegroup:10–14years–Rate,39.0,,,ED
2021–2022,   ADHD,Total,Agegroup:10–14years–Rate,32.0,,,ED
2022–2023,Neurocognitive disorders,Female,Agegroup:10–14years–Rate,9.0,,,ED
2022–2023,Neurocognitive disorders,Male,Agegroup:10–14years–Rate,7.0,,,ED
2022–2023,Neurocognitive disorders,Total,Agegroup:10–14years–Rate,8.0,,,ED
2022–2023,Substance-related disorders,Female,Agegroup:10–14years–Rate,89.0,,,ED
2022–2023,Substance-related disorders,Male,Agegroup:10–14years–Rate,45.0,,,ED
2022–2023,Substance-related disorders,Total,Agegroup:10–14years–Rate,66.0,,,ED
2022–2023,Schizophrenic and psychotic disorders,Female,Agegroup:10–14years–Rate,11.0,,,ED
2022–2023,Schizophrenic and psychotic disorders,Male,Agegroup:10–14years–Rate,12.0,,,ED
2022–2023,Schizophrenic and psychotic disorders,Total,Agegroup:10–14years–Rate,11.0,,,ED
2022–2023,Mood disorders,Female,Agegroup:10–14years–Rate,355.0,,,ED
2022–2023,Mood disorders,Male,Agegroup:10–14years–Rate,95.0,,,ED
2022–2023,Mood disorders,Total,Agegroup:10–14years–Rate,221.0,,,ED
2022–2023,Anxiety disorders,Female,Agegroup:10–14years–Rate,317.0,,,ED
2022–2023,Anxiety disorders,Male,Agegroup:10–14years–Rate,112.0,,,ED
2022–2023,Anxiety disorders,Total,Agegroup:10–14years–Rate,211.0,,,ED
2022–2023,Personality disorders,Female,Agegroup:10–14years–Rate,24.0,,,ED
2022–2023,Personality disorders,Male,Agegroup:10–14years–Rate,6.0,,,ED
2022–2023,Personality disorders,Total,Agegroup:10–14years–Rate,15.0,,,ED
2022–2023,Other disorders,Female,Agegroup:10–14years–Rate,527.0,,,ED
2022–2023,Other disorders,Male,Agegroup:10–14years–Rate,292.0,,,ED
2022–2023,Other disorders,Total,Agegroup:10–14years–Rate,406.0,,,ED
2022–2023,   Trauma- and stressor-related disorders,Female,Agegroup:10–14years–Rate,372.0,,,ED
2022–2023,   Trauma- and stressor-related disorders,Male,Agegroup:10–14years–Rate,157.0,,,ED
2022–2023,   Trauma- and stressor-related disorders,Total,Agegroup:10–14years–Rate,261.0,,,ED
2022–2023,"   Disruptive, impulse control and conduct disorders",Female,Agegroup:10–14years–Rate,43.0,,,ED
2022–2023,"   Disruptive, impulse control and conduct disorders",Male,Agegroup:10–14years–Rate,54.0,,,ED
2022–2023,"   Disruptive, impulse control and conduct disorders",Total,Agegroup:10–14years–Rate,49.0,,,ED
2022–2023,   Eating and feeding disorders,Female,Agegroup:10–14years–Rate,52.0,,,ED
2022–2023,   Eating and feeding disorders,Male,Agegroup:10–14years–Rate,6.0,,,ED
2022–2023,   Eating and feeding disorders,Total,Agegroup:10–14years–Rate,28.0,,,ED
2022–2023,   Tic disorders,Female,Agegroup:10–14years–Rate,12.0,,,ED
2022–2023,   Tic disorders,Male,Agegroup:10–14years–Rate,10.0,,,ED
2022–2023,   Tic disorders,Total,Agegroup:10–14years–Rate,11.0,,,ED
2022–2023,   ADHD,Female,Agegroup:10–14years–Rate,22.0,,,ED
2022–2023,   ADHD,Male,Agegroup:10–14years–Rate,32.0,,,ED
2022–2023,   ADHD,Total,Agegroup:10–14years–Rate,27.0,,,ED
2023–2024,Neurocognitive disorders,Female,Agegroup:10–14years–Rate,9.0,,,ED
2023–2024,Neurocognitive disorders,Male,Agegroup:10–14years–Rate,8.0,,,ED
2023–2024,Neurocognitive disorders,Total,Agegroup:10–14years–Rate,9.0,,,ED
2023–2024,Substance-related disorders,Female,Agegroup:10–14years–Rate,94.0,,,ED
2023–2024,Substance-related disorders,Male,Agegroup:10–14years–Rate,52.0,,,ED
2023–2024,Substance-related disorders,Total,Agegroup:10–14years–Rate,72.0,,,ED
2023–2024,Schizophrenic and psychotic disorders,Female,Agegroup:10–14years–Rate,13.0,,,ED
2023–2024,Schizophrenic and psychotic disorders,Male,Agegroup:10–14years–Rate,9.0,,,ED
2023–2024,Schizophrenic and psychotic disorders,Total,Agegroup:10–14years–Rate,11.0,,,ED
2023–2024,Mood disorders,Female,Agegroup:10–14years–Rate,278.0,,,ED
2023–2024,Mood disorders,Male,Agegroup:10–14years–Rate,86.0,,,ED
2023–2024,Mood disorders,Total,Agegroup:10–14years–Rate,179.0,,,ED
2023–2024,Anxiety disorders,Female,Agegroup:10–14years–Rate,261.0,,,ED
2023–2024,Anxiety disorders,Male,Agegroup:10–14years–Rate,107.0,,,ED
2023–2024,Anxiety disorders,Total,Agegroup:10–14years–Rate,182.0,,,ED
2023–2024,Personality disorders,Female,Agegroup:10–14years–Rate,21.0,,,ED
2023–2024,Personality disorders,Male,Agegroup:10–14years–Rate,6.0,,,ED
2023–2024,Personality disorders,Total,Agegroup:10–14years–Rate,13.0,,,ED
2023–2024,Other disorders,Female,Agegroup:10–14years–Rate,440.0,,,ED
2023–2024,Other disorders,Male,Agegroup:10–14years–Rate,274.0,,,ED
2023–2024,Other disorders,Total,Agegroup:10–14years–Rate,355.0,,,ED
2023–2024,   Trauma- and stressor-related disorders,Female,Agegroup:10–14years–Rate,311.0,,,ED
2023–2024,   Trauma- and stressor-related disorders,Male,Agegroup:10–14years–Rate,152.0,,,ED
2023–2024,   Trauma- and stressor-related disorders,Total,Agegroup:10–14years–Rate,229.0,,,ED
2023–2024,"   Disruptive, impulse control and conduct disorders",Female,Agegroup:10–14years–Rate,42.0,,,ED
2023–2024,"   Disruptive, impulse control and conduct disorders",Male,Agegroup:10–14years–Rate,48.0,,,ED
2023–2024,"   Disruptive, impulse control and conduct disorders",Total,Agegroup:10–14years–Rate,45.0,,,ED
2023–2024,   Eating and feeding disorders,Female,Agegroup:10–14years–Rate,41.0,,,ED
2023–2024,   Eating and feeding disorders,Male,Agegroup:10–14years–Rate,4.0,,,ED
2023–2024,   Eating and feeding disorders,Total,Agegroup:10–14years–Rate,22.0,,,ED
2023–2024,   Tic disorders,Female,Agegroup:10–14years–Rate,8.0,,,ED
2023–2024,   Tic disorders,Male,Agegroup:10–14years–Rate,7.0,,,ED
2023–2024,   Tic disorders,Total,Agegroup:10–14years–Rate,7.0,,,ED
2023–2024,   ADHD,Female,Agegroup:10–14years–Rate,17.0,,,ED
2023–2024,   ADHD,Male,Agegroup:10–14years–Rate,31.0,,,ED
2023–2024,   ADHD,Total,Agegroup:10–14years–Rate,24.0,,,ED
2018–2019,Neurocognitive disorders,Female,Agegroup:10–14years–95%CI,17.0,17,25,ED
2018–2019,Neurocognitive disorders,Male,Agegroup:10–14years–95%CI,13.0,13,20,ED
2018–2019,Neurocognitive disorders,Total,Agegroup:10–14years–95%CI,16.0,16,21,ED
2018–2019,Substance-related disorders,Female,Agegroup:10–14years–95%CI,66.0,66,81,ED
2018–2019,Substance-related disorders,Male,Agegroup:10–14years–95%CI,57.0,57,71,ED
2018–2019,Substance-related disorders,Total,Agegroup:10–14years–95%CI,64.0,64,74,ED
2018–2019,Schizophrenic and psychotic disorders,Female,Agegroup:10–14years–95%CI,11.0,11,17,ED
2018–2019,Schizophrenic and psychotic disorders,Male,Agegroup:10–14years–95%CI,9.0,9,15,ED
2018–2019,Schizophrenic and psychotic disorders,Total,Agegroup:10–14years–95%CI,11.0,11,15,ED
2018–2019,Mood disorders,Female,Agegroup:10–14years–95%CI,353.0,353,386,ED
2018–2019,Mood disorders,Male,Agegroup:10–14years–95%CI,124.0,124,144,ED
2018–2019,Mood disorders,Total,Agegroup:10–14years–95%CI,239.0,239,258,ED
2018–2019,Anxiety disorders,Female,Agegroup:10–14years–95%CI,287.0,287,317,ED
2018–2019,Anxiety disorders,Male,Agegroup:10–14years–95%CI,125.0,125,145,ED
2018–2019,Anxiety disorders,Total,Agegroup:10–14years–95%CI,208.0,208,225,ED
2018–2019,Personality disorders,Female,Agegroup:10–14years–95%CI,12.0,12,18,ED
2018–2019,Personality disorders,Male,Agegroup:10–14years–95%CI,4.0,4,8,ED
2018–2019,Personality disorders,Total,Agegroup:10–14years–95%CI,8.0,8,12,ED
2018–2019,Other disorders,Female,Agegroup:10–14years–95%CI,510.0,510,549,ED
2018–2019,Other disorders,Male,Agegroup:10–14years–95%CI,368.0,368,401,ED
2018–2019,Other disorders,Total,Agegroup:10–14years–95%CI,442.0,442,468,ED
2018–2019,   Trauma- and stressor-related disorders,Female,Agegroup:10–14years–95%CI,387.0,387,422,ED
2018–2019,   Trauma- and stressor-related disorders,Male,Agegroup:10–14years–95%CI,212.0,212,237,ED
2018–2019,   Trauma- and stressor-related disorders,Total,Agegroup:10–14years–95%CI,301.0,301,323,ED
2018–2019,"   Disruptive, impulse control and conduct disorders",Female,Agegroup:10–14years–95%CI,46.0,46,58,ED
2018–2019,"   Disruptive, impulse control and conduct disorders",Male,Agegroup:10–14years–95%CI,64.0,64,78,ED
2018–2019,"   Disruptive, impulse control and conduct disorders",Total,Agegroup:10–14years–95%CI,57.0,57,67,ED
2018–2019,   Eating and feeding disorders,Female,Agegroup:10–14years–95%CI,21.0,21,30,ED
2018–2019,   Eating and feeding disorders,Male,Agegroup:10–14years–95%CI,2.0,2,6,ED
2018–2019,   Eating and feeding disorders,Total,Agegroup:10–14years–95%CI,12.0,12,17,ED
2018–2019,   Tic disorders,Female,Agegroup:10–14years–95%CI,4.0,4,8,ED
2018–2019,   Tic disorders,Male,Agegroup:10–14years–95%CI,7.0,7,12,ED
2018–2019,   Tic disorders,Total,Agegroup:10–14years–95%CI,6.0,6,9,ED
2018–2019,   ADHD,Female,Agegroup:10–14years–95%CI,15.0,15,22,ED
2018–2019,   ADHD,Male,Agegroup:10–14years–95%CI,38.0,38,49,ED
2018–2019,   ADHD,Total,Agegroup:10–14years–95%CI,28.0,28,35,ED
2019–2020,Neurocognitive disorders,Female,Agegroup:10–14years–95%CI,15.0,15,22,ED
2019–2020,Neurocognitive disorders,Male,Agegroup:10–14years–95%CI,12.0,12,19,ED
2019–2020,Neurocognitive disorders,Total,Agegroup:10–14years–95%CI,15.0,15,19,ED
2019–2020,Substance-related disorders,Female,Agegroup:10–14years–95%CI,73.0,73,88,ED
2019–2020,Substance-related disorders,Male,Agegroup:10–14years–95%CI,58.0,58,72,ED
2019–2020,Substance-related disorders,Total,Agegroup:10–14years–95%CI,67.0,67,77,ED
2019–2020,Schizophrenic and psychotic disorders,Female,Agegroup:10–14years–95%CI,10.0,10,16,ED
2019–2020,Schizophrenic and psychotic disorders,Male,Agegroup:10–14years–95%CI,6.0,6,11,ED
2019–2020,Schizophrenic and psychotic disorders,Total,Agegroup:10–14years–95%CI,9.0,9,13,ED
2019–2020,Mood disorders,Female,Agegroup:10–14years–95%CI,340.0,340,373,ED
2019–2020,Mood disorders,Male,Agegroup:10–14years–95%CI,117.0,117,136,ED
2019–2020,Mood disorders,Total,Agegroup:10–14years–95%CI,229.0,229,247,ED
2019–2020,Anxiety disorders,Female,Agegroup:10–14years–95%CI,288.0,288,318,ED
2019–2020,Anxiety disorders,Male,Agegroup:10–14years–95%CI,129.0,129,149,ED
2019–2020,Anxiety disorders,Total,Agegroup:10–14years–95%CI,210.0,210,228,ED
2019–2020,Personality disorders,Female,Agegroup:10–14years–95%CI,13.0,13,20,ED
2019–2020,Personality disorders,Male,Agegroup:10–14years–95%CI,3.0,3,7,ED
2019–2020,Personality disorders,Total,Agegroup:10–14years–95%CI,8.0,8,12,ED
2019–2020,Other disorders,Female,Agegroup:10–14years–95%CI,505.0,505,545,ED
2019–2020,Other disorders,Male,Agegroup:10–14years–95%CI,356.0,356,388,ED
2019–2020,Other disorders,Total,Agegroup:10–14years–95%CI,434.0,434,459,ED
2019–2020,   Trauma- and stressor-related disorders,Female,Agegroup:10–14years–95%CI,379.0,379,414,ED
2019–2020,   Trauma- and stressor-related disorders,Male,Agegroup:10–14years–95%CI,210.0,210,234,ED
2019–2020,   Trauma- and stressor-related disorders,Total,Agegroup:10–14years–95%CI,296.0,296,317,ED
2019–2020,"   Disruptive, impulse control and conduct disorders",Female,Agegroup:10–14years–95%CI,46.0,46,59,ED
2019–2020,"   Disruptive, impulse control and conduct disorders",Male,Agegroup:10–14years–95%CI,69.0,69,83,ED
2019–2020,"   Disruptive, impulse control and conduct disorders",Total,Agegroup:10–14years–95%CI,60.0,60,70,ED
2019–2020,   Eating and feeding disorders,Female,Agegroup:10–14years–95%CI,21.0,21,29,ED
2019–2020,   Eating and feeding disorders,Male,Agegroup:10–14years–95%CI,2.0,2,6,ED
2019–2020,   Eating and feeding disorders,Total,Agegroup:10–14years–95%CI,12.0,12,16,ED
2019–2020,   Tic disorders,Female,Agegroup:10–14years–95%CI,5.0,5,9,ED
2019–2020,   Tic disorders,Male,Agegroup:10–14years–95%CI,6.0,6,11,ED
2019–2020,   Tic disorders,Total,Agegroup:10–14years–95%CI,6.0,6,10,ED
2019–2020,   ADHD,Female,Agegroup:10–14years–95%CI,16.0,16,24,ED
2019–2020,   ADHD,Male,Agegroup:10–14years–95%CI,40.0,40,51,ED
2019–2020,   ADHD,Total,Agegroup:10–14years–95%CI,29.0,29,36,ED
2020–2021,Neurocognitive disorders,Female,Agegroup:10–14years–95%CI,4.0,4,8,ED
2020–2021,Neurocognitive disorders,Male,Agegroup:10–14years–95%CI,2.0,2,6,ED
2020–2021,Neurocognitive disorders,Total,Agegroup:10–14years–95%CI,4.0,4,7,ED
2020–2021,Substance-related disorders,Female,Agegroup:10–14years–95%CI,48.0,48,61,ED
2020–2021,Substance-related disorders,Male,Agegroup:10–14years–95%CI,35.0,35,46,ED
2020–2021,Substance-related disorders,Total,Agegroup:10–14years–95%CI,43.0,43,51,ED
2020–2021,Schizophrenic and psychotic disorders,Female,Agegroup:10–14years–95%CI,14.0,14,21,ED
2020–2021,Schizophrenic and psychotic disorders,Male,Agegroup:10–14years–95%CI,7.0,7,12,ED
2020–2021,Schizophrenic and psychotic disorders,Total,Agegroup:10–14years–95%CI,11.0,11,15,ED
2020–2021,Mood disorders,Female,Agegroup:10–14years–95%CI,338.0,338,371,ED
2020–2021,Mood disorders,Male,Agegroup:10–14years–95%CI,81.0,81,96,ED
2020–2021,Mood disorders,Total,Agegroup:10–14years–95%CI,209.0,209,226,ED
2020–2021,Anxiety disorders,Female,Agegroup:10–14years–95%CI,295.0,295,325,ED
2020–2021,Anxiety disorders,Male,Agegroup:10–14years–95%CI,93.0,93,110,ED
2020–2021,Anxiety disorders,Total,Agegroup:10–14years–95%CI,194.0,194,211,ED
2020–2021,Personality disorders,Female,Agegroup:10–14years–95%CI,15.0,15,22,ED
2020–2021,Personality disorders,Male,Agegroup:10–14years–95%CI,3.0,3,7,ED
2020–2021,Personality disorders,Total,Agegroup:10–14years–95%CI,10.0,10,14,ED
2020–2021,Other disorders,Female,Agegroup:10–14years–95%CI,477.0,477,515,ED
2020–2021,Other disorders,Male,Agegroup:10–14years–95%CI,238.0,238,264,ED
2020–2021,Other disorders,Total,Agegroup:10–14years–95%CI,358.0,358,381,ED
2020–2021,   Trauma- and stressor-related disorders,Female,Agegroup:10–14years–95%CI,318.0,318,349,ED
2020–2021,   Trauma- and stressor-related disorders,Male,Agegroup:10–14years–95%CI,132.0,132,152,ED
2020–2021,   Trauma- and stressor-related disorders,Total,Agegroup:10–14years–95%CI,226.0,226,244,ED
2020–2021,"   Disruptive, impulse control and conduct disorders",Female,Agegroup:10–14years–95%CI,34.0,34,45,ED
2020–2021,"   Disruptive, impulse control and conduct disorders",Male,Agegroup:10–14years–95%CI,45.0,45,57,ED
2020–2021,"   Disruptive, impulse control and conduct disorders",Total,Agegroup:10–14years–95%CI,41.0,41,49,ED
2020–2021,   Eating and feeding disorders,Female,Agegroup:10–14years–95%CI,51.0,51,63,ED
2020–2021,   Eating and feeding disorders,Male,Agegroup:10–14years–95%CI,3.0,3,6,ED
2020–2021,   Eating and feeding disorders,Total,Agegroup:10–14years–95%CI,27.0,27,33,ED
2020–2021,   Tic disorders,Female,Agegroup:10–14years–95%CI,26.0,26,35,ED
2020–2021,   Tic disorders,Male,Agegroup:10–14years–95%CI,7.0,7,12,ED
2020–2021,   Tic disorders,Total,Agegroup:10–14years–95%CI,17.0,17,22,ED
2020–2021,   ADHD,Female,Agegroup:10–14years–95%CI,16.0,16,24,ED
2020–2021,   ADHD,Male,Agegroup:10–14years–95%CI,24.0,24,33,ED
2020–2021,   ADHD,Total,Agegroup:10–14years–95%CI,22.0,22,27,ED
2021–2022,Neurocognitive disorders,Female,Agegroup:10–14years–95%CI,7.0,7,12,ED
2021–2022,Neurocognitive disorders,Male,Agegroup:10–14years–95%CI,6.0,6,11,ED
2021–2022,Neurocognitive disorders,Total,Agegroup:10–14years–95%CI,7.0,7,11,ED
2021–2022,Substance-related disorders,Female,Agegroup:10–14years–95%CI,72.0,72,88,ED
2021–2022,Substance-related disorders,Male,Agegroup:10–14years–95%CI,39.0,39,51,ED
2021–2022,Substance-related disorders,Total,Agegroup:10–14years–95%CI,57.0,57,67,ED
2021–2022,Schizophrenic and psychotic disorders,Female,Agegroup:10–14years–95%CI,12.0,12,19,ED
2021–2022,Schizophrenic and psychotic disorders,Male,Agegroup:10–14years–95%CI,7.0,7,12,ED
2021–2022,Schizophrenic and psychotic disorders,Total,Agegroup:10–14years–95%CI,10.0,10,14,ED
2021–2022,Mood disorders,Female,Agegroup:10–14years–95%CI,425.0,425,461,ED
2021–2022,Mood disorders,Male,Agegroup:10–14years–95%CI,102.0,102,119,ED
2021–2022,Mood disorders,Total,Agegroup:10–14years–95%CI,262.0,262,281,ED
2021–2022,Anxiety disorders,Female,Agegroup:10–14years–95%CI,365.0,365,398,ED
2021–2022,Anxiety disorders,Male,Agegroup:10–14years–95%CI,102.0,102,119,ED
2021–2022,Anxiety disorders,Total,Agegroup:10–14years–95%CI,232.0,232,251,ED
2021–2022,Personality disorders,Female,Agegroup:10–14years–95%CI,22.0,22,31,ED
2021–2022,Personality disorders,Male,Agegroup:10–14years–95%CI,4.0,4,8,ED
2021–2022,Personality disorders,Total,Agegroup:10–14years–95%CI,14.0,14,18,ED
2021–2022,Other disorders,Female,Agegroup:10–14years–95%CI,597.0,597,639,ED
2021–2022,Other disorders,Male,Agegroup:10–14years–95%CI,288.0,288,317,ED
2021–2022,Other disorders,Total,Agegroup:10–14years–95%CI,443.0,443,468,ED
2021–2022,   Trauma- and stressor-related disorders,Female,Agegroup:10–14years–95%CI,403.0,403,438,ED
2021–2022,   Trauma- and stressor-related disorders,Male,Agegroup:10–14years–95%CI,161.0,161,183,ED
2021–2022,   Trauma- and stressor-related disorders,Total,Agegroup:10–14years–95%CI,282.0,282,302,ED
2021–2022,"   Disruptive, impulse control and conduct disorders",Female,Agegroup:10–14years–95%CI,39.0,39,51,ED
2021–2022,"   Disruptive, impulse control and conduct disorders",Male,Agegroup:10–14years–95%CI,53.0,53,66,ED
2021–2022,"   Disruptive, impulse control and conduct disorders",Total,Agegroup:10–14years–95%CI,48.0,48,57,ED
2021–2022,   Eating and feeding disorders,Female,Agegroup:10–14years–95%CI,67.0,67,82,ED
2021–2022,   Eating and feeding disorders,Male,Agegroup:10–14years–95%CI,4.0,4,8,ED
2021–2022,   Eating and feeding disorders,Total,Agegroup:10–14years–95%CI,36.0,36,43,ED
2021–2022,   Tic disorders,Female,Agegroup:10–14years–95%CI,22.0,22,31,ED
2021–2022,   Tic disorders,Male,Agegroup:10–14years–95%CI,8.0,8,14,ED
2021–2022,   Tic disorders,Total,Agegroup:10–14years–95%CI,16.0,16,21,ED
2021–2022,   ADHD,Female,Agegroup:10–14years–95%CI,21.0,21,29,ED
2021–2022,   ADHD,Male,Agegroup:10–14years–95%CI,34.0,34,44,ED
2021–2022,   ADHD,Total,Agegroup:10–14years–95%CI,29.0,29,36,ED
2022–2023,Neurocognitive disorders,Female,Agegroup:10–14years–95%CI,7.0,7,12,ED
2022–2023,Neurocognitive disorders,Male,Agegroup:10–14years–95%CI,5.0,5,9,ED
2022–2023,Neurocognitive disorders,Total,Agegroup:10–14years–95%CI,6.0,6,10,ED
2022–2023,Substance-related disorders,Female,Agegroup:10–14years–95%CI,81.0,81,97,ED
2022–2023,Substance-related disorders,Male,Agegroup:10–14years–95%CI,39.0,39,50,ED
2022–2023,Substance-related disorders,Total,Agegroup:10–14years–95%CI,61.0,61,71,ED
2022–2023,Schizophrenic and psychotic disorders,Female,Agegroup:10–14years–95%CI,8.0,8,14,ED
2022–2023,Schizophrenic and psychotic disorders,Male,Agegroup:10–14years–95%CI,9.0,9,14,ED
2022–2023,Schizophrenic and psychotic disorders,Total,Agegroup:10–14years–95%CI,9.0,9,13,ED
2022–2023,Mood disorders,Female,Agegroup:10–14years–95%CI,339.0,339,371,ED
2022–2023,Mood disorders,Male,Agegroup:10–14years–95%CI,87.0,87,103,ED
2022–2023,Mood disorders,Total,Agegroup:10–14years–95%CI,212.0,212,229,ED
2022–2023,Anxiety disorders,Female,Agegroup:10–14years–95%CI,302.0,302,332,ED
2022–2023,Anxiety disorders,Male,Agegroup:10–14years–95%CI,103.0,103,121,ED
2022–2023,Anxiety disorders,Total,Agegroup:10–14years–95%CI,203.0,203,220,ED
2022–2023,Personality disorders,Female,Agegroup:10–14years–95%CI,20.0,20,28,ED
2022–2023,Personality disorders,Male,Agegroup:10–14years–95%CI,4.0,4,8,ED
2022–2023,Personality disorders,Total,Agegroup:10–14years–95%CI,12.0,12,17,ED
2022–2023,Other disorders,Female,Agegroup:10–14years–95%CI,508.0,508,547,ED
2022–2023,Other disorders,Male,Agegroup:10–14years–95%CI,278.0,278,306,ED
2022–2023,Other disorders,Total,Agegroup:10–14years–95%CI,394.0,394,418,ED
2022–2023,   Trauma- and stressor-related disorders,Female,Agegroup:10–14years–95%CI,355.0,355,388,ED
2022–2023,   Trauma- and stressor-related disorders,Male,Agegroup:10–14years–95%CI,146.0,146,167,ED
2022–2023,   Trauma- and stressor-related disorders,Total,Agegroup:10–14years–95%CI,251.0,251,270,ED
2022–2023,"   Disruptive, impulse control and conduct disorders",Female,Agegroup:10–14years–95%CI,37.0,37,49,ED
2022–2023,"   Disruptive, impulse control and conduct disorders",Male,Agegroup:10–14years–95%CI,48.0,48,60,ED
2022–2023,"   Disruptive, impulse control and conduct disorders",Total,Agegroup:10–14years–95%CI,45.0,45,53,ED
2022–2023,   Eating and feeding disorders,Female,Agegroup:10–14years–95%CI,46.0,46,58,ED
2022–2023,   Eating and feeding disorders,Male,Agegroup:10–14years–95%CI,4.0,4,8,ED
2022–2023,   Eating and feeding disorders,Total,Agegroup:10–14years–95%CI,25.0,25,32,ED
2022–2023,   Tic disorders,Female,Agegroup:10–14years–95%CI,9.0,9,15,ED
2022–2023,   Tic disorders,Male,Agegroup:10–14years–95%CI,7.0,7,13,ED
2022–2023,   Tic disorders,Total,Agegroup:10–14years–95%CI,9.0,9,13,ED
2022–2023,   ADHD,Female,Agegroup:10–14years–95%CI,18.0,18,26,ED
2022–2023,   ADHD,Male,Agegroup:10–14years–95%CI,27.0,27,36,ED
2022–2023,   ADHD,Total,Agegroup:10–14years–95%CI,24.0,24,30,ED
2023–2024,Neurocognitive disorders,Female,Agegroup:10–14years–95%CI,7.0,7,12,ED
2023–2024,Neurocognitive disorders,Male,Agegroup:10–14years–95%CI,6.0,6,10,ED
2023–2024,Neurocognitive disorders,Total,Agegroup:10–14years–95%CI,7.0,7,10,ED
2023–2024,Substance-related disorders,Female,Agegroup:10–14years–95%CI,85.0,85,102,ED
2023–2024,Substance-related disorders,Male,Agegroup:10–14years–95%CI,46.0,46,58,ED
2023–2024,Substance-related disorders,Total,Agegroup:10–14years–95%CI,67.0,67,77,ED
2023–2024,Schizophrenic and psychotic disorders,Female,Agegroup:10–14years–95%CI,10.0,10,16,ED
2023–2024,Schizophrenic and psychotic disorders,Male,Agegroup:10–14years–95%CI,7.0,7,11,ED
2023–2024,Schizophrenic and psychotic disorders,Total,Agegroup:10–14years–95%CI,9.0,9,13,ED
2023–2024,Mood disorders,Female,Agegroup:10–14years–95%CI,264.0,264,292,ED
2023–2024,Mood disorders,Male,Agegroup:10–14years–95%CI,79.0,79,94,ED
2023–2024,Mood disorders,Total,Agegroup:10–14years–95%CI,172.0,172,187,ED
2023–2024,Anxiety disorders,Female,Agegroup:10–14years–95%CI,248.0,248,275,ED
2023–2024,Anxiety disorders,Male,Agegroup:10–14years–95%CI,99.0,99,115,ED
2023–2024,Anxiety disorders,Total,Agegroup:10–14years–95%CI,174.0,174,190,ED
2023–2024,Personality disorders,Female,Agegroup:10–14years–95%CI,17.0,17,25,ED
2023–2024,Personality disorders,Male,Agegroup:10–14years–95%CI,4.0,4,7,ED
2023–2024,Personality disorders,Total,Agegroup:10–14years–95%CI,11.0,11,15,ED
2023–2024,Other disorders,Female,Agegroup:10–14years–95%CI,422.0,422,458,ED
2023–2024,Other disorders,Male,Agegroup:10–14years–95%CI,261.0,261,288,ED
2023–2024,Other disorders,Total,Agegroup:10–14years–95%CI,344.0,344,366,ED
2023–2024,   Trauma- and stressor-related disorders,Female,Agegroup:10–14years–95%CI,296.0,296,326,ED
2023–2024,   Trauma- and stressor-related disorders,Male,Agegroup:10–14years–95%CI,142.0,142,162,ED
2023–2024,   Trauma- and stressor-related disorders,Total,Agegroup:10–14years–95%CI,220.0,220,238,ED
2023–2024,"   Disruptive, impulse control and conduct disorders",Female,Agegroup:10–14years–95%CI,36.0,36,47,ED
2023–2024,"   Disruptive, impulse control and conduct disorders",Male,Agegroup:10–14years–95%CI,43.0,43,54,ED
2023–2024,"   Disruptive, impulse control and conduct disorders",Total,Agegroup:10–14years–95%CI,41.0,41,49,ED
2023–2024,   Eating and feeding disorders,Female,Agegroup:10–14years–95%CI,35.0,35,46,ED
2023–2024,   Eating and feeding disorders,Male,Agegroup:10–14years–95%CI,3.0,3,6,ED
2023–2024,   Eating and feeding disorders,Total,Agegroup:10–14years–95%CI,19.0,19,25,ED
2023–2024,   Tic disorders,Female,Agegroup:10–14years–95%CI,6.0,6,10,ED
2023–2024,   Tic disorders,Male,Agegroup:10–14years–95%CI,4.0,4,9,ED
2023–2024,   Tic disorders,Total,Agegroup:10–14years–95%CI,6.0,6,9,ED
2023–2024,   ADHD,Female,Agegroup:10–14years–95%CI,14.0,14,21,ED
2023–2024,   ADHD,Male,Agegroup:10–14years–95%CI,26.0,26,36,ED
2023–2024,   ADHD,Total,Agegroup:10–14years–95%CI,21.0,21,27,ED
2018–2019,Neurocognitive disorders,Female,Agegroup:15–17years–Rate,52.0,,,ED
2018–2019,Neurocognitive disorders,Male,Agegroup:15–17years–Rate,31.0,,,ED
2018–2019,Neurocognitive disorders,Total,Agegroup:15–17years–Rate,41.0,,,ED
2018–2019,Substance-related disorders,Female,Agegroup:15–17years–Rate,513.0,,,ED
2018–2019,Substance-related disorders,Male,Agegroup:15–17years–Rate,539.0,,,ED
2018–2019,Substance-related disorders,Total,Agegroup:15–17years–Rate,526.0,,,ED
2018–2019,Schizophrenic and psychotic disorders,Female,Agegroup:15–17years–Rate,67.0,,,ED
2018–2019,Schizophrenic and psychotic disorders,Male,Agegroup:15–17years–Rate,93.0,,,ED
2018–2019,Schizophrenic and psychotic disorders,Total,Agegroup:15–17years–Rate,81.0,,,ED
2018–2019,Mood disorders,Female,Agegroup:15–17years–Rate,1149.0,,,ED
2018–2019,Mood disorders,Male,Agegroup:15–17years–Rate,514.0,,,ED
2018–2019,Mood disorders,Total,Agegroup:15–17years–Rate,824.0,,,ED
2018–2019,Anxiety disorders,Female,Agegroup:15–17years–Rate,784.0,,,ED
2018–2019,Anxiety disorders,Male,Agegroup:15–17years–Rate,390.0,,,ED
2018–2019,Anxiety disorders,Total,Agegroup:15–17years–Rate,583.0,,,ED
2018–2019,Personality disorders,Female,Agegroup:15–17years–Rate,98.0,,,ED
2018–2019,Personality disorders,Male,Agegroup:15–17years–Rate,18.0,,,ED
2018–2019,Personality disorders,Total,Agegroup:15–17years–Rate,57.0,,,ED
2018–2019,Other disorders,Female,Agegroup:15–17years–Rate,1102.0,,,ED
2018–2019,Other disorders,Male,Agegroup:15–17years–Rate,636.0,,,ED
2018–2019,Other disorders,Total,Agegroup:15–17years–Rate,864.0,,,ED
2018–2019,   Trauma- and stressor-related disorders,Female,Agegroup:15–17years–Rate,926.0,,,ED
2018–2019,   Trauma- and stressor-related disorders,Male,Agegroup:15–17years–Rate,475.0,,,ED
2018–2019,   Trauma- and stressor-related disorders,Total,Agegroup:15–17years–Rate,695.0,,,ED
2018–2019,"   Disruptive, impulse control and conduct disorders",Female,Agegroup:15–17years–Rate,49.0,,,ED
2018–2019,"   Disruptive, impulse control and conduct disorders",Male,Agegroup:15–17years–Rate,73.0,,,ED
2018–2019,"   Disruptive, impulse control and conduct disorders",Total,Agegroup:15–17years–Rate,62.0,,,ED
2018–2019,   Eating and feeding disorders,Female,Agegroup:15–17years–Rate,54.0,,,ED
2018–2019,   Eating and feeding disorders,Male,Agegroup:15–17years–Rate,4.0,,,ED
2018–2019,   Eating and feeding disorders,Total,Agegroup:15–17years–Rate,29.0,,,ED
2018–2019,   Tic disorders,Female,Agegroup:15–17years–Rate,4.0,,,ED
2018–2019,   Tic disorders,Male,Agegroup:15–17years–Rate,2.0,,,ED
2018–2019,   Tic disorders,Total,Agegroup:15–17years–Rate,3.0,,,ED
2018–2019,   ADHD,Female,Agegroup:15–17years–Rate,18.0,,,ED
2018–2019,   ADHD,Male,Agegroup:15–17years–Rate,32.0,,,ED
2018–2019,   ADHD,Total,Agegroup:15–17years–Rate,25.0,,,ED
2019–2020,Neurocognitive disorders,Female,Agegroup:15–17years–Rate,42.0,,,ED
2019–2020,Neurocognitive disorders,Male,Agegroup:15–17years–Rate,27.0,,,ED
2019–2020,Neurocognitive disorders,Total,Agegroup:15–17years–Rate,34.0,,,ED
2019–2020,Substance-related disorders,Female,Agegroup:15–17years–Rate,472.0,,,ED
2019–2020,Substance-related disorders,Male,Agegroup:15–17years–Rate,527.0,,,ED
2019–2020,Substance-related disorders,Total,Agegroup:15–17years–Rate,500.0,,,ED
2019–2020,Schizophrenic and psychotic disorders,Female,Agegroup:15–17years–Rate,56.0,,,ED
2019–2020,Schizophrenic and psychotic disorders,Male,Agegroup:15–17years–Rate,77.0,,,ED
2019–2020,Schizophrenic and psychotic disorders,Total,Agegroup:15–17years–Rate,67.0,,,ED
2019–2020,Mood disorders,Female,Agegroup:15–17years–Rate,1023.0,,,ED
2019–2020,Mood disorders,Male,Agegroup:15–17years–Rate,492.0,,,ED
2019–2020,Mood disorders,Total,Agegroup:15–17years–Rate,751.0,,,ED
2019–2020,Anxiety disorders,Female,Agegroup:15–17years–Rate,798.0,,,ED
2019–2020,Anxiety disorders,Male,Agegroup:15–17years–Rate,378.0,,,ED
2019–2020,Anxiety disorders,Total,Agegroup:15–17years–Rate,583.0,,,ED
2019–2020,Personality disorders,Female,Agegroup:15–17years–Rate,78.0,,,ED
2019–2020,Personality disorders,Male,Agegroup:15–17years–Rate,16.0,,,ED
2019–2020,Personality disorders,Total,Agegroup:15–17years–Rate,46.0,,,ED
2019–2020,Other disorders,Female,Agegroup:15–17years–Rate,1027.0,,,ED
2019–2020,Other disorders,Male,Agegroup:15–17years–Rate,611.0,,,ED
2019–2020,Other disorders,Total,Agegroup:15–17years–Rate,814.0,,,ED
2019–2020,   Trauma- and stressor-related disorders,Female,Agegroup:15–17years–Rate,843.0,,,ED
2019–2020,   Trauma- and stressor-related disorders,Male,Agegroup:15–17years–Rate,463.0,,,ED
2019–2020,   Trauma- and stressor-related disorders,Total,Agegroup:15–17years–Rate,648.0,,,ED
2019–2020,"   Disruptive, impulse control and conduct disorders",Female,Agegroup:15–17years–Rate,42.0,,,ED
2019–2020,"   Disruptive, impulse control and conduct disorders",Male,Agegroup:15–17years–Rate,64.0,,,ED
2019–2020,"   Disruptive, impulse control and conduct disorders",Total,Agegroup:15–17years–Rate,53.0,,,ED
2019–2020,   Eating and feeding disorders,Female,Agegroup:15–17years–Rate,53.0,,,ED
2019–2020,   Eating and feeding disorders,Male,Agegroup:15–17years–Rate,6.0,,,ED
2019–2020,   Eating and feeding disorders,Total,Agegroup:15–17years–Rate,29.0,,,ED
2019–2020,   Tic disorders,Female,Agegroup:15–17years–Rate,9.0,,,ED
2019–2020,   Tic disorders,Male,Agegroup:15–17years–Rate,4.0,,,ED
2019–2020,   Tic disorders,Total,Agegroup:15–17years–Rate,6.0,,,ED
2019–2020,   ADHD,Female,Agegroup:15–17years–Rate,20.0,,,ED
2019–2020,   ADHD,Male,Agegroup:15–17years–Rate,36.0,,,ED
2019–2020,   ADHD,Total,Agegroup:15–17years–Rate,28.0,,,ED
2020–2021,Neurocognitive disorders,Female,Agegroup:15–17years–Rate,18.0,,,ED
2020–2021,Neurocognitive disorders,Male,Agegroup:15–17years–Rate,11.0,,,ED
2020–2021,Neurocognitive disorders,Total,Agegroup:15–17years–Rate,14.0,,,ED
2020–2021,Substance-related disorders,Female,Agegroup:15–17years–Rate,326.0,,,ED
2020–2021,Substance-related disorders,Male,Agegroup:15–17years–Rate,331.0,,,ED
2020–2021,Substance-related disorders,Total,Agegroup:15–17years–Rate,329.0,,,ED
2020–2021,Schizophrenic and psychotic disorders,Female,Agegroup:15–17years–Rate,61.0,,,ED
2020–2021,Schizophrenic and psychotic disorders,Male,Agegroup:15–17years–Rate,84.0,,,ED
2020–2021,Schizophrenic and psychotic disorders,Total,Agegroup:15–17years–Rate,73.0,,,ED
2020–2021,Mood disorders,Female,Agegroup:15–17years–Rate,797.0,,,ED
2020–2021,Mood disorders,Male,Agegroup:15–17years–Rate,326.0,,,ED
2020–2021,Mood disorders,Total,Agegroup:15–17years–Rate,555.0,,,ED
2020–2021,Anxiety disorders,Female,Agegroup:15–17years–Rate,679.0,,,ED
2020–2021,Anxiety disorders,Male,Agegroup:15–17years–Rate,315.0,,,ED
2020–2021,Anxiety disorders,Total,Agegroup:15–17years–Rate,492.0,,,ED
2020–2021,Personality disorders,Female,Agegroup:15–17years–Rate,66.0,,,ED
2020–2021,Personality disorders,Male,Agegroup:15–17years–Rate,14.0,,,ED
2020–2021,Personality disorders,Total,Agegroup:15–17years–Rate,39.0,,,ED
2020–2021,Other disorders,Female,Agegroup:15–17years–Rate,849.0,,,ED
2020–2021,Other disorders,Male,Agegroup:15–17years–Rate,432.0,,,ED
2020–2021,Other disorders,Total,Agegroup:15–17years–Rate,635.0,,,ED
2020–2021,   Trauma- and stressor-related disorders,Female,Agegroup:15–17years–Rate,616.0,,,ED
2020–2021,   Trauma- and stressor-related disorders,Male,Agegroup:15–17years–Rate,306.0,,,ED
2020–2021,   Trauma- and stressor-related disorders,Total,Agegroup:15–17years–Rate,457.0,,,ED
2020–2021,"   Disruptive, impulse control and conduct disorders",Female,Agegroup:15–17years–Rate,32.0,,,ED
2020–2021,"   Disruptive, impulse control and conduct disorders",Male,Agegroup:15–17years–Rate,43.0,,,ED
2020–2021,"   Disruptive, impulse control and conduct disorders",Total,Agegroup:15–17years–Rate,38.0,,,ED
2020–2021,   Eating and feeding disorders,Female,Agegroup:15–17years–Rate,107.0,,,ED
2020–2021,   Eating and feeding disorders,Male,Agegroup:15–17years–Rate,8.0,,,ED
2020–2021,   Eating and feeding disorders,Total,Agegroup:15–17years–Rate,56.0,,,ED
2020–2021,   Tic disorders,Female,Agegroup:15–17years–Rate,25.0,,,ED
2020–2021,   Tic disorders,Male,Agegroup:15–17years–Rate,4.0,,,ED
2020–2021,   Tic disorders,Total,Agegroup:15–17years–Rate,14.0,,,ED
2020–2021,   ADHD,Female,Agegroup:15–17years–Rate,21.0,,,ED
2020–2021,   ADHD,Male,Agegroup:15–17years–Rate,30.0,,,ED
2020–2021,   ADHD,Total,Agegroup:15–17years–Rate,25.0,,,ED
2021–2022,Neurocognitive disorders,Female,Agegroup:15–17years–Rate,19.0,,,ED
2021–2022,Neurocognitive disorders,Male,Agegroup:15–17years–Rate,11.0,,,ED
2021–2022,Neurocognitive disorders,Total,Agegroup:15–17years–Rate,15.0,,,ED
2021–2022,Substance-related disorders,Female,Agegroup:15–17years–Rate,363.0,,,ED
2021–2022,Substance-related disorders,Male,Agegroup:15–17years–Rate,316.0,,,ED
2021–2022,Substance-related disorders,Total,Agegroup:15–17years–Rate,338.0,,,ED
2021–2022,Schizophrenic and psychotic disorders,Female,Agegroup:15–17years–Rate,65.0,,,ED
2021–2022,Schizophrenic and psychotic disorders,Male,Agegroup:15–17years–Rate,87.0,,,ED
2021–2022,Schizophrenic and psychotic disorders,Total,Agegroup:15–17years–Rate,77.0,,,ED
2021–2022,Mood disorders,Female,Agegroup:15–17years–Rate,1035.0,,,ED
2021–2022,Mood disorders,Male,Agegroup:15–17years–Rate,398.0,,,ED
2021–2022,Mood disorders,Total,Agegroup:15–17years–Rate,706.0,,,ED
2021–2022,Anxiety disorders,Female,Agegroup:15–17years–Rate,807.0,,,ED
2021–2022,Anxiety disorders,Male,Agegroup:15–17years–Rate,337.0,,,ED
2021–2022,Anxiety disorders,Total,Agegroup:15–17years–Rate,564.0,,,ED
2021–2022,Personality disorders,Female,Agegroup:15–17years–Rate,107.0,,,ED
2021–2022,Personality disorders,Male,Agegroup:15–17years–Rate,15.0,,,ED
2021–2022,Personality disorders,Total,Agegroup:15–17years–Rate,59.0,,,ED
2021–2022,Other disorders,Female,Agegroup:15–17years–Rate,1080.0,,,ED
2021–2022,Other disorders,Male,Agegroup:15–17years–Rate,505.0,,,ED
2021–2022,Other disorders,Total,Agegroup:15–17years–Rate,783.0,,,ED
2021–2022,   Trauma- and stressor-related disorders,Female,Agegroup:15–17years–Rate,788.0,,,ED
2021–2022,   Trauma- and stressor-related disorders,Male,Agegroup:15–17years–Rate,374.0,,,ED
2021–2022,   Trauma- and stressor-related disorders,Total,Agegroup:15–17years–Rate,574.0,,,ED
2021–2022,"   Disruptive, impulse control and conduct disorders",Female,Agegroup:15–17years–Rate,41.0,,,ED
2021–2022,"   Disruptive, impulse control and conduct disorders",Male,Agegroup:15–17years–Rate,40.0,,,ED
2021–2022,"   Disruptive, impulse control and conduct disorders",Total,Agegroup:15–17years–Rate,40.0,,,ED
2021–2022,   Eating and feeding disorders,Female,Agegroup:15–17years–Rate,139.0,,,ED
2021–2022,   Eating and feeding disorders,Male,Agegroup:15–17years–Rate,11.0,,,ED
2021–2022,   Eating and feeding disorders,Total,Agegroup:15–17years–Rate,73.0,,,ED
2021–2022,   Tic disorders,Female,Agegroup:15–17years–Rate,26.0,,,ED
2021–2022,   Tic disorders,Male,Agegroup:15–17years–Rate,5.0,,,ED
2021–2022,   Tic disorders,Total,Agegroup:15–17years–Rate,15.0,,,ED
2021–2022,   ADHD,Female,Agegroup:15–17years–Rate,22.0,,,ED
2021–2022,   ADHD,Male,Agegroup:15–17years–Rate,28.0,,,ED
2021–2022,   ADHD,Total,Agegroup:15–17years–Rate,25.0,,,ED
2022–2023,Neurocognitive disorders,Female,Agegroup:15–17years–Rate,19.0,,,ED
2022–2023,Neurocognitive disorders,Male,Agegroup:15–17years–Rate,9.0,,,ED
2022–2023,Neurocognitive disorders,Total,Agegroup:15–17years–Rate,14.0,,,ED
2022–2023,Substance-related disorders,Female,Agegroup:15–17years–Rate,378.0,,,ED
2022–2023,Substance-related disorders,Male,Agegroup:15–17years–Rate,318.0,,,ED
2022–2023,Substance-related disorders,Total,Agegroup:15–17years–Rate,347.0,,,ED
2022–2023,Schizophrenic and psychotic disorders,Female,Agegroup:15–17years–Rate,60.0,,,ED
2022–2023,Schizophrenic and psychotic disorders,Male,Agegroup:15–17years–Rate,75.0,,,ED
2022–2023,Schizophrenic and psychotic disorders,Total,Agegroup:15–17years–Rate,68.0,,,ED
2022–2023,Mood disorders,Female,Agegroup:15–17years–Rate,832.0,,,ED
2022–2023,Mood disorders,Male,Agegroup:15–17years–Rate,352.0,,,ED
2022–2023,Mood disorders,Total,Agegroup:15–17years–Rate,584.0,,,ED
2022–2023,Anxiety disorders,Female,Agegroup:15–17years–Rate,698.0,,,ED
2022–2023,Anxiety disorders,Male,Agegroup:15–17years–Rate,289.0,,,ED
2022–2023,Anxiety disorders,Total,Agegroup:15–17years–Rate,487.0,,,ED
2022–2023,Personality disorders,Female,Agegroup:15–17years–Rate,86.0,,,ED
2022–2023,Personality disorders,Male,Agegroup:15–17years–Rate,16.0,,,ED
2022–2023,Personality disorders,Total,Agegroup:15–17years–Rate,50.0,,,ED
2022–2023,Other disorders,Female,Agegroup:15–17years–Rate,902.0,,,ED
2022–2023,Other disorders,Male,Agegroup:15–17years–Rate,454.0,,,ED
2022–2023,Other disorders,Total,Agegroup:15–17years–Rate,671.0,,,ED
2022–2023,   Trauma- and stressor-related disorders,Female,Agegroup:15–17years–Rate,688.0,,,ED
2022–2023,   Trauma- and stressor-related disorders,Male,Agegroup:15–17years–Rate,332.0,,,ED
2022–2023,   Trauma- and stressor-related disorders,Total,Agegroup:15–17years–Rate,504.0,,,ED
2022–2023,"   Disruptive, impulse control and conduct disorders",Female,Agegroup:15–17years–Rate,31.0,,,ED
2022–2023,"   Disruptive, impulse control and conduct disorders",Male,Agegroup:15–17years–Rate,39.0,,,ED
2022–2023,"   Disruptive, impulse control and conduct disorders",Total,Agegroup:15–17years–Rate,35.0,,,ED
2022–2023,   Eating and feeding disorders,Female,Agegroup:15–17years–Rate,78.0,,,ED
2022–2023,   Eating and feeding disorders,Male,Agegroup:15–17years–Rate,9.0,,,ED
2022–2023,   Eating and feeding disorders,Total,Agegroup:15–17years–Rate,42.0,,,ED
2022–2023,   Tic disorders,Female,Agegroup:15–17years–Rate,10.0,,,ED
2022–2023,   Tic disorders,Male,Agegroup:15–17years–Rate,2.0,,,ED
2022–2023,   Tic disorders,Total,Agegroup:15–17years–Rate,6.0,,,ED
2022–2023,   ADHD,Female,Agegroup:15–17years–Rate,20.0,,,ED
2022–2023,   ADHD,Male,Agegroup:15–17years–Rate,25.0,,,ED
2022–2023,   ADHD,Total,Agegroup:15–17years–Rate,23.0,,,ED
2023–2024,Neurocognitive disorders,Female,Agegroup:15–17years–Rate,20.0,,,ED
2023–2024,Neurocognitive disorders,Male,Agegroup:15–17years–Rate,18.0,,,ED
2023–2024,Neurocognitive disorders,Total,Agegroup:15–17years–Rate,19.0,,,ED
2023–2024,Substance-related disorders,Female,Agegroup:15–17years–Rate,392.0,,,ED
2023–2024,Substance-related disorders,Male,Agegroup:15–17years–Rate,339.0,,,ED
2023–2024,Substance-related disorders,Total,Agegroup:15–17years–Rate,365.0,,,ED
2023–2024,Schizophrenic and psychotic disorders,Female,Agegroup:15–17years–Rate,56.0,,,ED
2023–2024,Schizophrenic and psychotic disorders,Male,Agegroup:15–17years–Rate,84.0,,,ED
2023–2024,Schizophrenic and psychotic disorders,Total,Agegroup:15–17years–Rate,70.0,,,ED
2023–2024,Mood disorders,Female,Agegroup:15–17years–Rate,663.0,,,ED
2023–2024,Mood disorders,Male,Agegroup:15–17years–Rate,306.0,,,ED
2023–2024,Mood disorders,Total,Agegroup:15–17years–Rate,479.0,,,ED
2023–2024,Anxiety disorders,Female,Agegroup:15–17years–Rate,582.0,,,ED
2023–2024,Anxiety disorders,Male,Agegroup:15–17years–Rate,255.0,,,ED
2023–2024,Anxiety disorders,Total,Agegroup:15–17years–Rate,413.0,,,ED
2023–2024,Personality disorders,Female,Agegroup:15–17years–Rate,84.0,,,ED
2023–2024,Personality disorders,Male,Agegroup:15–17years–Rate,16.0,,,ED
2023–2024,Personality disorders,Total,Agegroup:15–17years–Rate,48.0,,,ED
2023–2024,Other disorders,Female,Agegroup:15–17years–Rate,824.0,,,ED
2023–2024,Other disorders,Male,Agegroup:15–17years–Rate,428.0,,,ED
2023–2024,Other disorders,Total,Agegroup:15–17years–Rate,619.0,,,ED
2023–2024,   Trauma- and stressor-related disorders,Female,Agegroup:15–17years–Rate,628.0,,,ED
2023–2024,   Trauma- and stressor-related disorders,Male,Agegroup:15–17years–Rate,298.0,,,ED
2023–2024,   Trauma- and stressor-related disorders,Total,Agegroup:15–17years–Rate,458.0,,,ED
2023–2024,"   Disruptive, impulse control and conduct disorders",Female,Agegroup:15–17years–Rate,33.0,,,ED
2023–2024,"   Disruptive, impulse control and conduct disorders",Male,Agegroup:15–17years–Rate,39.0,,,ED
2023–2024,"   Disruptive, impulse control and conduct disorders",Total,Agegroup:15–17years–Rate,36.0,,,ED
2023–2024,   Eating and feeding disorders,Female,Agegroup:15–17years–Rate,80.0,,,ED
2023–2024,   Eating and feeding disorders,Male,Agegroup:15–17years–Rate,8.0,,,ED
2023–2024,   Eating and feeding disorders,Total,Agegroup:15–17years–Rate,43.0,,,ED
2023–2024,   Tic disorders,Female,Agegroup:15–17years–Rate,8.0,,,ED
2023–2024,   Tic disorders,Male,Agegroup:15–17years–Rate,3.0,,,ED
2023–2024,   Tic disorders,Total,Agegroup:15–17years–Rate,6.0,,,ED
2023–2024,   ADHD,Female,Agegroup:15–17years–Rate,22.0,,,ED
2023–2024,   ADHD,Male,Agegroup:15–17years–Rate,31.0,,,ED
2023–2024,   ADHD,Total,Agegroup:15–17years–Rate,27.0,,,ED
2018–2019,Neurocognitive disorders,Female,Agegroup:15–17years–95%CI,44.0,44,60,ED
2018–2019,Neurocognitive disorders,Male,Agegroup:15–17years–95%CI,25.0,25,37,ED
2018–2019,Neurocognitive disorders,Total,Agegroup:15–17years–95%CI,36.0,36,46,ED
2018–2019,Substance-related disorders,Female,Agegroup:15–17years–95%CI,488.0,488,538,ED
2018–2019,Substance-related disorders,Male,Agegroup:15–17years–95%CI,513.0,513,564,ED
2018–2019,Substance-related disorders,Total,Agegroup:15–17years–95%CI,508.0,508,544,ED
2018–2019,Schizophrenic and psychotic disorders,Female,Agegroup:15–17years–95%CI,58.0,58,76,ED
2018–2019,Schizophrenic and psychotic disorders,Male,Agegroup:15–17years–95%CI,83.0,83,104,ED
2018–2019,Schizophrenic and psychotic disorders,Total,Agegroup:15–17years–95%CI,74.0,74,88,ED
2018–2019,Mood disorders,Female,Agegroup:15–17years–95%CI,111.0,111,1,ED
2018–2019,Mood disorders,Male,Agegroup:15–17years–95%CI,489.0,489,539,ED
2018–2019,Mood disorders,Total,Agegroup:15–17years–95%CI,802.0,802,847,ED
2018–2019,Anxiety disorders,Female,Agegroup:15–17years–95%CI,753.0,753,816,ED
2018–2019,Anxiety disorders,Male,Agegroup:15–17years–95%CI,369.0,369,412,ED
2018–2019,Anxiety disorders,Total,Agegroup:15–17years–95%CI,564.0,564,602,ED
2018–2019,Personality disorders,Female,Agegroup:15–17years–95%CI,87.0,87,109,ED
2018–2019,Personality disorders,Male,Agegroup:15–17years–95%CI,13.0,13,22,ED
2018–2019,Personality disorders,Total,Agegroup:15–17years–95%CI,51.0,51,63,ED
2018–2019,Other disorders,Female,Agegroup:15–17years–95%CI,65.0,65,1,ED
2018–2019,Other disorders,Male,Agegroup:15–17years–95%CI,608.0,608,663,ED
2018–2019,Other disorders,Total,Agegroup:15–17years–95%CI,841.0,841,887,ED
2018–2019,   Trauma- and stressor-related disorders,Female,Agegroup:15–17years–95%CI,892.0,892,960,ED
2018–2019,   Trauma- and stressor-related disorders,Male,Agegroup:15–17years–95%CI,451.0,451,499,ED
2018–2019,   Trauma- and stressor-related disorders,Total,Agegroup:15–17years–95%CI,675.0,675,716,ED
2018–2019,"   Disruptive, impulse control and conduct disorders",Female,Agegroup:15–17years–95%CI,41.0,41,57,ED
2018–2019,"   Disruptive, impulse control and conduct disorders",Male,Agegroup:15–17years–95%CI,64.0,64,83,ED
2018–2019,"   Disruptive, impulse control and conduct disorders",Total,Agegroup:15–17years–95%CI,55.0,55,68,ED
2018–2019,   Eating and feeding disorders,Female,Agegroup:15–17years–95%CI,46.0,46,62,ED
2018–2019,   Eating and feeding disorders,Male,Agegroup:15–17years–95%CI,2.0,2,7,ED
2018–2019,   Eating and feeding disorders,Total,Agegroup:15–17years–95%CI,24.0,24,33,ED
2018–2019,   Tic disorders,Female,Agegroup:15–17years–95%CI,2.0,2,7,ED
2018–2019,   Tic disorders,Male,Agegroup:15–17years–95%CI,1.0,1,4,ED
2018–2019,   Tic disorders,Total,Agegroup:15–17years–95%CI,2.0,2,5,ED
2018–2019,   ADHD,Female,Agegroup:15–17years–95%CI,14.0,14,23,ED
2018–2019,   ADHD,Male,Agegroup:15–17years–95%CI,26.0,26,38,ED
2018–2019,   ADHD,Total,Agegroup:15–17years–95%CI,22.0,22,29,ED
2019–2020,Neurocognitive disorders,Female,Agegroup:15–17years–95%CI,35.0,35,50,ED
2019–2020,Neurocognitive disorders,Male,Agegroup:15–17years–95%CI,21.0,21,32,ED
2019–2020,Neurocognitive disorders,Total,Agegroup:15–17years–95%CI,30.0,30,39,ED
2019–2020,Substance-related disorders,Female,Agegroup:15–17years–95%CI,448.0,448,496,ED
2019–2020,Substance-related disorders,Male,Agegroup:15–17years–95%CI,502.0,502,552,ED
2019–2020,Substance-related disorders,Total,Agegroup:15–17years–95%CI,483.0,483,517,ED
2019–2020,Schizophrenic and psychotic disorders,Female,Agegroup:15–17years–95%CI,48.0,48,65,ED
2019–2020,Schizophrenic and psychotic disorders,Male,Agegroup:15–17years–95%CI,68.0,68,87,ED
2019–2020,Schizophrenic and psychotic disorders,Total,Agegroup:15–17years–95%CI,61.0,61,74,ED
2019–2020,Mood disorders,Female,Agegroup:15–17years–95%CI,988.0,988,1,ED
2019–2020,Mood disorders,Male,Agegroup:15–17years–95%CI,468.0,468,516,ED
2019–2020,Mood disorders,Total,Agegroup:15–17years–95%CI,730.0,730,772,ED
2019–2020,Anxiety disorders,Female,Agegroup:15–17years–95%CI,767.0,767,830,ED
2019–2020,Anxiety disorders,Male,Agegroup:15–17years–95%CI,357.0,357,399,ED
2019–2020,Anxiety disorders,Total,Agegroup:15–17years–95%CI,564.0,564,601,ED
2019–2020,Personality disorders,Female,Agegroup:15–17years–95%CI,69.0,69,88,ED
2019–2020,Personality disorders,Male,Agegroup:15–17years–95%CI,12.0,12,20,ED
2019–2020,Personality disorders,Total,Agegroup:15–17years–95%CI,41.0,41,52,ED
2019–2020,Other disorders,Female,Agegroup:15–17years–95%CI,991.0,991,1,ED
2019–2020,Other disorders,Male,Agegroup:15–17years–95%CI,584.0,584,638,ED
2019–2020,Other disorders,Total,Agegroup:15–17years–95%CI,791.0,791,836,ED
2019–2020,   Trauma- and stressor-related disorders,Female,Agegroup:15–17years–95%CI,810.0,810,875,ED
2019–2020,   Trauma- and stressor-related disorders,Male,Agegroup:15–17years–95%CI,440.0,440,487,ED
2019–2020,   Trauma- and stressor-related disorders,Total,Agegroup:15–17years–95%CI,628.0,628,668,ED
2019–2020,"   Disruptive, impulse control and conduct disorders",Female,Agegroup:15–17years–95%CI,35.0,35,49,ED
2019–2020,"   Disruptive, impulse control and conduct disorders",Male,Agegroup:15–17years–95%CI,55.0,55,72,ED
2019–2020,"   Disruptive, impulse control and conduct disorders",Total,Agegroup:15–17years–95%CI,48.0,48,59,ED
2019–2020,   Eating and feeding disorders,Female,Agegroup:15–17years–95%CI,45.0,45,61,ED
2019–2020,   Eating and feeding disorders,Male,Agegroup:15–17years–95%CI,3.0,3,8,ED
2019–2020,   Eating and feeding disorders,Total,Agegroup:15–17years–95%CI,24.0,24,33,ED
2019–2020,   Tic disorders,Female,Agegroup:15–17years–95%CI,5.0,5,12,ED
2019–2020,   Tic disorders,Male,Agegroup:15–17years–95%CI,2.0,2,6,ED
2019–2020,   Tic disorders,Total,Agegroup:15–17years–95%CI,4.0,4,8,ED
2019–2020,   ADHD,Female,Agegroup:15–17years–95%CI,15.0,15,25,ED
2019–2020,   ADHD,Male,Agegroup:15–17years–95%CI,30.0,30,43,ED
2019–2020,   ADHD,Total,Agegroup:15–17years–95%CI,24.0,24,32,ED
2020–2021,Neurocognitive disorders,Female,Agegroup:15–17years–95%CI,13.0,13,23,ED
2020–2021,Neurocognitive disorders,Male,Agegroup:15–17years–95%CI,8.0,8,15,ED
2020–2021,Neurocognitive disorders,Total,Agegroup:15–17years–95%CI,12.0,12,17,ED
2020–2021,Substance-related disorders,Female,Agegroup:15–17years–95%CI,306.0,306,346,ED
2020–2021,Substance-related disorders,Male,Agegroup:15–17years–95%CI,312.0,312,351,ED
2020–2021,Substance-related disorders,Total,Agegroup:15–17years–95%CI,315.0,315,343,ED
2020–2021,Schizophrenic and psychotic disorders,Female,Agegroup:15–17years–95%CI,52.0,52,70,ED
2020–2021,Schizophrenic and psychotic disorders,Male,Agegroup:15–17years–95%CI,75.0,75,94,ED
2020–2021,Schizophrenic and psychotic disorders,Total,Agegroup:15–17years–95%CI,66.0,66,80,ED
2020–2021,Mood disorders,Female,Agegroup:15–17years–95%CI,766.0,766,828,ED
2020–2021,Mood disorders,Male,Agegroup:15–17years–95%CI,307.0,307,346,ED
2020–2021,Mood disorders,Total,Agegroup:15–17years–95%CI,537.0,537,573,ED
2020–2021,Anxiety disorders,Female,Agegroup:15–17years–95%CI,650.0,650,708,ED
2020–2021,Anxiety disorders,Male,Agegroup:15–17years–95%CI,296.0,296,334,ED
2020–2021,Anxiety disorders,Total,Agegroup:15–17years–95%CI,475.0,475,509,ED
2020–2021,Personality disorders,Female,Agegroup:15–17years–95%CI,57.0,57,75,ED
2020–2021,Personality disorders,Male,Agegroup:15–17years–95%CI,10.0,10,18,ED
2020–2021,Personality disorders,Total,Agegroup:15–17years–95%CI,35.0,35,44,ED
2020–2021,Other disorders,Female,Agegroup:15–17years–95%CI,817.0,817,882,ED
2020–2021,Other disorders,Male,Agegroup:15–17years–95%CI,410.0,410,455,ED
2020–2021,Other disorders,Total,Agegroup:15–17years–95%CI,615.0,615,654,ED
2020–2021,   Trauma- and stressor-related disorders,Female,Agegroup:15–17years–95%CI,589.0,589,644,ED
2020–2021,   Trauma- and stressor-related disorders,Male,Agegroup:15–17years–95%CI,287.0,287,325,ED
2020–2021,   Trauma- and stressor-related disorders,Total,Agegroup:15–17years–95%CI,440.0,440,473,ED
2020–2021,"   Disruptive, impulse control and conduct disorders",Female,Agegroup:15–17years–95%CI,26.0,26,39,ED
2020–2021,"   Disruptive, impulse control and conduct disorders",Male,Agegroup:15–17years–95%CI,36.0,36,50,ED
2020–2021,"   Disruptive, impulse control and conduct disorders",Total,Agegroup:15–17years–95%CI,33.0,33,43,ED
2020–2021,   Eating and feeding disorders,Female,Agegroup:15–17years–95%CI,95.0,95,118,ED
2020–2021,   Eating and feeding disorders,Male,Agegroup:15–17years–95%CI,5.0,5,11,ED
2020–2021,   Eating and feeding disorders,Total,Agegroup:15–17years–95%CI,50.0,50,62,ED
2020–2021,   Tic disorders,Female,Agegroup:15–17years–95%CI,20.0,20,31,ED
2020–2021,   Tic disorders,Male,Agegroup:15–17years–95%CI,2.0,2,6,ED
2020–2021,   Tic disorders,Total,Agegroup:15–17years–95%CI,11.0,11,17,ED
2020–2021,   ADHD,Female,Agegroup:15–17years–95%CI,16.0,16,26,ED
2020–2021,   ADHD,Male,Agegroup:15–17years–95%CI,24.0,24,36,ED
2020–2021,   ADHD,Total,Agegroup:15–17years–95%CI,21.0,21,29,ED
2021–2022,Neurocognitive disorders,Female,Agegroup:15–17years–95%CI,14.0,14,23,ED
2021–2022,Neurocognitive disorders,Male,Agegroup:15–17years–95%CI,8.0,8,15,ED
2021–2022,Neurocognitive disorders,Total,Agegroup:15–17years–95%CI,12.0,12,18,ED
2021–2022,Substance-related disorders,Female,Agegroup:15–17years–95%CI,342.0,342,384,ED
2021–2022,Substance-related disorders,Male,Agegroup:15–17years–95%CI,296.0,296,335,ED
2021–2022,Substance-related disorders,Total,Agegroup:15–17years–95%CI,324.0,324,353,ED
2021–2022,Schizophrenic and psychotic disorders,Female,Agegroup:15–17years–95%CI,56.0,56,74,ED
2021–2022,Schizophrenic and psychotic disorders,Male,Agegroup:15–17years–95%CI,77.0,77,97,ED
2021–2022,Schizophrenic and psychotic disorders,Total,Agegroup:15–17years–95%CI,70.0,70,84,ED
2021–2022,Mood disorders,Female,Agegroup:15–17years–95%CI,999.0,999,1,ED
2021–2022,Mood disorders,Male,Agegroup:15–17years–95%CI,377.0,377,420,ED
2021–2022,Mood disorders,Total,Agegroup:15–17years–95%CI,685.0,685,726,ED
2021–2022,Anxiety disorders,Female,Agegroup:15–17years–95%CI,775.0,775,838,ED
2021–2022,Anxiety disorders,Male,Agegroup:15–17years–95%CI,317.0,317,356,ED
2021–2022,Anxiety disorders,Total,Agegroup:15–17years–95%CI,545.0,545,582,ED
2021–2022,Personality disorders,Female,Agegroup:15–17years–95%CI,95.0,95,118,ED
2021–2022,Personality disorders,Male,Agegroup:15–17years–95%CI,11.0,11,19,ED
2021–2022,Personality disorders,Total,Agegroup:15–17years–95%CI,53.0,53,65,ED
2021–2022,Other disorders,Female,Agegroup:15–17years–95%CI,43.0,43,1,ED
2021–2022,Other disorders,Male,Agegroup:15–17years–95%CI,481.0,481,529,ED
2021–2022,Other disorders,Total,Agegroup:15–17years–95%CI,761.0,761,804,ED
2021–2022,   Trauma- and stressor-related disorders,Female,Agegroup:15–17years–95%CI,757.0,757,820,ED
2021–2022,   Trauma- and stressor-related disorders,Male,Agegroup:15–17years–95%CI,353.0,353,395,ED
2021–2022,   Trauma- and stressor-related disorders,Total,Agegroup:15–17years–95%CI,556.0,556,593,ED
2021–2022,"   Disruptive, impulse control and conduct disorders",Female,Agegroup:15–17years–95%CI,33.0,33,48,ED
2021–2022,"   Disruptive, impulse control and conduct disorders",Male,Agegroup:15–17years–95%CI,33.0,33,47,ED
2021–2022,"   Disruptive, impulse control and conduct disorders",Total,Agegroup:15–17years–95%CI,35.0,35,45,ED
2021–2022,   Eating and feeding disorders,Female,Agegroup:15–17years–95%CI,126.0,126,152,ED
2021–2022,   Eating and feeding disorders,Male,Agegroup:15–17years–95%CI,7.0,7,14,ED
2021–2022,   Eating and feeding disorders,Total,Agegroup:15–17years–95%CI,66.0,66,79,ED
2021–2022,   Tic disorders,Female,Agegroup:15–17years–95%CI,21.0,21,32,ED
2021–2022,   Tic disorders,Male,Agegroup:15–17years–95%CI,2.0,2,7,ED
2021–2022,   Tic disorders,Total,Agegroup:15–17years–95%CI,12.0,12,18,ED
2021–2022,   ADHD,Female,Agegroup:15–17years–95%CI,17.0,17,27,ED
2021–2022,   ADHD,Male,Agegroup:15–17years–95%CI,23.0,23,34,ED
2021–2022,   ADHD,Total,Agegroup:15–17years–95%CI,21.0,21,29,ED
2022–2023,Neurocognitive disorders,Female,Agegroup:15–17years–95%CI,14.0,14,23,ED
2022–2023,Neurocognitive disorders,Male,Agegroup:15–17years–95%CI,6.0,6,13,ED
2022–2023,Neurocognitive disorders,Total,Agegroup:15–17years–95%CI,11.0,11,17,ED
2022–2023,Substance-related disorders,Female,Agegroup:15–17years–95%CI,357.0,357,399,ED
2022–2023,Substance-related disorders,Male,Agegroup:15–17years–95%CI,299.0,299,337,ED
2022–2023,Substance-related disorders,Total,Agegroup:15–17years–95%CI,333.0,333,361,ED
2022–2023,Schizophrenic and psychotic disorders,Female,Agegroup:15–17years–95%CI,52.0,52,69,ED
2022–2023,Schizophrenic and psychotic disorders,Male,Agegroup:15–17years–95%CI,66.0,66,85,ED
2022–2023,Schizophrenic and psychotic disorders,Total,Agegroup:15–17years–95%CI,62.0,62,74,ED
2022–2023,Mood disorders,Female,Agegroup:15–17years–95%CI,800.0,800,863,ED
2022–2023,Mood disorders,Male,Agegroup:15–17years–95%CI,332.0,332,372,ED
2022–2023,Mood disorders,Total,Agegroup:15–17years–95%CI,566.0,566,602,ED
2022–2023,Anxiety disorders,Female,Agegroup:15–17years–95%CI,669.0,669,727,ED
2022–2023,Anxiety disorders,Male,Agegroup:15–17years–95%CI,271.0,271,307,ED
2022–2023,Anxiety disorders,Total,Agegroup:15–17years–95%CI,470.0,470,503,ED
2022–2023,Personality disorders,Female,Agegroup:15–17years–95%CI,76.0,76,96,ED
2022–2023,Personality disorders,Male,Agegroup:15–17years–95%CI,12.0,12,20,ED
2022–2023,Personality disorders,Total,Agegroup:15–17years–95%CI,45.0,45,55,ED
2022–2023,Other disorders,Female,Agegroup:15–17years–95%CI,869.0,869,935,ED
2022–2023,Other disorders,Male,Agegroup:15–17years–95%CI,431.0,431,477,ED
2022–2023,Other disorders,Total,Agegroup:15–17years–95%CI,651.0,651,691,ED
2022–2023,   Trauma- and stressor-related disorders,Female,Agegroup:15–17years–95%CI,660.0,660,717,ED
2022–2023,   Trauma- and stressor-related disorders,Male,Agegroup:15–17years–95%CI,313.0,313,351,ED
2022–2023,   Trauma- and stressor-related disorders,Total,Agegroup:15–17years–95%CI,487.0,487,521,ED
2022–2023,"   Disruptive, impulse control and conduct disorders",Female,Agegroup:15–17years–95%CI,25.0,25,37,ED
2022–2023,"   Disruptive, impulse control and conduct disorders",Male,Agegroup:15–17years–95%CI,32.0,32,46,ED
2022–2023,"   Disruptive, impulse control and conduct disorders",Total,Agegroup:15–17years–95%CI,30.0,30,40,ED
2022–2023,   Eating and feeding disorders,Female,Agegroup:15–17years–95%CI,68.0,68,88,ED
2022–2023,   Eating and feeding disorders,Male,Agegroup:15–17years–95%CI,6.0,6,12,ED
2022–2023,   Eating and feeding disorders,Total,Agegroup:15–17years–95%CI,37.0,37,47,ED
2022–2023,   Tic disorders,Female,Agegroup:15–17years–95%CI,6.0,6,13,ED
2022–2023,   Tic disorders,Male,Agegroup:15–17years–95%CI,1.0,1,4,ED
2022–2023,   Tic disorders,Total,Agegroup:15–17years–95%CI,4.0,4,8,ED
2022–2023,   ADHD,Female,Agegroup:15–17years–95%CI,15.0,15,25,ED
2022–2023,   ADHD,Male,Agegroup:15–17years–95%CI,19.0,19,30,ED
2022–2023,   ADHD,Total,Agegroup:15–17years–95%CI,19.0,19,26,ED
2023–2024,Neurocognitive disorders,Female,Agegroup:15–17years–95%CI,15.0,15,25,ED
2023–2024,Neurocognitive disorders,Male,Agegroup:15–17years–95%CI,13.0,13,22,ED
2023–2024,Neurocognitive disorders,Total,Agegroup:15–17years–95%CI,16.0,16,22,ED
2023–2024,Substance-related disorders,Female,Agegroup:15–17years–95%CI,371.0,371,414,ED
2023–2024,Substance-related disorders,Male,Agegroup:15–17years–95%CI,320.0,320,358,ED
2023–2024,Substance-related disorders,Total,Agegroup:15–17years–95%CI,350.0,350,379,ED
2023–2024,Schizophrenic and psychotic disorders,Female,Agegroup:15–17years–95%CI,48.0,48,65,ED
2023–2024,Schizophrenic and psychotic disorders,Male,Agegroup:15–17years–95%CI,74.0,74,93,ED
2023–2024,Schizophrenic and psychotic disorders,Total,Agegroup:15–17years–95%CI,64.0,64,77,ED
2023–2024,Mood disorders,Female,Agegroup:15–17years–95%CI,635.0,635,690,ED
2023–2024,Mood disorders,Male,Agegroup:15–17years–95%CI,288.0,288,325,ED
2023–2024,Mood disorders,Total,Agegroup:15–17years–95%CI,462.0,462,495,ED
2023–2024,Anxiety disorders,Female,Agegroup:15–17years–95%CI,556.0,556,608,ED
2023–2024,Anxiety disorders,Male,Agegroup:15–17years–95%CI,238.0,238,272,ED
2023–2024,Anxiety disorders,Total,Agegroup:15–17years–95%CI,398.0,398,428,ED
2023–2024,Personality disorders,Female,Agegroup:15–17years–95%CI,74.0,74,93,ED
2023–2024,Personality disorders,Male,Agegroup:15–17years–95%CI,12.0,12,20,ED
2023–2024,Personality disorders,Total,Agegroup:15–17years–95%CI,43.0,43,54,ED
2023–2024,Other disorders,Female,Agegroup:15–17years–95%CI,793.0,793,855,ED
2023–2024,Other disorders,Male,Agegroup:15–17years–95%CI,407.0,407,450,ED
2023–2024,Other disorders,Total,Agegroup:15–17years–95%CI,601.0,601,638,ED
2023–2024,   Trauma- and stressor-related disorders,Female,Agegroup:15–17years–95%CI,601.0,601,655,ED
2023–2024,   Trauma- and stressor-related disorders,Male,Agegroup:15–17years–95%CI,280.0,280,316,ED
2023–2024,   Trauma- and stressor-related disorders,Total,Agegroup:15–17years–95%CI,442.0,442,474,ED
2023–2024,"   Disruptive, impulse control and conduct disorders",Female,Agegroup:15–17years–95%CI,26.0,26,39,ED
2023–2024,"   Disruptive, impulse control and conduct disorders",Male,Agegroup:15–17years–95%CI,33.0,33,46,ED
2023–2024,"   Disruptive, impulse control and conduct disorders",Total,Agegroup:15–17years–95%CI,31.0,31,40,ED
2023–2024,   Eating and feeding disorders,Female,Agegroup:15–17years–95%CI,71.0,71,90,ED
2023–2024,   Eating and feeding disorders,Male,Agegroup:15–17years–95%CI,5.0,5,11,ED
2023–2024,   Eating and feeding disorders,Total,Agegroup:15–17years–95%CI,38.0,38,48,ED
2023–2024,   Tic disorders,Female,Agegroup:15–17years–95%CI,5.0,5,11,ED
2023–2024,   Tic disorders,Male,Agegroup:15–17years–95%CI,1.0,1,5,ED
2023–2024,   Tic disorders,Total,Agegroup:15–17years–95%CI,4.0,4,8,ED
2023–2024,   ADHD,Female,Agegroup:15–17years–95%CI,17.0,17,27,ED
2023–2024,   ADHD,Male,Agegroup:15–17years–95%CI,26.0,26,37,ED
2023–2024,   ADHD,Total,Agegroup:15–17years–95%CI,23.0,23,31,ED
2018–2019,Neurocognitive disorders,Female,Agegroup:18–24years–Rate,35.0,,,ED
2018–2019,Neurocognitive disorders,Male,Agegroup:18–24years–Rate,23.0,,,ED
2018–2019,Neurocognitive disorders,Total,Agegroup:18–24years–Rate,29.0,,,ED
2018–2019,Substance-related disorders,Female,Agegroup:18–24years–Rate,738.0,,,ED
2018–2019,Substance-related disorders,Male,Agegroup:18–24years–Rate,892.0,,,ED
2018–2019,Substance-related disorders,Total,Agegroup:18–24years–Rate,818.0,,,ED
2018–2019,Schizophrenic and psychotic disorders,Female,Agegroup:18–24years–Rate,117.0,,,ED
2018–2019,Schizophrenic and psychotic disorders,Male,Agegroup:18–24years–Rate,289.0,,,ED
2018–2019,Schizophrenic and psychotic disorders,Total,Agegroup:18–24years–Rate,207.0,,,ED
2018–2019,Mood disorders,Female,Agegroup:18–24years–Rate,764.0,,,ED
2018–2019,Mood disorders,Male,Agegroup:18–24years–Rate,503.0,,,ED
2018–2019,Mood disorders,Total,Agegroup:18–24years–Rate,628.0,,,ED
2018–2019,Anxiety disorders,Female,Agegroup:18–24years–Rate,807.0,,,ED
2018–2019,Anxiety disorders,Male,Agegroup:18–24years–Rate,528.0,,,ED
2018–2019,Anxiety disorders,Total,Agegroup:18–24years–Rate,662.0,,,ED
2018–2019,Personality disorders,Female,Agegroup:18–24years–Rate,161.0,,,ED
2018–2019,Personality disorders,Male,Agegroup:18–24years–Rate,49.0,,,ED
2018–2019,Personality disorders,Total,Agegroup:18–24years–Rate,102.0,,,ED
2018–2019,Other disorders,Female,Agegroup:18–24years–Rate,702.0,,,ED
2018–2019,Other disorders,Male,Agegroup:18–24years–Rate,488.0,,,ED
2018–2019,Other disorders,Total,Agegroup:18–24years–Rate,590.0,,,ED
2018–2019,   Trauma- and stressor-related disorders,Female,Agegroup:18–24years–Rate,607.0,,,ED
2018–2019,   Trauma- and stressor-related disorders,Male,Agegroup:18–24years–Rate,409.0,,,ED
2018–2019,   Trauma- and stressor-related disorders,Total,Agegroup:18–24years–Rate,504.0,,,ED
2018–2019,"   Disruptive, impulse control and conduct disorders",Female,Agegroup:18–24years–Rate,11.0,,,ED
2018–2019,"   Disruptive, impulse control and conduct disorders",Male,Agegroup:18–24years–Rate,14.0,,,ED
2018–2019,"   Disruptive, impulse control and conduct disorders",Total,Agegroup:18–24years–Rate,13.0,,,ED
2018–2019,   Eating and feeding disorders,Female,Agegroup:18–24years–Rate,19.0,,,ED
2018–2019,   Eating and feeding disorders,Male,Agegroup:18–24years–Rate,2.0,,,ED
2018–2019,   Eating and feeding disorders,Total,Agegroup:18–24years–Rate,10.0,,,ED
2018–2019,   Tic disorders,Female,Agegroup:18–24years–Rate,1.0,,,ED
2018–2019,   Tic disorders,Male,Agegroup:18–24years–Rate,1.0,,,ED
2018–2019,   Tic disorders,Total,Agegroup:18–24years–Rate,1.0,,,ED
2018–2019,   ADHD,Female,Agegroup:18–24years–Rate,6.0,,,ED
2018–2019,   ADHD,Male,Agegroup:18–24years–Rate,11.0,,,ED
2018–2019,   ADHD,Total,Agegroup:18–24years–Rate,9.0,,,ED
2019–2020,Neurocognitive disorders,Female,Agegroup:18–24years–Rate,29.0,,,ED
2019–2020,Neurocognitive disorders,Male,Agegroup:18–24years–Rate,20.0,,,ED
2019–2020,Neurocognitive disorders,Total,Agegroup:18–24years–Rate,24.0,,,ED
2019–2020,Substance-related disorders,Female,Agegroup:18–24years–Rate,699.0,,,ED
2019–2020,Substance-related disorders,Male,Agegroup:18–24years–Rate,810.0,,,ED
2019–2020,Substance-related disorders,Total,Agegroup:18–24years–Rate,757.0,,,ED
2019–2020,Schizophrenic and psychotic disorders,Female,Agegroup:18–24years–Rate,114.0,,,ED
2019–2020,Schizophrenic and psychotic disorders,Male,Agegroup:18–24years–Rate,272.0,,,ED
2019–2020,Schizophrenic and psychotic disorders,Total,Agegroup:18–24years–Rate,197.0,,,ED
2019–2020,Mood disorders,Female,Agegroup:18–24years–Rate,702.0,,,ED
2019–2020,Mood disorders,Male,Agegroup:18–24years–Rate,444.0,,,ED
2019–2020,Mood disorders,Total,Agegroup:18–24years–Rate,567.0,,,ED
2019–2020,Anxiety disorders,Female,Agegroup:18–24years–Rate,749.0,,,ED
2019–2020,Anxiety disorders,Male,Agegroup:18–24years–Rate,506.0,,,ED
2019–2020,Anxiety disorders,Total,Agegroup:18–24years–Rate,622.0,,,ED
2019–2020,Personality disorders,Female,Agegroup:18–24years–Rate,165.0,,,ED
2019–2020,Personality disorders,Male,Agegroup:18–24years–Rate,45.0,,,ED
2019–2020,Personality disorders,Total,Agegroup:18–24years–Rate,102.0,,,ED
2019–2020,Other disorders,Female,Agegroup:18–24years–Rate,686.0,,,ED
2019–2020,Other disorders,Male,Agegroup:18–24years–Rate,468.0,,,ED
2019–2020,Other disorders,Total,Agegroup:18–24years–Rate,572.0,,,ED
2019–2020,   Trauma- and stressor-related disorders,Female,Agegroup:18–24years–Rate,591.0,,,ED
2019–2020,   Trauma- and stressor-related disorders,Male,Agegroup:18–24years–Rate,395.0,,,ED
2019–2020,   Trauma- and stressor-related disorders,Total,Agegroup:18–24years–Rate,489.0,,,ED
2019–2020,"   Disruptive, impulse control and conduct disorders",Female,Agegroup:18–24years–Rate,8.0,,,ED
2019–2020,"   Disruptive, impulse control and conduct disorders",Male,Agegroup:18–24years–Rate,15.0,,,ED
2019–2020,"   Disruptive, impulse control and conduct disorders",Total,Agegroup:18–24years–Rate,11.0,,,ED
2019–2020,   Eating and feeding disorders,Female,Agegroup:18–24years–Rate,18.0,,,ED
2019–2020,   Eating and feeding disorders,Male,Agegroup:18–24years–Rate,2.0,,,ED
2019–2020,   Eating and feeding disorders,Total,Agegroup:18–24years–Rate,9.0,,,ED
2019–2020,   Tic disorders,Female,Agegroup:18–24years–Rate,1.0,,,ED
2019–2020,   Tic disorders,Male,Agegroup:18–24years–Rate,1.0,,,ED
2019–2020,   Tic disorders,Total,Agegroup:18–24years–Rate,1.0,,,ED
2019–2020,   ADHD,Female,Agegroup:18–24years–Rate,6.0,,,ED
2019–2020,   ADHD,Male,Agegroup:18–24years–Rate,11.0,,,ED
2019–2020,   ADHD,Total,Agegroup:18–24years–Rate,9.0,,,ED
2020–2021,Neurocognitive disorders,Female,Agegroup:18–24years–Rate,21.0,,,ED
2020–2021,Neurocognitive disorders,Male,Agegroup:18–24years–Rate,15.0,,,ED
2020–2021,Neurocognitive disorders,Total,Agegroup:18–24years–Rate,18.0,,,ED
2020–2021,Substance-related disorders,Female,Agegroup:18–24years–Rate,502.0,,,ED
2020–2021,Substance-related disorders,Male,Agegroup:18–24years–Rate,639.0,,,ED
2020–2021,Substance-related disorders,Total,Agegroup:18–24years–Rate,573.0,,,ED
2020–2021,Schizophrenic and psychotic disorders,Female,Agegroup:18–24years–Rate,133.0,,,ED
2020–2021,Schizophrenic and psychotic disorders,Male,Agegroup:18–24years–Rate,273.0,,,ED
2020–2021,Schizophrenic and psychotic disorders,Total,Agegroup:18–24years–Rate,206.0,,,ED
2020–2021,Mood disorders,Female,Agegroup:18–24years–Rate,546.0,,,ED
2020–2021,Mood disorders,Male,Agegroup:18–24years–Rate,340.0,,,ED
2020–2021,Mood disorders,Total,Agegroup:18–24years–Rate,439.0,,,ED
2020–2021,Anxiety disorders,Female,Agegroup:18–24years–Rate,656.0,,,ED
2020–2021,Anxiety disorders,Male,Agegroup:18–24years–Rate,442.0,,,ED
2020–2021,Anxiety disorders,Total,Agegroup:18–24years–Rate,544.0,,,ED
2020–2021,Personality disorders,Female,Agegroup:18–24years–Rate,143.0,,,ED
2020–2021,Personality disorders,Male,Agegroup:18–24years–Rate,40.0,,,ED
2020–2021,Personality disorders,Total,Agegroup:18–24years–Rate,90.0,,,ED
2020–2021,Other disorders,Female,Agegroup:18–24years–Rate,583.0,,,ED
2020–2021,Other disorders,Male,Agegroup:18–24years–Rate,405.0,,,ED
2020–2021,Other disorders,Total,Agegroup:18–24years–Rate,490.0,,,ED
2020–2021,   Trauma- and stressor-related disorders,Female,Agegroup:18–24years–Rate,497.0,,,ED
2020–2021,   Trauma- and stressor-related disorders,Male,Agegroup:18–24years–Rate,337.0,,,ED
2020–2021,   Trauma- and stressor-related disorders,Total,Agegroup:18–24years–Rate,414.0,,,ED
2020–2021,"   Disruptive, impulse control and conduct disorders",Female,Agegroup:18–24years–Rate,8.0,,,ED
2020–2021,"   Disruptive, impulse control and conduct disorders",Male,Agegroup:18–24years–Rate,13.0,,,ED
2020–2021,"   Disruptive, impulse control and conduct disorders",Total,Agegroup:18–24years–Rate,10.0,,,ED
2020–2021,   Eating and feeding disorders,Female,Agegroup:18–24years–Rate,21.0,,,ED
2020–2021,   Eating and feeding disorders,Male,Agegroup:18–24years–Rate,1.0,,,ED
2020–2021,   Eating and feeding disorders,Total,Agegroup:18–24years–Rate,11.0,,,ED
2020–2021,   Tic disorders,Female,Agegroup:18–24years–Rate,3.0,,,ED
2020–2021,   Tic disorders,Male,Agegroup:18–24years–Rate,1.0,,,ED
2020–2021,   Tic disorders,Total,Agegroup:18–24years–Rate,2.0,,,ED
2020–2021,   ADHD,Female,Agegroup:18–24years–Rate,5.0,,,ED
2020–2021,   ADHD,Male,Agegroup:18–24years–Rate,10.0,,,ED
2020–2021,   ADHD,Total,Agegroup:18–24years–Rate,8.0,,,ED
2021–2022,Neurocognitive disorders,Female,Agegroup:18–24years–Rate,25.0,,,ED
2021–2022,Neurocognitive disorders,Male,Agegroup:18–24years–Rate,16.0,,,ED
2021–2022,Neurocognitive disorders,Total,Agegroup:18–24years–Rate,20.0,,,ED
2021–2022,Substance-related disorders,Female,Agegroup:18–24years–Rate,622.0,,,ED
2021–2022,Substance-related disorders,Male,Agegroup:18–24years–Rate,655.0,,,ED
2021–2022,Substance-related disorders,Total,Agegroup:18–24years–Rate,639.0,,,ED
2021–2022,Schizophrenic and psychotic disorders,Female,Agegroup:18–24years–Rate,134.0,,,ED
2021–2022,Schizophrenic and psychotic disorders,Male,Agegroup:18–24years–Rate,265.0,,,ED
2021–2022,Schizophrenic and psychotic disorders,Total,Agegroup:18–24years–Rate,202.0,,,ED
2021–2022,Mood disorders,Female,Agegroup:18–24years–Rate,672.0,,,ED
2021–2022,Mood disorders,Male,Agegroup:18–24years–Rate,383.0,,,ED
2021–2022,Mood disorders,Total,Agegroup:18–24years–Rate,522.0,,,ED
2021–2022,Anxiety disorders,Female,Agegroup:18–24years–Rate,755.0,,,ED
2021–2022,Anxiety disorders,Male,Agegroup:18–24years–Rate,437.0,,,ED
2021–2022,Anxiety disorders,Total,Agegroup:18–24years–Rate,590.0,,,ED
2021–2022,Personality disorders,Female,Agegroup:18–24years–Rate,173.0,,,ED
2021–2022,Personality disorders,Male,Agegroup:18–24years–Rate,43.0,,,ED
2021–2022,Personality disorders,Total,Agegroup:18–24years–Rate,105.0,,,ED
2021–2022,Other disorders,Female,Agegroup:18–24years–Rate,671.0,,,ED
2021–2022,Other disorders,Male,Agegroup:18–24years–Rate,422.0,,,ED
2021–2022,Other disorders,Total,Agegroup:18–24years–Rate,542.0,,,ED
2021–2022,   Trauma- and stressor-related disorders,Female,Agegroup:18–24years–Rate,569.0,,,ED
2021–2022,   Trauma- and stressor-related disorders,Male,Agegroup:18–24years–Rate,340.0,,,ED
2021–2022,   Trauma- and stressor-related disorders,Total,Agegroup:18–24years–Rate,450.0,,,ED
2021–2022,"   Disruptive, impulse control and conduct disorders",Female,Agegroup:18–24years–Rate,8.0,,,ED
2021–2022,"   Disruptive, impulse control and conduct disorders",Male,Agegroup:18–24years–Rate,11.0,,,ED
2021–2022,"   Disruptive, impulse control and conduct disorders",Total,Agegroup:18–24years–Rate,10.0,,,ED
2021–2022,   Eating and feeding disorders,Female,Agegroup:18–24years–Rate,25.0,,,ED
2021–2022,   Eating and feeding disorders,Male,Agegroup:18–24years–Rate,2.0,,,ED
2021–2022,   Eating and feeding disorders,Total,Agegroup:18–24years–Rate,13.0,,,ED
2021–2022,   Tic disorders,Female,Agegroup:18–24years–Rate,2.0,,,ED
2021–2022,   Tic disorders,Male,Agegroup:18–24years–Rate,1.0,,,ED
2021–2022,   Tic disorders,Total,Agegroup:18–24years–Rate,1.0,,,ED
2021–2022,   ADHD,Female,Agegroup:18–24years–Rate,9.0,,,ED
2021–2022,   ADHD,Male,Agegroup:18–24years–Rate,11.0,,,ED
2021–2022,   ADHD,Total,Agegroup:18–24years–Rate,10.0,,,ED
2022–2023,Neurocognitive disorders,Female,Agegroup:18–24years–Rate,17.0,,,ED
2022–2023,Neurocognitive disorders,Male,Agegroup:18–24years–Rate,13.0,,,ED
2022–2023,Neurocognitive disorders,Total,Agegroup:18–24years–Rate,15.0,,,ED
2022–2023,Substance-related disorders,Female,Agegroup:18–24years–Rate,552.0,,,ED
2022–2023,Substance-related disorders,Male,Agegroup:18–24years–Rate,591.0,,,ED
2022–2023,Substance-related disorders,Total,Agegroup:18–24years–Rate,573.0,,,ED
2022–2023,Schizophrenic and psychotic disorders,Female,Agegroup:18–24years–Rate,124.0,,,ED
2022–2023,Schizophrenic and psychotic disorders,Male,Agegroup:18–24years–Rate,232.0,,,ED
2022–2023,Schizophrenic and psychotic disorders,Total,Agegroup:18–24years–Rate,180.0,,,ED
2022–2023,Mood disorders,Female,Agegroup:18–24years–Rate,562.0,,,ED
2022–2023,Mood disorders,Male,Agegroup:18–24years–Rate,346.0,,,ED
2022–2023,Mood disorders,Total,Agegroup:18–24years–Rate,449.0,,,ED
2022–2023,Anxiety disorders,Female,Agegroup:18–24years–Rate,620.0,,,ED
2022–2023,Anxiety disorders,Male,Agegroup:18–24years–Rate,368.0,,,ED
2022–2023,Anxiety disorders,Total,Agegroup:18–24years–Rate,489.0,,,ED
2022–2023,Personality disorders,Female,Agegroup:18–24years–Rate,150.0,,,ED
2022–2023,Personality disorders,Male,Agegroup:18–24years–Rate,39.0,,,ED
2022–2023,Personality disorders,Total,Agegroup:18–24years–Rate,92.0,,,ED
2022–2023,Other disorders,Female,Agegroup:18–24years–Rate,573.0,,,ED
2022–2023,Other disorders,Male,Agegroup:18–24years–Rate,358.0,,,ED
2022–2023,Other disorders,Total,Agegroup:18–24years–Rate,461.0,,,ED
2022–2023,   Trauma- and stressor-related disorders,Female,Agegroup:18–24years–Rate,480.0,,,ED
2022–2023,   Trauma- and stressor-related disorders,Male,Agegroup:18–24years–Rate,286.0,,,ED
2022–2023,   Trauma- and stressor-related disorders,Total,Agegroup:18–24years–Rate,379.0,,,ED
2022–2023,"   Disruptive, impulse control and conduct disorders",Female,Agegroup:18–24years–Rate,7.0,,,ED
2022–2023,"   Disruptive, impulse control and conduct disorders",Male,Agegroup:18–24years–Rate,10.0,,,ED
2022–2023,"   Disruptive, impulse control and conduct disorders",Total,Agegroup:18–24years–Rate,9.0,,,ED
2022–2023,   Eating and feeding disorders,Female,Agegroup:18–24years–Rate,19.0,,,ED
2022–2023,   Eating and feeding disorders,Male,Agegroup:18–24years–Rate,2.0,,,ED
2022–2023,   Eating and feeding disorders,Total,Agegroup:18–24years–Rate,10.0,,,ED
2022–2023,   Tic disorders,Female,Agegroup:18–24years–Rate,2.0,,,ED
2022–2023,   Tic disorders,Male,Agegroup:18–24years–Rate,1.0,,,ED
2022–2023,   Tic disorders,Total,Agegroup:18–24years–Rate,1.0,,,ED
2022–2023,   ADHD,Female,Agegroup:18–24years–Rate,8.0,,,ED
2022–2023,   ADHD,Male,Agegroup:18–24years–Rate,12.0,,,ED
2022–2023,   ADHD,Total,Agegroup:18–24years–Rate,10.0,,,ED
2023–2024,Neurocognitive disorders,Female,Agegroup:18–24years–Rate,16.0,,,ED
2023–2024,Neurocognitive disorders,Male,Agegroup:18–24years–Rate,11.0,,,ED
2023–2024,Neurocognitive disorders,Total,Agegroup:18–24years–Rate,13.0,,,ED
2023–2024,Substance-related disorders,Female,Agegroup:18–24years–Rate,520.0,,,ED
2023–2024,Substance-related disorders,Male,Agegroup:18–24years–Rate,522.0,,,ED
2023–2024,Substance-related disorders,Total,Agegroup:18–24years–Rate,521.0,,,ED
2023–2024,Schizophrenic and psychotic disorders,Female,Agegroup:18–24years–Rate,115.0,,,ED
2023–2024,Schizophrenic and psychotic disorders,Male,Agegroup:18–24years–Rate,203.0,,,ED
2023–2024,Schizophrenic and psychotic disorders,Total,Agegroup:18–24years–Rate,161.0,,,ED
2023–2024,Mood disorders,Female,Agegroup:18–24years–Rate,461.0,,,ED
2023–2024,Mood disorders,Male,Agegroup:18–24years–Rate,285.0,,,ED
2023–2024,Mood disorders,Total,Agegroup:18–24years–Rate,369.0,,,ED
2023–2024,Anxiety disorders,Female,Agegroup:18–24years–Rate,523.0,,,ED
2023–2024,Anxiety disorders,Male,Agegroup:18–24years–Rate,315.0,,,ED
2023–2024,Anxiety disorders,Total,Agegroup:18–24years–Rate,414.0,,,ED
2023–2024,Personality disorders,Female,Agegroup:18–24years–Rate,133.0,,,ED
2023–2024,Personality disorders,Male,Agegroup:18–24years–Rate,36.0,,,ED
2023–2024,Personality disorders,Total,Agegroup:18–24years–Rate,82.0,,,ED
2023–2024,Other disorders,Female,Agegroup:18–24years–Rate,490.0,,,ED
2023–2024,Other disorders,Male,Agegroup:18–24years–Rate,310.0,,,ED
2023–2024,Other disorders,Total,Agegroup:18–24years–Rate,396.0,,,ED
2023–2024,   Trauma- and stressor-related disorders,Female,Agegroup:18–24years–Rate,402.0,,,ED
2023–2024,   Trauma- and stressor-related disorders,Male,Agegroup:18–24years–Rate,242.0,,,ED
2023–2024,   Trauma- and stressor-related disorders,Total,Agegroup:18–24years–Rate,318.0,,,ED
2023–2024,"   Disruptive, impulse control and conduct disorders",Female,Agegroup:18–24years–Rate,4.0,,,ED
2023–2024,"   Disruptive, impulse control and conduct disorders",Male,Agegroup:18–24years–Rate,8.0,,,ED
2023–2024,"   Disruptive, impulse control and conduct disorders",Total,Agegroup:18–24years–Rate,6.0,,,ED
2023–2024,   Eating and feeding disorders,Female,Agegroup:18–24years–Rate,18.0,,,ED
2023–2024,   Eating and feeding disorders,Male,Agegroup:18–24years–Rate,2.0,,,ED
2023–2024,   Eating and feeding disorders,Total,Agegroup:18–24years–Rate,10.0,,,ED
2023–2024,   Tic disorders,Female,Agegroup:18–24years–Rate,3.0,,,ED
2023–2024,   Tic disorders,Male,Agegroup:18–24years–Rate,1.0,,,ED
2023–2024,   Tic disorders,Total,Agegroup:18–24years–Rate,2.0,,,ED
2023–2024,   ADHD,Female,Agegroup:18–24years–Rate,7.0,,,ED
2023–2024,   ADHD,Male,Agegroup:18–24years–Rate,10.0,,,ED
2023–2024,   ADHD,Total,Agegroup:18–24years–Rate,9.0,,,ED
2018–2019,Neurocognitive disorders,Female,Agegroup:18–24years–95%CI,31.0,31,39,ED
2018–2019,Neurocognitive disorders,Male,Agegroup:18–24years–95%CI,20.0,20,27,ED
2018–2019,Neurocognitive disorders,Total,Agegroup:18–24years–95%CI,26.0,26,31,ED
2018–2019,Substance-related disorders,Female,Agegroup:18–24years–95%CI,720.0,720,756,ED
2018–2019,Substance-related disorders,Male,Agegroup:18–24years–95%CI,873.0,873,911,ED
2018–2019,Substance-related disorders,Total,Agegroup:18–24years–95%CI,805.0,805,832,ED
2018–2019,Schizophrenic and psychotic disorders,Female,Agegroup:18–24years–95%CI,110.0,110,125,ED
2018–2019,Schizophrenic and psychotic disorders,Male,Agegroup:18–24years–95%CI,278.0,278,300,ED
2018–2019,Schizophrenic and psychotic disorders,Total,Agegroup:18–24years–95%CI,200.0,200,214,ED
2018–2019,Mood disorders,Female,Agegroup:18–24years–95%CI,745.0,745,783,ED
2018–2019,Mood disorders,Male,Agegroup:18–24years–95%CI,489.0,489,518,ED
2018–2019,Mood disorders,Total,Agegroup:18–24years–95%CI,616.0,616,640,ED
2018–2019,Anxiety disorders,Female,Agegroup:18–24years–95%CI,788.0,788,826,ED
2018–2019,Anxiety disorders,Male,Agegroup:18–24years–95%CI,513.0,513,543,ED
2018–2019,Anxiety disorders,Total,Agegroup:18–24years–95%CI,650.0,650,674,ED
2018–2019,Personality disorders,Female,Agegroup:18–24years–95%CI,153.0,153,170,ED
2018–2019,Personality disorders,Male,Agegroup:18–24years–95%CI,44.0,44,53,ED
2018–2019,Personality disorders,Total,Agegroup:18–24years–95%CI,98.0,98,107,ED
2018–2019,Other disorders,Female,Agegroup:18–24years–95%CI,684.0,684,720,ED
2018–2019,Other disorders,Male,Agegroup:18–24years–95%CI,474.0,474,503,ED
2018–2019,Other disorders,Total,Agegroup:18–24years–95%CI,579.0,579,602,ED
2018–2019,   Trauma- and stressor-related disorders,Female,Agegroup:18–24years–95%CI,591.0,591,624,ED
2018–2019,   Trauma- and stressor-related disorders,Male,Agegroup:18–24years–95%CI,396.0,396,422,ED
2018–2019,   Trauma- and stressor-related disorders,Total,Agegroup:18–24years–95%CI,494.0,494,515,ED
2018–2019,"   Disruptive, impulse control and conduct disorders",Female,Agegroup:18–24years–95%CI,9.0,9,13,ED
2018–2019,"   Disruptive, impulse control and conduct disorders",Male,Agegroup:18–24years–95%CI,12.0,12,16,ED
2018–2019,"   Disruptive, impulse control and conduct disorders",Total,Agegroup:18–24years–95%CI,11.0,11,14,ED
2018–2019,   Eating and feeding disorders,Female,Agegroup:18–24years–95%CI,16.0,16,22,ED
2018–2019,   Eating and feeding disorders,Male,Agegroup:18–24years–95%CI,1.0,1,3,ED
2018–2019,   Eating and feeding disorders,Total,Agegroup:18–24years–95%CI,9.0,9,12,ED
2018–2019,   Tic disorders,Female,Agegroup:18–24years–95%CI,0.0,0,1,ED
2018–2019,   Tic disorders,Male,Agegroup:18–24years–95%CI,1.0,1,2,ED
2018–2019,   Tic disorders,Total,Agegroup:18–24years–95%CI,1.0,1,1,ED
2018–2019,   ADHD,Female,Agegroup:18–24years–95%CI,4.0,4,7,ED
2018–2019,   ADHD,Male,Agegroup:18–24years–95%CI,9.0,9,14,ED
2018–2019,   ADHD,Total,Agegroup:18–24years–95%CI,7.0,7,10,ED
2019–2020,Neurocognitive disorders,Female,Agegroup:18–24years–95%CI,26.0,26,33,ED
2019–2020,Neurocognitive disorders,Male,Agegroup:18–24years–95%CI,17.0,17,22,ED
2019–2020,Neurocognitive disorders,Total,Agegroup:18–24years–95%CI,22.0,22,26,ED
2019–2020,Substance-related disorders,Female,Agegroup:18–24years–95%CI,681.0,681,717,ED
2019–2020,Substance-related disorders,Male,Agegroup:18–24years–95%CI,791.0,791,828,ED
2019–2020,Substance-related disorders,Total,Agegroup:18–24years–95%CI,744.0,744,770,ED
2019–2020,Schizophrenic and psychotic disorders,Female,Agegroup:18–24years–95%CI,107.0,107,121,ED
2019–2020,Schizophrenic and psychotic disorders,Male,Agegroup:18–24years–95%CI,262.0,262,283,ED
2019–2020,Schizophrenic and psychotic disorders,Total,Agegroup:18–24years–95%CI,190.0,190,203,ED
2019–2020,Mood disorders,Female,Agegroup:18–24years–95%CI,684.0,684,720,ED
2019–2020,Mood disorders,Male,Agegroup:18–24years–95%CI,430.0,430,457,ED
2019–2020,Mood disorders,Total,Agegroup:18–24years–95%CI,556.0,556,578,ED
2019–2020,Anxiety disorders,Female,Agegroup:18–24years–95%CI,731.0,731,768,ED
2019–2020,Anxiety disorders,Male,Agegroup:18–24years–95%CI,491.0,491,520,ED
2019–2020,Anxiety disorders,Total,Agegroup:18–24years–95%CI,611.0,611,634,ED
2019–2020,Personality disorders,Female,Agegroup:18–24years–95%CI,157.0,157,174,ED
2019–2020,Personality disorders,Male,Agegroup:18–24years–95%CI,40.0,40,49,ED
2019–2020,Personality disorders,Total,Agegroup:18–24years–95%CI,98.0,98,107,ED
2019–2020,Other disorders,Female,Agegroup:18–24years–95%CI,669.0,669,704,ED
2019–2020,Other disorders,Male,Agegroup:18–24years–95%CI,454.0,454,481,ED
2019–2020,Other disorders,Total,Agegroup:18–24years–95%CI,561.0,561,583,ED
2019–2020,   Trauma- and stressor-related disorders,Female,Agegroup:18–24years–95%CI,575.0,575,608,ED
2019–2020,   Trauma- and stressor-related disorders,Male,Agegroup:18–24years–95%CI,382.0,382,407,ED
2019–2020,   Trauma- and stressor-related disorders,Total,Agegroup:18–24years–95%CI,478.0,478,499,ED
2019–2020,"   Disruptive, impulse control and conduct disorders",Female,Agegroup:18–24years–95%CI,6.0,6,10,ED
2019–2020,"   Disruptive, impulse control and conduct disorders",Male,Agegroup:18–24years–95%CI,12.0,12,17,ED
2019–2020,"   Disruptive, impulse control and conduct disorders",Total,Agegroup:18–24years–95%CI,10.0,10,13,ED
2019–2020,   Eating and feeding disorders,Female,Agegroup:18–24years–95%CI,15.0,15,20,ED
2019–2020,   Eating and feeding disorders,Male,Agegroup:18–24years–95%CI,1.0,1,2,ED
2019–2020,   Eating and feeding disorders,Total,Agegroup:18–24years–95%CI,8.0,8,11,ED
2019–2020,   Tic disorders,Female,Agegroup:18–24years–95%CI,0.0,0,2,ED
2019–2020,   Tic disorders,Male,Agegroup:18–24years–95%CI,1.0,1,2,ED
2019–2020,   Tic disorders,Total,Agegroup:18–24years–95%CI,1.0,1,2,ED
2019–2020,   ADHD,Female,Agegroup:18–24years–95%CI,5.0,5,8,ED
2019–2020,   ADHD,Male,Agegroup:18–24years–95%CI,9.0,9,13,ED
2019–2020,   ADHD,Total,Agegroup:18–24years–95%CI,7.0,7,10,ED
2020–2021,Neurocognitive disorders,Female,Agegroup:18–24years–95%CI,18.0,18,25,ED
2020–2021,Neurocognitive disorders,Male,Agegroup:18–24years–95%CI,12.0,12,17,ED
2020–2021,Neurocognitive disorders,Total,Agegroup:18–24years–95%CI,16.0,16,20,ED
2020–2021,Substance-related disorders,Female,Agegroup:18–24years–95%CI,487.0,487,517,ED
2020–2021,Substance-related disorders,Male,Agegroup:18–24years–95%CI,623.0,623,656,ED
2020–2021,Substance-related disorders,Total,Agegroup:18–24years–95%CI,562.0,562,585,ED
2020–2021,Schizophrenic and psychotic disorders,Female,Agegroup:18–24years–95%CI,125.0,125,141,ED
2020–2021,Schizophrenic and psychotic disorders,Male,Agegroup:18–24years–95%CI,263.0,263,284,ED
2020–2021,Schizophrenic and psychotic disorders,Total,Agegroup:18–24years–95%CI,199.0,199,213,ED
2020–2021,Mood disorders,Female,Agegroup:18–24years–95%CI,530.0,530,562,ED
2020–2021,Mood disorders,Male,Agegroup:18–24years–95%CI,328.0,328,352,ED
2020–2021,Mood disorders,Total,Agegroup:18–24years–95%CI,429.0,429,449,ED
2020–2021,Anxiety disorders,Female,Agegroup:18–24years–95%CI,638.0,638,673,ED
2020–2021,Anxiety disorders,Male,Agegroup:18–24years–95%CI,428.0,428,455,ED
2020–2021,Anxiety disorders,Total,Agegroup:18–24years–95%CI,533.0,533,555,ED
2020–2021,Personality disorders,Female,Agegroup:18–24years–95%CI,135.0,135,152,ED
2020–2021,Personality disorders,Male,Agegroup:18–24years–95%CI,36.0,36,44,ED
2020–2021,Personality disorders,Total,Agegroup:18–24years–95%CI,85.0,85,94,ED
2020–2021,Other disorders,Female,Agegroup:18–24years–95%CI,567.0,567,600,ED
2020–2021,Other disorders,Male,Agegroup:18–24years–95%CI,392.0,392,418,ED
2020–2021,Other disorders,Total,Agegroup:18–24years–95%CI,480.0,480,501,ED
2020–2021,   Trauma- and stressor-related disorders,Female,Agegroup:18–24years–95%CI,482.0,482,512,ED
2020–2021,   Trauma- and stressor-related disorders,Male,Agegroup:18–24years–95%CI,325.0,325,349,ED
2020–2021,   Trauma- and stressor-related disorders,Total,Agegroup:18–24years–95%CI,404.0,404,423,ED
2020–2021,"   Disruptive, impulse control and conduct disorders",Female,Agegroup:18–24years–95%CI,6.0,6,10,ED
2020–2021,"   Disruptive, impulse control and conduct disorders",Male,Agegroup:18–24years–95%CI,11.0,11,15,ED
2020–2021,"   Disruptive, impulse control and conduct disorders",Total,Agegroup:18–24years–95%CI,9.0,9,12,ED
2020–2021,   Eating and feeding disorders,Female,Agegroup:18–24years–95%CI,18.0,18,24,ED
2020–2021,   Eating and feeding disorders,Male,Agegroup:18–24years–95%CI,0.0,0,1,ED
2020–2021,   Eating and feeding disorders,Total,Agegroup:18–24years–95%CI,9.0,9,12,ED
2020–2021,   Tic disorders,Female,Agegroup:18–24years–95%CI,2.0,2,4,ED
2020–2021,   Tic disorders,Male,Agegroup:18–24years–95%CI,0.0,0,2,ED
2020–2021,   Tic disorders,Total,Agegroup:18–24years–95%CI,1.0,1,3,ED
2020–2021,   ADHD,Female,Agegroup:18–24years–95%CI,3.0,3,6,ED
2020–2021,   ADHD,Male,Agegroup:18–24years–95%CI,8.0,8,12,ED
2020–2021,   ADHD,Total,Agegroup:18–24years–95%CI,6.0,6,9,ED
2021–2022,Neurocognitive disorders,Female,Agegroup:18–24years–95%CI,21.0,21,28,ED
2021–2022,Neurocognitive disorders,Male,Agegroup:18–24years–95%CI,13.0,13,18,ED
2021–2022,Neurocognitive disorders,Total,Agegroup:18–24years–95%CI,18.0,18,22,ED
2021–2022,Substance-related disorders,Female,Agegroup:18–24years–95%CI,605.0,605,639,ED
2021–2022,Substance-related disorders,Male,Agegroup:18–24years–95%CI,638.0,638,672,ED
2021–2022,Substance-related disorders,Total,Agegroup:18–24years–95%CI,627.0,627,651,ED
2021–2022,Schizophrenic and psychotic disorders,Female,Agegroup:18–24years–95%CI,126.0,126,142,ED
2021–2022,Schizophrenic and psychotic disorders,Male,Agegroup:18–24years–95%CI,254.0,254,276,ED
2021–2022,Schizophrenic and psychotic disorders,Total,Agegroup:18–24years–95%CI,195.0,195,209,ED
2021–2022,Mood disorders,Female,Agegroup:18–24years–95%CI,654.0,654,689,ED
2021–2022,Mood disorders,Male,Agegroup:18–24years–95%CI,370.0,370,396,ED
2021–2022,Mood disorders,Total,Agegroup:18–24years–95%CI,511.0,511,532,ED
2021–2022,Anxiety disorders,Female,Agegroup:18–24years–95%CI,736.0,736,774,ED
2021–2022,Anxiety disorders,Male,Agegroup:18–24years–95%CI,423.0,423,451,ED
2021–2022,Anxiety disorders,Total,Agegroup:18–24years–95%CI,578.0,578,601,ED
2021–2022,Personality disorders,Female,Agegroup:18–24years–95%CI,164.0,164,182,ED
2021–2022,Personality disorders,Male,Agegroup:18–24years–95%CI,39.0,39,47,ED
2021–2022,Personality disorders,Total,Agegroup:18–24years–95%CI,100.0,100,110,ED
2021–2022,Other disorders,Female,Agegroup:18–24years–95%CI,653.0,653,689,ED
2021–2022,Other disorders,Male,Agegroup:18–24years–95%CI,408.0,408,435,ED
2021–2022,Other disorders,Total,Agegroup:18–24years–95%CI,531.0,531,553,ED
2021–2022,   Trauma- and stressor-related disorders,Female,Agegroup:18–24years–95%CI,553.0,553,586,ED
2021–2022,   Trauma- and stressor-related disorders,Male,Agegroup:18–24years–95%CI,328.0,328,352,ED
2021–2022,   Trauma- and stressor-related disorders,Total,Agegroup:18–24years–95%CI,440.0,440,460,ED
2021–2022,"   Disruptive, impulse control and conduct disorders",Female,Agegroup:18–24years–95%CI,6.0,6,10,ED
2021–2022,"   Disruptive, impulse control and conduct disorders",Male,Agegroup:18–24years–95%CI,9.0,9,14,ED
2021–2022,"   Disruptive, impulse control and conduct disorders",Total,Agegroup:18–24years–95%CI,8.0,8,11,ED
2021–2022,   Eating and feeding disorders,Female,Agegroup:18–24years–95%CI,22.0,22,29,ED
2021–2022,   Eating and feeding disorders,Male,Agegroup:18–24years–95%CI,1.0,1,2,ED
2021–2022,   Eating and feeding disorders,Total,Agegroup:18–24years–95%CI,11.0,11,15,ED
2021–2022,   Tic disorders,Female,Agegroup:18–24years–95%CI,1.0,1,3,ED
2021–2022,   Tic disorders,Male,Agegroup:18–24years–95%CI,0.0,0,2,ED
2021–2022,   Tic disorders,Total,Agegroup:18–24years–95%CI,1.0,1,2,ED
2021–2022,   ADHD,Female,Agegroup:18–24years–95%CI,7.0,7,12,ED
2021–2022,   ADHD,Male,Agegroup:18–24years–95%CI,9.0,9,14,ED
2021–2022,   ADHD,Total,Agegroup:18–24years–95%CI,9.0,9,12,ED
2022–2023,Neurocognitive disorders,Female,Agegroup:18–24years–95%CI,14.0,14,20,ED
2022–2023,Neurocognitive disorders,Male,Agegroup:18–24years–95%CI,11.0,11,16,ED
2022–2023,Neurocognitive disorders,Total,Agegroup:18–24years–95%CI,13.0,13,17,ED
2022–2023,Substance-related disorders,Female,Agegroup:18–24years–95%CI,537.0,537,568,ED
2022–2023,Substance-related disorders,Male,Agegroup:18–24years–95%CI,575.0,575,607,ED
2022–2023,Substance-related disorders,Total,Agegroup:18–24years–95%CI,561.0,561,584,ED
2022–2023,Schizophrenic and psychotic disorders,Female,Agegroup:18–24years–95%CI,116.0,116,131,ED
2022–2023,Schizophrenic and psychotic disorders,Male,Agegroup:18–24years–95%CI,222.0,222,241,ED
2022–2023,Schizophrenic and psychotic disorders,Total,Agegroup:18–24years–95%CI,174.0,174,186,ED
2022–2023,Mood disorders,Female,Agegroup:18–24years–95%CI,546.0,546,578,ED
2022–2023,Mood disorders,Male,Agegroup:18–24years–95%CI,334.0,334,358,ED
2022–2023,Mood disorders,Total,Agegroup:18–24years–95%CI,440.0,440,459,ED
2022–2023,Anxiety disorders,Female,Agegroup:18–24years–95%CI,604.0,604,637,ED
2022–2023,Anxiety disorders,Male,Agegroup:18–24years–95%CI,356.0,356,380,ED
2022–2023,Anxiety disorders,Total,Agegroup:18–24years–95%CI,479.0,479,499,ED
2022–2023,Personality disorders,Female,Agegroup:18–24years–95%CI,141.0,141,158,ED
2022–2023,Personality disorders,Male,Agegroup:18–24years–95%CI,35.0,35,43,ED
2022–2023,Personality disorders,Total,Agegroup:18–24years–95%CI,87.0,87,96,ED
2022–2023,Other disorders,Female,Agegroup:18–24years–95%CI,557.0,557,589,ED
2022–2023,Other disorders,Male,Agegroup:18–24years–95%CI,346.0,346,370,ED
2022–2023,Other disorders,Total,Agegroup:18–24years–95%CI,451.0,451,471,ED
2022–2023,   Trauma- and stressor-related disorders,Female,Agegroup:18–24years–95%CI,466.0,466,495,ED
2022–2023,   Trauma- and stressor-related disorders,Male,Agegroup:18–24years–95%CI,275.0,275,297,ED
2022–2023,   Trauma- and stressor-related disorders,Total,Agegroup:18–24years–95%CI,370.0,370,388,ED
2022–2023,"   Disruptive, impulse control and conduct disorders",Female,Agegroup:18–24years–95%CI,5.0,5,9,ED
2022–2023,"   Disruptive, impulse control and conduct disorders",Male,Agegroup:18–24years–95%CI,8.0,8,13,ED
2022–2023,"   Disruptive, impulse control and conduct disorders",Total,Agegroup:18–24years–95%CI,7.0,7,10,ED
2022–2023,   Eating and feeding disorders,Female,Agegroup:18–24years–95%CI,16.0,16,22,ED
2022–2023,   Eating and feeding disorders,Male,Agegroup:18–24years–95%CI,1.0,1,2,ED
2022–2023,   Eating and feeding disorders,Total,Agegroup:18–24years–95%CI,9.0,9,11,ED
2022–2023,   Tic disorders,Female,Agegroup:18–24years–95%CI,1.0,1,3,ED
2022–2023,   Tic disorders,Male,Agegroup:18–24years–95%CI,0.0,0,1,ED
2022–2023,   Tic disorders,Total,Agegroup:18–24years–95%CI,1.0,1,2,ED
2022–2023,   ADHD,Female,Agegroup:18–24years–95%CI,6.0,6,10,ED
2022–2023,   ADHD,Male,Agegroup:18–24years–95%CI,10.0,10,14,ED
2022–2023,   ADHD,Total,Agegroup:18–24years–95%CI,9.0,9,12,ED
2023–2024,Neurocognitive disorders,Female,Agegroup:18–24years–95%CI,13.0,13,18,ED
2023–2024,Neurocognitive disorders,Male,Agegroup:18–24years–95%CI,9.0,9,13,ED
2023–2024,Neurocognitive disorders,Total,Agegroup:18–24years–95%CI,11.0,11,15,ED
2023–2024,Substance-related disorders,Female,Agegroup:18–24years–95%CI,506.0,506,535,ED
2023–2024,Substance-related disorders,Male,Agegroup:18–24years–95%CI,508.0,508,537,ED
2023–2024,Substance-related disorders,Total,Agegroup:18–24years–95%CI,511.0,511,532,ED
2023–2024,Schizophrenic and psychotic disorders,Female,Agegroup:18–24years–95%CI,108.0,108,122,ED
2023–2024,Schizophrenic and psychotic disorders,Male,Agegroup:18–24years–95%CI,194.0,194,212,ED
2023–2024,Schizophrenic and psychotic disorders,Total,Agegroup:18–24years–95%CI,156.0,156,167,ED
2023–2024,Mood disorders,Female,Agegroup:18–24years–95%CI,447.0,447,475,ED
2023–2024,Mood disorders,Male,Agegroup:18–24years–95%CI,274.0,274,295,ED
2023–2024,Mood disorders,Total,Agegroup:18–24years–95%CI,360.0,360,378,ED
2023–2024,Anxiety disorders,Female,Agegroup:18–24years–95%CI,508.0,508,538,ED
2023–2024,Anxiety disorders,Male,Agegroup:18–24years–95%CI,304.0,304,326,ED
2023–2024,Anxiety disorders,Total,Agegroup:18–24years–95%CI,405.0,405,423,ED
2023–2024,Personality disorders,Female,Agegroup:18–24years–95%CI,125.0,125,141,ED
2023–2024,Personality disorders,Male,Agegroup:18–24years–95%CI,33.0,33,40,ED
2023–2024,Personality disorders,Total,Agegroup:18–24years–95%CI,78.0,78,86,ED
2023–2024,Other disorders,Female,Agegroup:18–24years–95%CI,475.0,475,504,ED
2023–2024,Other disorders,Male,Agegroup:18–24years–95%CI,299.0,299,321,ED
2023–2024,Other disorders,Total,Agegroup:18–24years–95%CI,387.0,387,405,ED
2023–2024,   Trauma- and stressor-related disorders,Female,Agegroup:18–24years–95%CI,389.0,389,415,ED
2023–2024,   Trauma- and stressor-related disorders,Male,Agegroup:18–24years–95%CI,232.0,232,251,ED
2023–2024,   Trauma- and stressor-related disorders,Total,Agegroup:18–24years–95%CI,310.0,310,326,ED
2023–2024,"   Disruptive, impulse control and conduct disorders",Female,Agegroup:18–24years–95%CI,3.0,3,6,ED
2023–2024,"   Disruptive, impulse control and conduct disorders",Male,Agegroup:18–24years–95%CI,6.0,6,10,ED
2023–2024,"   Disruptive, impulse control and conduct disorders",Total,Agegroup:18–24years–95%CI,5.0,5,7,ED
2023–2024,   Eating and feeding disorders,Female,Agegroup:18–24years–95%CI,15.0,15,20,ED
2023–2024,   Eating and feeding disorders,Male,Agegroup:18–24years–95%CI,1.0,1,3,ED
2023–2024,   Eating and feeding disorders,Total,Agegroup:18–24years–95%CI,8.0,8,11,ED
2023–2024,   Tic disorders,Female,Agegroup:18–24years–95%CI,2.0,2,4,ED
2023–2024,   Tic disorders,Male,Agegroup:18–24years–95%CI,1.0,1,2,ED
2023–2024,   Tic disorders,Total,Agegroup:18–24years–95%CI,1.0,1,3,ED
2023–2024,   ADHD,Female,Agegroup:18–24years–95%CI,6.0,6,9,ED
2023–2024,   ADHD,Male,Agegroup:18–24years–95%CI,8.0,8,12,ED
2023–2024,   ADHD,Total,Agegroup:18–24years–95%CI,8.0,8,10,ED
2018–2019,Neurocognitive disorders,Female,Agegroup:5–24years–Rate,27.0,,,ED
2018–2019,Neurocognitive disorders,Male,Agegroup:5–24years–Rate,20.0,,,ED
2018–2019,Neurocognitive disorders,Total,Agegroup:5–24years–Rate,23.0,,,ED
2018–2019,Substance-related disorders,Female,Agegroup:5–24years–Rate,376.0,,,ED
2018–2019,Substance-related disorders,Male,Agegroup:5–24years–Rate,445.0,,,ED
2018–2019,Substance-related disorders,Total,Agegroup:5–24years–Rate,412.0,,,ED
2018–2019,Schizophrenic and psychotic disorders,Female,Agegroup:5–24years–Rate,59.0,,,ED
2018–2019,Schizophrenic and psychotic disorders,Male,Agegroup:5–24years–Rate,131.0,,,ED
2018–2019,Schizophrenic and psychotic disorders,Total,Agegroup:5–24years–Rate,96.0,,,ED
2018–2019,Mood disorders,Female,Agegroup:5–24years–Rate,546.0,,,ED
2018–2019,Mood disorders,Male,Agegroup:5–24years–Rate,305.0,,,ED
2018–2019,Mood disorders,Total,Agegroup:5–24years–Rate,422.0,,,ED
2018–2019,Anxiety disorders,Female,Agegroup:5–24years–Rate,506.0,,,ED
2018–2019,Anxiety disorders,Male,Agegroup:5–24years–Rate,306.0,,,ED
2018–2019,Anxiety disorders,Total,Agegroup:5–24years–Rate,402.0,,,ED
2018–2019,Personality disorders,Female,Agegroup:5–24years–Rate,80.0,,,ED
2018–2019,Personality disorders,Male,Agegroup:5–24years–Rate,24.0,,,ED
2018–2019,Personality disorders,Total,Agegroup:5–24years–Rate,51.0,,,ED
2018–2019,Other disorders,Female,Agegroup:5–24years–Rate,573.0,,,ED
2018–2019,Other disorders,Male,Agegroup:5–24years–Rate,418.0,,,ED
2018–2019,Other disorders,Total,Agegroup:5–24years–Rate,493.0,,,ED
2018–2019,   Trauma- and stressor-related disorders,Female,Agegroup:5–24years–Rate,469.0,,,ED
2018–2019,   Trauma- and stressor-related disorders,Male,Agegroup:5–24years–Rate,295.0,,,ED
2018–2019,   Trauma- and stressor-related disorders,Total,Agegroup:5–24years–Rate,379.0,,,ED
2018–2019,"   Disruptive, impulse control and conduct disorders",Female,Agegroup:5–24years–Rate,28.0,,,ED
2018–2019,"   Disruptive, impulse control and conduct disorders",Male,Agegroup:5–24years–Rate,46.0,,,ED
2018–2019,"   Disruptive, impulse control and conduct disorders",Total,Agegroup:5–24years–Rate,37.0,,,ED
2018–2019,   Eating and feeding disorders,Female,Agegroup:5–24years–Rate,21.0,,,ED
2018–2019,   Eating and feeding disorders,Male,Agegroup:5–24years–Rate,3.0,,,ED
2018–2019,   Eating and feeding disorders,Total,Agegroup:5–24years–Rate,12.0,,,ED
2018–2019,   Tic disorders,Female,Agegroup:5–24years–Rate,4.0,,,ED
2018–2019,   Tic disorders,Male,Agegroup:5–24years–Rate,8.0,,,ED
2018–2019,   Tic disorders,Total,Agegroup:5–24years–Rate,6.0,,,ED
2018–2019,   ADHD,Female,Agegroup:5–24years–Rate,11.0,,,ED
2018–2019,   ADHD,Male,Agegroup:5–24years–Rate,28.0,,,ED
2018–2019,   ADHD,Total,Agegroup:5–24years–Rate,20.0,,,ED
2019–2020,Neurocognitive disorders,Female,Agegroup:5–24years–Rate,23.0,,,ED
2019–2020,Neurocognitive disorders,Male,Agegroup:5–24years–Rate,16.0,,,ED
2019–2020,Neurocognitive disorders,Total,Agegroup:5–24years–Rate,20.0,,,ED
2019–2020,Substance-related disorders,Female,Agegroup:5–24years–Rate,357.0,,,ED
2019–2020,Substance-related disorders,Male,Agegroup:5–24years–Rate,410.0,,,ED
2019–2020,Substance-related disorders,Total,Agegroup:5–24years–Rate,384.0,,,ED
2019–2020,Schizophrenic and psychotic disorders,Female,Agegroup:5–24years–Rate,55.0,,,ED
2019–2020,Schizophrenic and psychotic disorders,Male,Agegroup:5–24years–Rate,121.0,,,ED
2019–2020,Schizophrenic and psychotic disorders,Total,Agegroup:5–24years–Rate,89.0,,,ED
2019–2020,Mood disorders,Female,Agegroup:5–24years–Rate,502.0,,,ED
2019–2020,Mood disorders,Male,Agegroup:5–24years–Rate,276.0,,,ED
2019–2020,Mood disorders,Total,Agegroup:5–24years–Rate,385.0,,,ED
2019–2020,Anxiety disorders,Female,Agegroup:5–24years–Rate,484.0,,,ED
2019–2020,Anxiety disorders,Male,Agegroup:5–24years–Rate,294.0,,,ED
2019–2020,Anxiety disorders,Total,Agegroup:5–24years–Rate,386.0,,,ED
2019–2020,Personality disorders,Female,Agegroup:5–24years–Rate,79.0,,,ED
2019–2020,Personality disorders,Male,Agegroup:5–24years–Rate,22.0,,,ED
2019–2020,Personality disorders,Total,Agegroup:5–24years–Rate,50.0,,,ED
2019–2020,Other disorders,Female,Agegroup:5–24years–Rate,555.0,,,ED
2019–2020,Other disorders,Male,Agegroup:5–24years–Rate,403.0,,,ED
2019–2020,Other disorders,Total,Agegroup:5–24years–Rate,476.0,,,ED
2019–2020,   Trauma- and stressor-related disorders,Female,Agegroup:5–24years–Rate,450.0,,,ED
2019–2020,   Trauma- and stressor-related disorders,Male,Agegroup:5–24years–Rate,286.0,,,ED
2019–2020,   Trauma- and stressor-related disorders,Total,Agegroup:5–24years–Rate,365.0,,,ED
2019–2020,"   Disruptive, impulse control and conduct disorders",Female,Agegroup:5–24years–Rate,26.0,,,ED
2019–2020,"   Disruptive, impulse control and conduct disorders",Male,Agegroup:5–24years–Rate,45.0,,,ED
2019–2020,"   Disruptive, impulse control and conduct disorders",Total,Agegroup:5–24years–Rate,36.0,,,ED
2019–2020,   Eating and feeding disorders,Female,Agegroup:5–24years–Rate,21.0,,,ED
2019–2020,   Eating and feeding disorders,Male,Agegroup:5–24years–Rate,3.0,,,ED
2019–2020,   Eating and feeding disorders,Total,Agegroup:5–24years–Rate,11.0,,,ED
2019–2020,   Tic disorders,Female,Agegroup:5–24years–Rate,5.0,,,ED
2019–2020,   Tic disorders,Male,Agegroup:5–24years–Rate,9.0,,,ED
2019–2020,   Tic disorders,Total,Agegroup:5–24years–Rate,7.0,,,ED
2019–2020,   ADHD,Female,Agegroup:5–24years–Rate,12.0,,,ED
2019–2020,   ADHD,Male,Agegroup:5–24years–Rate,29.0,,,ED
2019–2020,   ADHD,Total,Agegroup:5–24years–Rate,21.0,,,ED
2020–2021,Neurocognitive disorders,Female,Agegroup:5–24years–Rate,13.0,,,ED
2020–2021,Neurocognitive disorders,Male,Agegroup:5–24years–Rate,9.0,,,ED
2020–2021,Neurocognitive disorders,Total,Agegroup:5–24years–Rate,11.0,,,ED
2020–2021,Substance-related disorders,Female,Agegroup:5–24years–Rate,253.0,,,ED
2020–2021,Substance-related disorders,Male,Agegroup:5–24years–Rate,306.0,,,ED
2020–2021,Substance-related disorders,Total,Agegroup:5–24years–Rate,280.0,,,ED
2020–2021,Schizophrenic and psychotic disorders,Female,Agegroup:5–24years–Rate,64.0,,,ED
2020–2021,Schizophrenic and psychotic disorders,Male,Agegroup:5–24years–Rate,121.0,,,ED
2020–2021,Schizophrenic and psychotic disorders,Total,Agegroup:5–24years–Rate,93.0,,,ED
2020–2021,Mood disorders,Female,Agegroup:5–24years–Rate,409.0,,,ED
2020–2021,Mood disorders,Male,Agegroup:5–24years–Rate,201.0,,,ED
2020–2021,Mood disorders,Total,Agegroup:5–24years–Rate,301.0,,,ED
2020–2021,Anxiety disorders,Female,Agegroup:5–24years–Rate,432.0,,,ED
2020–2021,Anxiety disorders,Male,Agegroup:5–24years–Rate,248.0,,,ED
2020–2021,Anxiety disorders,Total,Agegroup:5–24years–Rate,337.0,,,ED
2020–2021,Personality disorders,Female,Agegroup:5–24years–Rate,69.0,,,ED
2020–2021,Personality disorders,Male,Agegroup:5–24years–Rate,19.0,,,ED
2020–2021,Personality disorders,Total,Agegroup:5–24years–Rate,43.0,,,ED
2020–2021,Other disorders,Female,Agegroup:5–24years–Rate,479.0,,,ED
2020–2021,Other disorders,Male,Agegroup:5–24years–Rate,309.0,,,ED
2020–2021,Other disorders,Total,Agegroup:5–24years–Rate,391.0,,,ED
2020–2021,   Trauma- and stressor-related disorders,Female,Agegroup:5–24years–Rate,364.0,,,ED
2020–2021,   Trauma- and stressor-related disorders,Male,Agegroup:5–24years–Rate,217.0,,,ED
2020–2021,   Trauma- and stressor-related disorders,Total,Agegroup:5–24years–Rate,288.0,,,ED
2020–2021,"   Disruptive, impulse control and conduct disorders",Female,Agegroup:5–24years–Rate,20.0,,,ED
2020–2021,"   Disruptive, impulse control and conduct disorders",Male,Agegroup:5–24years–Rate,30.0,,,ED
2020–2021,"   Disruptive, impulse control and conduct disorders",Total,Agegroup:5–24years–Rate,25.0,,,ED
2020–2021,   Eating and feeding disorders,Female,Agegroup:5–24years–Rate,37.0,,,ED
2020–2021,   Eating and feeding disorders,Male,Agegroup:5–24years–Rate,3.0,,,ED
2020–2021,   Eating and feeding disorders,Total,Agegroup:5–24years–Rate,19.0,,,ED
2020–2021,   Tic disorders,Female,Agegroup:5–24years–Rate,15.0,,,ED
2020–2021,   Tic disorders,Male,Agegroup:5–24years–Rate,9.0,,,ED
2020–2021,   Tic disorders,Total,Agegroup:5–24years–Rate,12.0,,,ED
2020–2021,   ADHD,Female,Agegroup:5–24years–Rate,11.0,,,ED
2020–2021,   ADHD,Male,Agegroup:5–24years–Rate,20.0,,,ED
2020–2021,   ADHD,Total,Agegroup:5–24years–Rate,16.0,,,ED
2021–2022,Neurocognitive disorders,Female,Agegroup:5–24years–Rate,15.0,,,ED
2021–2022,Neurocognitive disorders,Male,Agegroup:5–24years–Rate,11.0,,,ED
2021–2022,Neurocognitive disorders,Total,Agegroup:5–24years–Rate,13.0,,,ED
2021–2022,Substance-related disorders,Female,Agegroup:5–24years–Rate,306.0,,,ED
2021–2022,Substance-related disorders,Male,Agegroup:5–24years–Rate,305.0,,,ED
2021–2022,Substance-related disorders,Total,Agegroup:5–24years–Rate,305.0,,,ED
2021–2022,Schizophrenic and psychotic disorders,Female,Agegroup:5–24years–Rate,64.0,,,ED
2021–2022,Schizophrenic and psychotic disorders,Male,Agegroup:5–24years–Rate,116.0,,,ED
2021–2022,Schizophrenic and psychotic disorders,Total,Agegroup:5–24years–Rate,90.0,,,ED
2021–2022,Mood disorders,Female,Agegroup:5–24years–Rate,509.0,,,ED
2021–2022,Mood disorders,Male,Agegroup:5–24years–Rate,231.0,,,ED
2021–2022,Mood disorders,Total,Agegroup:5–24years–Rate,365.0,,,ED
2021–2022,Anxiety disorders,Female,Agegroup:5–24years–Rate,503.0,,,ED
2021–2022,Anxiety disorders,Male,Agegroup:5–24years–Rate,250.0,,,ED
2021–2022,Anxiety disorders,Total,Agegroup:5–24years–Rate,372.0,,,ED
2021–2022,Personality disorders,Female,Agegroup:5–24years–Rate,87.0,,,ED
2021–2022,Personality disorders,Male,Agegroup:5–24years–Rate,20.0,,,ED
2021–2022,Personality disorders,Total,Agegroup:5–24years–Rate,52.0,,,ED
2021–2022,Other disorders,Female,Agegroup:5–24years–Rate,574.0,,,ED
2021–2022,Other disorders,Male,Agegroup:5–24years–Rate,342.0,,,ED
2021–2022,Other disorders,Total,Agegroup:5–24years–Rate,454.0,,,ED
2021–2022,   Trauma- and stressor-related disorders,Female,Agegroup:5–24years–Rate,434.0,,,ED
2021–2022,   Trauma- and stressor-related disorders,Male,Agegroup:5–24years–Rate,234.0,,,ED
2021–2022,   Trauma- and stressor-related disorders,Total,Agegroup:5–24years–Rate,331.0,,,ED
2021–2022,"   Disruptive, impulse control and conduct disorders",Female,Agegroup:5–24years–Rate,23.0,,,ED
2021–2022,"   Disruptive, impulse control and conduct disorders",Male,Agegroup:5–24years–Rate,32.0,,,ED
2021–2022,"   Disruptive, impulse control and conduct disorders",Total,Agegroup:5–24years–Rate,28.0,,,ED
2021–2022,   Eating and feeding disorders,Female,Agegroup:5–24years–Rate,48.0,,,ED
2021–2022,   Eating and feeding disorders,Male,Agegroup:5–24years–Rate,4.0,,,ED
2021–2022,   Eating and feeding disorders,Total,Agegroup:5–24years–Rate,26.0,,,ED
2021–2022,   Tic disorders,Female,Agegroup:5–24years–Rate,13.0,,,ED
2021–2022,   Tic disorders,Male,Agegroup:5–24years–Rate,11.0,,,ED
2021–2022,   Tic disorders,Total,Agegroup:5–24years–Rate,12.0,,,ED
2021–2022,   ADHD,Female,Agegroup:5–24years–Rate,15.0,,,ED
2021–2022,   ADHD,Male,Agegroup:5–24years–Rate,24.0,,,ED
2021–2022,   ADHD,Total,Agegroup:5–24years–Rate,20.0,,,ED
2022–2023,Neurocognitive disorders,Female,Agegroup:5–24years–Rate,12.0,,,ED
2022–2023,Neurocognitive disorders,Male,Agegroup:5–24years–Rate,9.0,,,ED
2022–2023,Neurocognitive disorders,Total,Agegroup:5–24years–Rate,11.0,,,ED
2022–2023,Substance-related disorders,Female,Agegroup:5–24years–Rate,288.0,,,ED
2022–2023,Substance-related disorders,Male,Agegroup:5–24years–Rate,287.0,,,ED
2022–2023,Substance-related disorders,Total,Agegroup:5–24years–Rate,287.0,,,ED
2022–2023,Schizophrenic and psychotic disorders,Female,Agegroup:5–24years–Rate,59.0,,,ED
2022–2023,Schizophrenic and psychotic disorders,Male,Agegroup:5–24years–Rate,104.0,,,ED
2022–2023,Schizophrenic and psychotic disorders,Total,Agegroup:5–24years–Rate,82.0,,,ED
2022–2023,Mood disorders,Female,Agegroup:5–24years–Rate,420.0,,,ED
2022–2023,Mood disorders,Male,Agegroup:5–24years–Rate,209.0,,,ED
2022–2023,Mood disorders,Total,Agegroup:5–24years–Rate,311.0,,,ED
2022–2023,Anxiety disorders,Female,Agegroup:5–24years–Rate,422.0,,,ED
2022–2023,Anxiety disorders,Male,Agegroup:5–24years–Rate,218.0,,,ED
2022–2023,Anxiety disorders,Total,Agegroup:5–24years–Rate,316.0,,,ED
2022–2023,Personality disorders,Female,Agegroup:5–24years–Rate,76.0,,,ED
2022–2023,Personality disorders,Male,Agegroup:5–24years–Rate,19.0,,,ED
2022–2023,Personality disorders,Total,Agegroup:5–24years–Rate,46.0,,,ED
2022–2023,Other disorders,Female,Agegroup:5–24years–Rate,489.0,,,ED
2022–2023,Other disorders,Male,Agegroup:5–24years–Rate,306.0,,,ED
2022–2023,Other disorders,Total,Agegroup:5–24years–Rate,394.0,,,ED
2022–2023,   Trauma- and stressor-related disorders,Female,Agegroup:5–24years–Rate,375.0,,,ED
2022–2023,   Trauma- and stressor-related disorders,Male,Agegroup:5–24years–Rate,204.0,,,ED
2022–2023,   Trauma- and stressor-related disorders,Total,Agegroup:5–24years–Rate,287.0,,,ED
2022–2023,"   Disruptive, impulse control and conduct disorders",Female,Agegroup:5–24years–Rate,21.0,,,ED
2022–2023,"   Disruptive, impulse control and conduct disorders",Male,Agegroup:5–24years–Rate,29.0,,,ED
2022–2023,"   Disruptive, impulse control and conduct disorders",Total,Agegroup:5–24years–Rate,25.0,,,ED
2022–2023,   Eating and feeding disorders,Female,Agegroup:5–24years–Rate,32.0,,,ED
2022–2023,   Eating and feeding disorders,Male,Agegroup:5–24years–Rate,4.0,,,ED
2022–2023,   Eating and feeding disorders,Total,Agegroup:5–24years–Rate,17.0,,,ED
2022–2023,   Tic disorders,Female,Agegroup:5–24years–Rate,7.0,,,ED
2022–2023,   Tic disorders,Male,Agegroup:5–24years–Rate,8.0,,,ED
2022–2023,   Tic disorders,Total,Agegroup:5–24years–Rate,8.0,,,ED
2022–2023,   ADHD,Female,Agegroup:5–24years–Rate,13.0,,,ED
2022–2023,   ADHD,Male,Agegroup:5–24years–Rate,22.0,,,ED
2022–2023,   ADHD,Total,Agegroup:5–24years–Rate,17.0,,,ED
2023–2024,Neurocognitive disorders,Female,Agegroup:5–24years–Rate,12.0,,,ED
2023–2024,Neurocognitive disorders,Male,Agegroup:5–24years–Rate,10.0,,,ED
2023–2024,Neurocognitive disorders,Total,Agegroup:5–24years–Rate,11.0,,,ED
2023–2024,Substance-related disorders,Female,Agegroup:5–24years–Rate,282.0,,,ED
2023–2024,Substance-related disorders,Male,Agegroup:5–24years–Rate,270.0,,,ED
2023–2024,Substance-related disorders,Total,Agegroup:5–24years–Rate,276.0,,,ED
2023–2024,Schizophrenic and psychotic disorders,Female,Agegroup:5–24years–Rate,56.0,,,ED
2023–2024,Schizophrenic and psychotic disorders,Male,Agegroup:5–24years–Rate,96.0,,,ED
2023–2024,Schizophrenic and psychotic disorders,Total,Agegroup:5–24years–Rate,77.0,,,ED
2023–2024,Mood disorders,Female,Agegroup:5–24years–Rate,342.0,,,ED
2023–2024,Mood disorders,Male,Agegroup:5–24years–Rate,179.0,,,ED
2023–2024,Mood disorders,Total,Agegroup:5–24years–Rate,258.0,,,ED
2023–2024,Anxiety disorders,Female,Agegroup:5–24years–Rate,358.0,,,ED
2023–2024,Anxiety disorders,Male,Agegroup:5–24years–Rate,193.0,,,ED
2023–2024,Anxiety disorders,Total,Agegroup:5–24years–Rate,272.0,,,ED
2023–2024,Personality disorders,Female,Agegroup:5–24years–Rate,69.0,,,ED
2023–2024,Personality disorders,Male,Agegroup:5–24years–Rate,19.0,,,ED
2023–2024,Personality disorders,Total,Agegroup:5–24years–Rate,43.0,,,ED
2023–2024,Other disorders,Female,Agegroup:5–24years–Rate,428.0,,,ED
2023–2024,Other disorders,Male,Agegroup:5–24years–Rate,278.0,,,ED
2023–2024,Other disorders,Total,Agegroup:5–24years–Rate,350.0,,,ED
2023–2024,   Trauma- and stressor-related disorders,Female,Agegroup:5–24years–Rate,325.0,,,ED
2023–2024,   Trauma- and stressor-related disorders,Male,Agegroup:5–24years–Rate,182.0,,,ED
2023–2024,   Trauma- and stressor-related disorders,Total,Agegroup:5–24years–Rate,251.0,,,ED
2023–2024,"   Disruptive, impulse control and conduct disorders",Female,Agegroup:5–24years–Rate,19.0,,,ED
2023–2024,"   Disruptive, impulse control and conduct disorders",Male,Agegroup:5–24years–Rate,26.0,,,ED
2023–2024,"   Disruptive, impulse control and conduct disorders",Total,Agegroup:5–24years–Rate,23.0,,,ED
2023–2024,   Eating and feeding disorders,Female,Agegroup:5–24years–Rate,29.0,,,ED
2023–2024,   Eating and feeding disorders,Male,Agegroup:5–24years–Rate,3.0,,,ED
2023–2024,   Eating and feeding disorders,Total,Agegroup:5–24years–Rate,16.0,,,ED
2023–2024,   Tic disorders,Female,Agegroup:5–24years–Rate,6.0,,,ED
2023–2024,   Tic disorders,Male,Agegroup:5–24years–Rate,7.0,,,ED
2023–2024,   Tic disorders,Total,Agegroup:5–24years–Rate,7.0,,,ED
2023–2024,   ADHD,Female,Agegroup:5–24years–Rate,12.0,,,ED
2023–2024,   ADHD,Male,Agegroup:5–24years–Rate,21.0,,,ED
2023–2024,   ADHD,Total,Agegroup:5–24years–Rate,16.0,,,ED
2018–2019,Neurocognitive disorders,Female,Agegroup:5–24years–95%CI,25.0,25,29,ED
2018–2019,Neurocognitive disorders,Male,Agegroup:5–24years–95%CI,18.0,18,21,ED
2018–2019,Neurocognitive disorders,Total,Agegroup:5–24years–95%CI,22.0,22,25,ED
2018–2019,Substance-related disorders,Female,Agegroup:5–24years–95%CI,368.0,368,385,ED
2018–2019,Substance-related disorders,Male,Agegroup:5–24years–95%CI,436.0,436,453,ED
2018–2019,Substance-related disorders,Total,Agegroup:5–24years–95%CI,406.0,406,418,ED
2018–2019,Schizophrenic and psychotic disorders,Female,Agegroup:5–24years–95%CI,55.0,55,62,ED
2018–2019,Schizophrenic and psychotic disorders,Male,Agegroup:5–24years–95%CI,127.0,127,136,ED
2018–2019,Schizophrenic and psychotic disorders,Total,Agegroup:5–24years–95%CI,93.0,93,99,ED
2018–2019,Mood disorders,Female,Agegroup:5–24years–95%CI,537.0,537,556,ED
2018–2019,Mood disorders,Male,Agegroup:5–24years–95%CI,298.0,298,313,ED
2018–2019,Mood disorders,Total,Agegroup:5–24years–95%CI,416.0,416,428,ED
2018–2019,Anxiety disorders,Female,Agegroup:5–24years–95%CI,496.0,496,515,ED
2018–2019,Anxiety disorders,Male,Agegroup:5–24years–95%CI,298.0,298,313,ED
2018–2019,Anxiety disorders,Total,Agegroup:5–24years–95%CI,397.0,397,408,ED
2018–2019,Personality disorders,Female,Agegroup:5–24years–95%CI,76.0,76,84,ED
2018–2019,Personality disorders,Male,Agegroup:5–24years–95%CI,22.0,22,26,ED
2018–2019,Personality disorders,Total,Agegroup:5–24years–95%CI,49.0,49,53,ED
2018–2019,Other disorders,Female,Agegroup:5–24years–95%CI,563.0,563,583,ED
2018–2019,Other disorders,Male,Agegroup:5–24years–95%CI,410.0,410,427,ED
2018–2019,Other disorders,Total,Agegroup:5–24years–95%CI,487.0,487,500,ED
2018–2019,   Trauma- and stressor-related disorders,Female,Agegroup:5–24years–95%CI,460.0,460,479,ED
2018–2019,   Trauma- and stressor-related disorders,Male,Agegroup:5–24years–95%CI,288.0,288,302,ED
2018–2019,   Trauma- and stressor-related disorders,Total,Agegroup:5–24years–95%CI,374.0,374,385,ED
2018–2019,"   Disruptive, impulse control and conduct disorders",Female,Agegroup:5–24years–95%CI,26.0,26,30,ED
2018–2019,"   Disruptive, impulse control and conduct disorders",Male,Agegroup:5–24years–95%CI,43.0,43,48,ED
2018–2019,"   Disruptive, impulse control and conduct disorders",Total,Agegroup:5–24years–95%CI,35.0,35,39,ED
2018–2019,   Eating and feeding disorders,Female,Agegroup:5–24years–95%CI,19.0,19,23,ED
2018–2019,   Eating and feeding disorders,Male,Agegroup:5–24years–95%CI,2.0,2,4,ED
2018–2019,   Eating and feeding disorders,Total,Agegroup:5–24years–95%CI,11.0,11,13,ED
2018–2019,   Tic disorders,Female,Agegroup:5–24years–95%CI,3.0,3,5,ED
2018–2019,   Tic disorders,Male,Agegroup:5–24years–95%CI,7.0,7,9,ED
2018–2019,   Tic disorders,Total,Agegroup:5–24years–95%CI,5.0,5,7,ED
2018–2019,   ADHD,Female,Agegroup:5–24years–95%CI,10.0,10,13,ED
2018–2019,   ADHD,Male,Agegroup:5–24years–95%CI,25.0,25,30,ED
2018–2019,   ADHD,Total,Agegroup:5–24years–95%CI,18.0,18,21,ED
2019–2020,Neurocognitive disorders,Female,Agegroup:5–24years–95%CI,21.0,21,25,ED
2019–2020,Neurocognitive disorders,Male,Agegroup:5–24years–95%CI,15.0,15,18,ED
2019–2020,Neurocognitive disorders,Total,Agegroup:5–24years–95%CI,18.0,18,21,ED
2019–2020,Substance-related disorders,Female,Agegroup:5–24years–95%CI,349.0,349,365,ED
2019–2020,Substance-related disorders,Male,Agegroup:5–24years–95%CI,401.0,401,418,ED
2019–2020,Substance-related disorders,Total,Agegroup:5–24years–95%CI,379.0,379,390,ED
2019–2020,Schizophrenic and psychotic disorders,Female,Agegroup:5–24years–95%CI,52.0,52,59,ED
2019–2020,Schizophrenic and psychotic disorders,Male,Agegroup:5–24years–95%CI,116.0,116,125,ED
2019–2020,Schizophrenic and psychotic disorders,Total,Agegroup:5–24years–95%CI,86.0,86,92,ED
2019–2020,Mood disorders,Female,Agegroup:5–24years–95%CI,493.0,493,512,ED
2019–2020,Mood disorders,Male,Agegroup:5–24years–95%CI,269.0,269,283,ED
2019–2020,Mood disorders,Total,Agegroup:5–24years–95%CI,380.0,380,391,ED
2019–2020,Anxiety disorders,Female,Agegroup:5–24years–95%CI,475.0,475,493,ED
2019–2020,Anxiety disorders,Male,Agegroup:5–24years–95%CI,287.0,287,301,ED
2019–2020,Anxiety disorders,Total,Agegroup:5–24years–95%CI,380.0,380,392,ED
2019–2020,Personality disorders,Female,Agegroup:5–24years–95%CI,76.0,76,83,ED
2019–2020,Personality disorders,Male,Agegroup:5–24years–95%CI,20.0,20,24,ED
2019–2020,Personality disorders,Total,Agegroup:5–24years–95%CI,47.0,47,52,ED
2019–2020,Other disorders,Female,Agegroup:5–24years–95%CI,545.0,545,565,ED
2019–2020,Other disorders,Male,Agegroup:5–24years–95%CI,395.0,395,411,ED
2019–2020,Other disorders,Total,Agegroup:5–24years–95%CI,470.0,470,483,ED
2019–2020,   Trauma- and stressor-related disorders,Female,Agegroup:5–24years–95%CI,441.0,441,459,ED
2019–2020,   Trauma- and stressor-related disorders,Male,Agegroup:5–24years–95%CI,279.0,279,293,ED
2019–2020,   Trauma- and stressor-related disorders,Total,Agegroup:5–24years–95%CI,360.0,360,371,ED
2019–2020,"   Disruptive, impulse control and conduct disorders",Female,Agegroup:5–24years–95%CI,24.0,24,29,ED
2019–2020,"   Disruptive, impulse control and conduct disorders",Male,Agegroup:5–24years–95%CI,42.0,42,48,ED
2019–2020,"   Disruptive, impulse control and conduct disorders",Total,Agegroup:5–24years–95%CI,34.0,34,38,ED
2019–2020,   Eating and feeding disorders,Female,Agegroup:5–24years–95%CI,19.0,19,22,ED
2019–2020,   Eating and feeding disorders,Male,Agegroup:5–24years–95%CI,2.0,2,3,ED
2019–2020,   Eating and feeding disorders,Total,Agegroup:5–24years–95%CI,10.0,10,12,ED
2019–2020,   Tic disorders,Female,Agegroup:5–24years–95%CI,4.0,4,6,ED
2019–2020,   Tic disorders,Male,Agegroup:5–24years–95%CI,7.0,7,10,ED
2019–2020,   Tic disorders,Total,Agegroup:5–24years–95%CI,6.0,6,8,ED
2019–2020,   ADHD,Female,Agegroup:5–24years–95%CI,10.0,10,13,ED
2019–2020,   ADHD,Male,Agegroup:5–24years–95%CI,27.0,27,31,ED
2019–2020,   ADHD,Total,Agegroup:5–24years–95%CI,19.0,19,22,ED
2020–2021,Neurocognitive disorders,Female,Agegroup:5–24years–95%CI,11.0,11,14,ED
2020–2021,Neurocognitive disorders,Male,Agegroup:5–24years–95%CI,8.0,8,10,ED
2020–2021,Neurocognitive disorders,Total,Agegroup:5–24years–95%CI,10.0,10,12,ED
2020–2021,Substance-related disorders,Female,Agegroup:5–24years–95%CI,246.0,246,259,ED
2020–2021,Substance-related disorders,Male,Agegroup:5–24years–95%CI,299.0,299,313,ED
2020–2021,Substance-related disorders,Total,Agegroup:5–24years–95%CI,275.0,275,285,ED
2020–2021,Schizophrenic and psychotic disorders,Female,Agegroup:5–24years–95%CI,61.0,61,67,ED
2020–2021,Schizophrenic and psychotic disorders,Male,Agegroup:5–24years–95%CI,117.0,117,125,ED
2020–2021,Schizophrenic and psychotic disorders,Total,Agegroup:5–24years–95%CI,91.0,91,96,ED
2020–2021,Mood disorders,Female,Agegroup:5–24years–95%CI,400.0,400,417,ED
2020–2021,Mood disorders,Male,Agegroup:5–24years–95%CI,195.0,195,207,ED
2020–2021,Mood disorders,Total,Agegroup:5–24years–95%CI,296.0,296,306,ED
2020–2021,Anxiety disorders,Female,Agegroup:5–24years–95%CI,423.0,423,441,ED
2020–2021,Anxiety disorders,Male,Agegroup:5–24years–95%CI,242.0,242,255,ED
2020–2021,Anxiety disorders,Total,Agegroup:5–24years–95%CI,332.0,332,342,ED
2020–2021,Personality disorders,Female,Agegroup:5–24years–95%CI,66.0,66,73,ED
2020–2021,Personality disorders,Male,Agegroup:5–24years–95%CI,17.0,17,21,ED
2020–2021,Personality disorders,Total,Agegroup:5–24years–95%CI,41.0,41,45,ED
2020–2021,Other disorders,Female,Agegroup:5–24years–95%CI,469.0,469,488,ED
2020–2021,Other disorders,Male,Agegroup:5–24years–95%CI,302.0,302,316,ED
2020–2021,Other disorders,Total,Agegroup:5–24years–95%CI,385.0,385,397,ED
2020–2021,   Trauma- and stressor-related disorders,Female,Agegroup:5–24years–95%CI,356.0,356,372,ED
2020–2021,   Trauma- and stressor-related disorders,Male,Agegroup:5–24years–95%CI,211.0,211,223,ED
2020–2021,   Trauma- and stressor-related disorders,Total,Agegroup:5–24years–95%CI,283.0,283,293,ED
2020–2021,"   Disruptive, impulse control and conduct disorders",Female,Agegroup:5–24years–95%CI,18.0,18,22,ED
2020–2021,"   Disruptive, impulse control and conduct disorders",Male,Agegroup:5–24years–95%CI,28.0,28,32,ED
2020–2021,"   Disruptive, impulse control and conduct disorders",Total,Agegroup:5–24years–95%CI,24.0,24,27,ED
2020–2021,   Eating and feeding disorders,Female,Agegroup:5–24years–95%CI,35.0,35,40,ED
2020–2021,   Eating and feeding disorders,Male,Agegroup:5–24years–95%CI,2.0,2,3,ED
2020–2021,   Eating and feeding disorders,Total,Agegroup:5–24years–95%CI,18.0,18,21,ED
2020–2021,   Tic disorders,Female,Agegroup:5–24years–95%CI,13.0,13,16,ED
2020–2021,   Tic disorders,Male,Agegroup:5–24years–95%CI,8.0,8,10,ED
2020–2021,   Tic disorders,Total,Agegroup:5–24years–95%CI,11.0,11,13,ED
2020–2021,   ADHD,Female,Agegroup:5–24years–95%CI,10.0,10,12,ED
2020–2021,   ADHD,Male,Agegroup:5–24years–95%CI,18.0,18,22,ED
2020–2021,   ADHD,Total,Agegroup:5–24years–95%CI,15.0,15,17,ED
2021–2022,Neurocognitive disorders,Female,Agegroup:5–24years–95%CI,13.0,13,16,ED
2021–2022,Neurocognitive disorders,Male,Agegroup:5–24years–95%CI,9.0,9,12,ED
2021–2022,Neurocognitive disorders,Total,Agegroup:5–24years–95%CI,12.0,12,14,ED
2021–2022,Substance-related disorders,Female,Agegroup:5–24years–95%CI,298.0,298,313,ED
2021–2022,Substance-related disorders,Male,Agegroup:5–24years–95%CI,298.0,298,312,ED
2021–2022,Substance-related disorders,Total,Agegroup:5–24years–95%CI,300.0,300,311,ED
2021–2022,Schizophrenic and psychotic disorders,Female,Agegroup:5–24years–95%CI,60.0,60,67,ED
2021–2022,Schizophrenic and psychotic disorders,Male,Agegroup:5–24years–95%CI,111.0,111,120,ED
2021–2022,Schizophrenic and psychotic disorders,Total,Agegroup:5–24years–95%CI,88.0,88,93,ED
2021–2022,Mood disorders,Female,Agegroup:5–24years–95%CI,499.0,499,518,ED
2021–2022,Mood disorders,Male,Agegroup:5–24years–95%CI,225.0,225,237,ED
2021–2022,Mood disorders,Total,Agegroup:5–24years–95%CI,360.0,360,371,ED
2021–2022,Anxiety disorders,Female,Agegroup:5–24years–95%CI,493.0,493,512,ED
2021–2022,Anxiety disorders,Male,Agegroup:5–24years–95%CI,243.0,243,256,ED
2021–2022,Anxiety disorders,Total,Agegroup:5–24years–95%CI,366.0,366,378,ED
2021–2022,Personality disorders,Female,Agegroup:5–24years–95%CI,83.0,83,91,ED
2021–2022,Personality disorders,Male,Agegroup:5–24years–95%CI,19.0,19,22,ED
2021–2022,Personality disorders,Total,Agegroup:5–24years–95%CI,50.0,50,55,ED
2021–2022,Other disorders,Female,Agegroup:5–24years–95%CI,564.0,564,584,ED
2021–2022,Other disorders,Male,Agegroup:5–24years–95%CI,334.0,334,349,ED
2021–2022,Other disorders,Total,Agegroup:5–24years–95%CI,448.0,448,460,ED
2021–2022,   Trauma- and stressor-related disorders,Female,Agegroup:5–24years–95%CI,425.0,425,443,ED
2021–2022,   Trauma- and stressor-related disorders,Male,Agegroup:5–24years–95%CI,228.0,228,240,ED
2021–2022,   Trauma- and stressor-related disorders,Total,Agegroup:5–24years–95%CI,325.0,325,336,ED
2021–2022,"   Disruptive, impulse control and conduct disorders",Female,Agegroup:5–24years–95%CI,21.0,21,25,ED
2021–2022,"   Disruptive, impulse control and conduct disorders",Male,Agegroup:5–24years–95%CI,30.0,30,34,ED
2021–2022,"   Disruptive, impulse control and conduct disorders",Total,Agegroup:5–24years–95%CI,26.0,26,29,ED
2021–2022,   Eating and feeding disorders,Female,Agegroup:5–24years–95%CI,45.0,45,51,ED
2021–2022,   Eating and feeding disorders,Male,Agegroup:5–24years–95%CI,3.0,3,5,ED
2021–2022,   Eating and feeding disorders,Total,Agegroup:5–24years–95%CI,24.0,24,27,ED
2021–2022,   Tic disorders,Female,Agegroup:5–24years–95%CI,12.0,12,15,ED
2021–2022,   Tic disorders,Male,Agegroup:5–24years–95%CI,9.0,9,12,ED
2021–2022,   Tic disorders,Total,Agegroup:5–24years–95%CI,11.0,11,13,ED
2021–2022,   ADHD,Female,Agegroup:5–24years–95%CI,13.0,13,16,ED
2021–2022,   ADHD,Male,Agegroup:5–24years–95%CI,22.0,22,26,ED
2021–2022,   ADHD,Total,Agegroup:5–24years–95%CI,18.0,18,21,ED
2022–2023,Neurocognitive disorders,Female,Agegroup:5–24years–95%CI,11.0,11,14,ED
2022–2023,Neurocognitive disorders,Male,Agegroup:5–24years–95%CI,8.0,8,10,ED
2022–2023,Neurocognitive disorders,Total,Agegroup:5–24years–95%CI,10.0,10,11,ED
2022–2023,Substance-related disorders,Female,Agegroup:5–24years–95%CI,281.0,281,295,ED
2022–2023,Substance-related disorders,Male,Agegroup:5–24years–95%CI,280.0,280,294,ED
2022–2023,Substance-related disorders,Total,Agegroup:5–24years–95%CI,282.0,282,292,ED
2022–2023,Schizophrenic and psychotic disorders,Female,Agegroup:5–24years–95%CI,56.0,56,62,ED
2022–2023,Schizophrenic and psychotic disorders,Male,Agegroup:5–24years–95%CI,100.0,100,108,ED
2022–2023,Schizophrenic and psychotic disorders,Total,Agegroup:5–24years–95%CI,80.0,80,85,ED
2022–2023,Mood disorders,Female,Agegroup:5–24years–95%CI,411.0,411,428,ED
2022–2023,Mood disorders,Male,Agegroup:5–24years–95%CI,203.0,203,215,ED
2022–2023,Mood disorders,Total,Agegroup:5–24years–95%CI,306.0,306,316,ED
2022–2023,Anxiety disorders,Female,Agegroup:5–24years–95%CI,413.0,413,430,ED
2022–2023,Anxiety disorders,Male,Agegroup:5–24years–95%CI,212.0,212,223,ED
2022–2023,Anxiety disorders,Total,Agegroup:5–24years–95%CI,311.0,311,321,ED
2022–2023,Personality disorders,Female,Agegroup:5–24years–95%CI,72.0,72,79,ED
2022–2023,Personality disorders,Male,Agegroup:5–24years–95%CI,17.0,17,21,ED
2022–2023,Personality disorders,Total,Agegroup:5–24years–95%CI,44.0,44,48,ED
2022–2023,Other disorders,Female,Agegroup:5–24years–95%CI,480.0,480,499,ED
2022–2023,Other disorders,Male,Agegroup:5–24years–95%CI,299.0,299,313,ED
2022–2023,Other disorders,Total,Agegroup:5–24years–95%CI,389.0,389,400,ED
2022–2023,   Trauma- and stressor-related disorders,Female,Agegroup:5–24years–95%CI,367.0,367,383,ED
2022–2023,   Trauma- and stressor-related disorders,Male,Agegroup:5–24years–95%CI,199.0,199,210,ED
2022–2023,   Trauma- and stressor-related disorders,Total,Agegroup:5–24years–95%CI,282.0,282,292,ED
2022–2023,"   Disruptive, impulse control and conduct disorders",Female,Agegroup:5–24years–95%CI,19.0,19,23,ED
2022–2023,"   Disruptive, impulse control and conduct disorders",Male,Agegroup:5–24years–95%CI,27.0,27,31,ED
2022–2023,"   Disruptive, impulse control and conduct disorders",Total,Agegroup:5–24years–95%CI,24.0,24,27,ED
2022–2023,   Eating and feeding disorders,Female,Agegroup:5–24years–95%CI,30.0,30,34,ED
2022–2023,   Eating and feeding disorders,Male,Agegroup:5–24years–95%CI,3.0,3,5,ED
2022–2023,   Eating and feeding disorders,Total,Agegroup:5–24years–95%CI,16.0,16,19,ED
2022–2023,   Tic disorders,Female,Agegroup:5–24years–95%CI,6.0,6,8,ED
2022–2023,   Tic disorders,Male,Agegroup:5–24years–95%CI,7.0,7,9,ED
2022–2023,   Tic disorders,Total,Agegroup:5–24years–95%CI,7.0,7,8,ED
2022–2023,   ADHD,Female,Agegroup:5–24years–95%CI,11.0,11,14,ED
2022–2023,   ADHD,Male,Agegroup:5–24years–95%CI,20.0,20,23,ED
2022–2023,   ADHD,Total,Agegroup:5–24years–95%CI,16.0,16,19,ED
2023–2024,Neurocognitive disorders,Female,Agegroup:5–24years–95%CI,11.0,11,14,ED
2023–2024,Neurocognitive disorders,Male,Agegroup:5–24years–95%CI,8.0,8,11,ED
2023–2024,Neurocognitive disorders,Total,Agegroup:5–24years–95%CI,10.0,10,12,ED
2023–2024,Substance-related disorders,Female,Agegroup:5–24years–95%CI,275.0,275,289,ED
2023–2024,Substance-related disorders,Male,Agegroup:5–24years–95%CI,263.0,263,276,ED
2023–2024,Substance-related disorders,Total,Agegroup:5–24years–95%CI,271.0,271,280,ED
2023–2024,Schizophrenic and psychotic disorders,Female,Agegroup:5–24years–95%CI,53.0,53,59,ED
2023–2024,Schizophrenic and psychotic disorders,Male,Agegroup:5–24years–95%CI,92.0,92,99,ED
2023–2024,Schizophrenic and psychotic disorders,Total,Agegroup:5–24years–95%CI,74.0,74,79,ED
2023–2024,Mood disorders,Female,Agegroup:5–24years–95%CI,335.0,335,350,ED
2023–2024,Mood disorders,Male,Agegroup:5–24years–95%CI,174.0,174,184,ED
2023–2024,Mood disorders,Total,Agegroup:5–24years–95%CI,253.0,253,262,ED
2023–2024,Anxiety disorders,Female,Agegroup:5–24years–95%CI,350.0,350,365,ED
2023–2024,Anxiety disorders,Male,Agegroup:5–24years–95%CI,187.0,187,198,ED
2023–2024,Anxiety disorders,Total,Agegroup:5–24years–95%CI,268.0,268,277,ED
2023–2024,Personality disorders,Female,Agegroup:5–24years–95%CI,66.0,66,73,ED
2023–2024,Personality disorders,Male,Agegroup:5–24years–95%CI,17.0,17,20,ED
2023–2024,Personality disorders,Total,Agegroup:5–24years–95%CI,41.0,41,45,ED
2023–2024,Other disorders,Female,Agegroup:5–24years–95%CI,420.0,420,437,ED
2023–2024,Other disorders,Male,Agegroup:5–24years–95%CI,271.0,271,285,ED
2023–2024,Other disorders,Total,Agegroup:5–24years–95%CI,345.0,345,356,ED
2023–2024,   Trauma- and stressor-related disorders,Female,Agegroup:5–24years–95%CI,318.0,318,333,ED
2023–2024,   Trauma- and stressor-related disorders,Male,Agegroup:5–24years–95%CI,177.0,177,187,ED
2023–2024,   Trauma- and stressor-related disorders,Total,Agegroup:5–24years–95%CI,246.0,246,255,ED
2023–2024,"   Disruptive, impulse control and conduct disorders",Female,Agegroup:5–24years–95%CI,18.0,18,21,ED
2023–2024,"   Disruptive, impulse control and conduct disorders",Male,Agegroup:5–24years–95%CI,24.0,24,28,ED
2023–2024,"   Disruptive, impulse control and conduct disorders",Total,Agegroup:5–24years–95%CI,21.0,21,24,ED
2023–2024,   Eating and feeding disorders,Female,Agegroup:5–24years–95%CI,27.0,27,31,ED
2023–2024,   Eating and feeding disorders,Male,Agegroup:5–24years–95%CI,3.0,3,4,ED
2023–2024,   Eating and feeding disorders,Total,Agegroup:5–24years–95%CI,15.0,15,17,ED
2023–2024,   Tic disorders,Female,Agegroup:5–24years–95%CI,5.0,5,7,ED
2023–2024,   Tic disorders,Male,Agegroup:5–24years–95%CI,6.0,6,8,ED
2023–2024,   Tic disorders,Total,Agegroup:5–24years–95%CI,6.0,6,7,ED
2023–2024,   ADHD,Female,Agegroup:5–24years–95%CI,10.0,10,13,ED
2023–2024,   ADHD,Male,Agegroup:5–24years–95%CI,19.0,19,23,ED
2023–2024,   ADHD,Total,Agegroup:5–24years–95%CI,15.0,15,18,ED
2018–2019,Neurocognitive disorders,Female,Agegroup:5–9years–Rate,0.3,,,Hospitalization
2018–2019,Neurocognitive disorders,Male,Agegroup:5–9years–Rate,0.3,,,Hospitalization
2018–2019,Neurocognitive disorders,Total,Agegroup:5–9years–Rate,0.3,,,Hospitalization
2018–2019,Substance-related disorders,Female,Agegroup:5–9years–Rate,0.1,,,Hospitalization
2018–2019,Substance-related disorders,Male,Agegroup:5–9years–Rate,0.1,,,Hospitalization
2018–2019,Substance-related disorders,Total,Agegroup:5–9years–Rate,0.1,,,Hospitalization
2018–2019,Schizophrenic and psychotic disorders,Female,Agegroup:5–9years–Rate,0.1,,,Hospitalization
2018–2019,Schizophrenic and psychotic disorders,Male,Agegroup:5–9years–Rate,0.5,,,Hospitalization
2018–2019,Schizophrenic and psychotic disorders,Total,Agegroup:5–9years–Rate,0.3,,,Hospitalization
2018–2019,Mood disorders,Female,Agegroup:5–9years–Rate,1.1,,,Hospitalization
2018–2019,Mood disorders,Male,Agegroup:5–9years–Rate,3.2,,,Hospitalization
2018–2019,Mood disorders,Total,Agegroup:5–9years–Rate,2.2,,,Hospitalization
2018–2019,Anxiety disorders,Female,Agegroup:5–9years–Rate,3.4,,,Hospitalization
2018–2019,Anxiety disorders,Male,Agegroup:5–9years–Rate,4.1,,,Hospitalization
2018–2019,Anxiety disorders,Total,Agegroup:5–9years–Rate,3.8,,,Hospitalization
2018–2019,Personality disorders,Female,Agegroup:5–9years–Rate,0.0,,,Hospitalization
2018–2019,Personality disorders,Male,Agegroup:5–9years–Rate,0.3,,,Hospitalization
2018–2019,Personality disorders,Total,Agegroup:5–9years–Rate,0.1,,,Hospitalization
2018–2019,Other disorders,Female,Agegroup:5–9years–Rate,19.1,,,Hospitalization
2018–2019,Other disorders,Male,Agegroup:5–9years–Rate,45.5,,,Hospitalization
2018–2019,Other disorders,Total,Agegroup:5–9years–Rate,32.6,,,Hospitalization
2018–2019,   Trauma- and stressor-related disorders,Female,Agegroup:5–9years–Rate,3.7,,,Hospitalization
2018–2019,   Trauma- and stressor-related disorders,Male,Agegroup:5–9years–Rate,7.5,,,Hospitalization
2018–2019,   Trauma- and stressor-related disorders,Total,Agegroup:5–9years–Rate,5.7,,,Hospitalization
2018–2019,"   Disruptive, impulse control and conduct disorders",Female,Agegroup:5–9years–Rate,4.4,,,Hospitalization
2018–2019,"   Disruptive, impulse control and conduct disorders",Male,Agegroup:5–9years–Rate,12.1,,,Hospitalization
2018–2019,"   Disruptive, impulse control and conduct disorders",Total,Agegroup:5–9years–Rate,8.4,,,Hospitalization
2018–2019,   Eating and feeding disorders,Female,Agegroup:5–9years–Rate,1.5,,,Hospitalization
2018–2019,   Eating and feeding disorders,Male,Agegroup:5–9years–Rate,1.3,,,Hospitalization
2018–2019,   Eating and feeding disorders,Total,Agegroup:5–9years–Rate,1.4,,,Hospitalization
2018–2019,   Tic disorders,Female,Agegroup:5–9years–Rate,0.5,,,Hospitalization
2018–2019,   Tic disorders,Male,Agegroup:5–9years–Rate,1.4,,,Hospitalization
2018–2019,   Tic disorders,Total,Agegroup:5–9years–Rate,1.0,,,Hospitalization
2018–2019,   ADHD,Female,Agegroup:5–9years–Rate,4.4,,,Hospitalization
2018–2019,   ADHD,Male,Agegroup:5–9years–Rate,16.0,,,Hospitalization
2018–2019,   ADHD,Total,Agegroup:5–9years–Rate,10.4,,,Hospitalization
2019–2020,Neurocognitive disorders,Female,Agegroup:5–9years–Rate,0.4,,,Hospitalization
2019–2020,Neurocognitive disorders,Male,Agegroup:5–9years–Rate,0.3,,,Hospitalization
2019–2020,Neurocognitive disorders,Total,Agegroup:5–9years–Rate,0.3,,,Hospitalization
2019–2020,Substance-related disorders,Female,Agegroup:5–9years–Rate,0.1,,,Hospitalization
2019–2020,Substance-related disorders,Male,Agegroup:5–9years–Rate,0.2,,,Hospitalization
2019–2020,Substance-related disorders,Total,Agegroup:5–9years–Rate,0.1,,,Hospitalization
2019–2020,Schizophrenic and psychotic disorders,Female,Agegroup:5–9years–Rate,0.3,,,Hospitalization
2019–2020,Schizophrenic and psychotic disorders,Male,Agegroup:5–9years–Rate,0.4,,,Hospitalization
2019–2020,Schizophrenic and psychotic disorders,Total,Agegroup:5–9years–Rate,0.3,,,Hospitalization
2019–2020,Mood disorders,Female,Agegroup:5–9years–Rate,1.5,,,Hospitalization
2019–2020,Mood disorders,Male,Agegroup:5–9years–Rate,2.5,,,Hospitalization
2019–2020,Mood disorders,Total,Agegroup:5–9years–Rate,2.0,,,Hospitalization
2019–2020,Anxiety disorders,Female,Agegroup:5–9years–Rate,3.4,,,Hospitalization
2019–2020,Anxiety disorders,Male,Agegroup:5–9years–Rate,3.6,,,Hospitalization
2019–2020,Anxiety disorders,Total,Agegroup:5–9years–Rate,3.5,,,Hospitalization
2019–2020,Personality disorders,Female,Agegroup:5–9years–Rate,0.2,,,Hospitalization
2019–2020,Personality disorders,Male,Agegroup:5–9years–Rate,0.1,,,Hospitalization
2019–2020,Personality disorders,Total,Agegroup:5–9years–Rate,0.1,,,Hospitalization
2019–2020,Other disorders,Female,Agegroup:5–9years–Rate,17.8,,,Hospitalization
2019–2020,Other disorders,Male,Agegroup:5–9years–Rate,42.1,,,Hospitalization
2019–2020,Other disorders,Total,Agegroup:5–9years–Rate,30.2,,,Hospitalization
2019–2020,   Trauma- and stressor-related disorders,Female,Agegroup:5–9years–Rate,3.6,,,Hospitalization
2019–2020,   Trauma- and stressor-related disorders,Male,Agegroup:5–9years–Rate,5.7,,,Hospitalization
2019–2020,   Trauma- and stressor-related disorders,Total,Agegroup:5–9years–Rate,4.7,,,Hospitalization
2019–2020,"   Disruptive, impulse control and conduct disorders",Female,Agegroup:5–9years–Rate,2.6,,,Hospitalization
2019–2020,"   Disruptive, impulse control and conduct disorders",Male,Agegroup:5–9years–Rate,11.0,,,Hospitalization
2019–2020,"   Disruptive, impulse control and conduct disorders",Total,Agegroup:5–9years–Rate,6.9,,,Hospitalization
2019–2020,   Eating and feeding disorders,Female,Agegroup:5–9years–Rate,2.0,,,Hospitalization
2019–2020,   Eating and feeding disorders,Male,Agegroup:5–9years–Rate,1.1,,,Hospitalization
2019–2020,   Eating and feeding disorders,Total,Agegroup:5–9years–Rate,1.6,,,Hospitalization
2019–2020,   Tic disorders,Female,Agegroup:5–9years–Rate,0.3,,,Hospitalization
2019–2020,   Tic disorders,Male,Agegroup:5–9years–Rate,1.5,,,Hospitalization
2019–2020,   Tic disorders,Total,Agegroup:5–9years–Rate,0.9,,,Hospitalization
2019–2020,   ADHD,Female,Agegroup:5–9years–Rate,4.1,,,Hospitalization
2019–2020,   ADHD,Male,Agegroup:5–9years–Rate,15.0,,,Hospitalization
2019–2020,   ADHD,Total,Agegroup:5–9years–Rate,9.7,,,Hospitalization
2020–2021,Neurocognitive disorders,Female,Agegroup:5–9years–Rate,0.1,,,Hospitalization
2020–2021,Neurocognitive disorders,Male,Agegroup:5–9years–Rate,0.0,,,Hospitalization
2020–2021,Neurocognitive disorders,Total,Agegroup:5–9years–Rate,0.0,,,Hospitalization
2020–2021,Substance-related disorders,Female,Agegroup:5–9years–Rate,0.2,,,Hospitalization
2020–2021,Substance-related disorders,Male,Agegroup:5–9years–Rate,0.7,,,Hospitalization
2020–2021,Substance-related disorders,Total,Agegroup:5–9years–Rate,0.4,,,Hospitalization
2020–2021,Schizophrenic and psychotic disorders,Female,Agegroup:5–9years–Rate,0.1,,,Hospitalization
2020–2021,Schizophrenic and psychotic disorders,Male,Agegroup:5–9years–Rate,0.2,,,Hospitalization
2020–2021,Schizophrenic and psychotic disorders,Total,Agegroup:5–9years–Rate,0.1,,,Hospitalization
2020–2021,Mood disorders,Female,Agegroup:5–9years–Rate,0.9,,,Hospitalization
2020–2021,Mood disorders,Male,Agegroup:5–9years–Rate,1.0,,,Hospitalization
2020–2021,Mood disorders,Total,Agegroup:5–9years–Rate,1.0,,,Hospitalization
2020–2021,Anxiety disorders,Female,Agegroup:5–9years–Rate,1.4,,,Hospitalization
2020–2021,Anxiety disorders,Male,Agegroup:5–9years–Rate,1.2,,,Hospitalization
2020–2021,Anxiety disorders,Total,Agegroup:5–9years–Rate,1.3,,,Hospitalization
2020–2021,Personality disorders,Female,Agegroup:5–9years–Rate,0.3,,,Hospitalization
2020–2021,Personality disorders,Male,Agegroup:5–9years–Rate,0.3,,,Hospitalization
2020–2021,Personality disorders,Total,Agegroup:5–9years–Rate,0.3,,,Hospitalization
2020–2021,Other disorders,Female,Agegroup:5–9years–Rate,11.9,,,Hospitalization
2020–2021,Other disorders,Male,Agegroup:5–9years–Rate,26.5,,,Hospitalization
2020–2021,Other disorders,Total,Agegroup:5–9years–Rate,19.4,,,Hospitalization
2020–2021,   Trauma- and stressor-related disorders,Female,Agegroup:5–9years–Rate,2.5,,,Hospitalization
2020–2021,   Trauma- and stressor-related disorders,Male,Agegroup:5–9years–Rate,2.8,,,Hospitalization
2020–2021,   Trauma- and stressor-related disorders,Total,Agegroup:5–9years–Rate,2.7,,,Hospitalization
2020–2021,"   Disruptive, impulse control and conduct disorders",Female,Agegroup:5–9years–Rate,2.4,,,Hospitalization
2020–2021,"   Disruptive, impulse control and conduct disorders",Male,Agegroup:5–9years–Rate,7.9,,,Hospitalization
2020–2021,"   Disruptive, impulse control and conduct disorders",Total,Agegroup:5–9years–Rate,5.2,,,Hospitalization
2020–2021,   Eating and feeding disorders,Female,Agegroup:5–9years–Rate,1.7,,,Hospitalization
2020–2021,   Eating and feeding disorders,Male,Agegroup:5–9years–Rate,0.7,,,Hospitalization
2020–2021,   Eating and feeding disorders,Total,Agegroup:5–9years–Rate,1.2,,,Hospitalization
2020–2021,   Tic disorders,Female,Agegroup:5–9years–Rate,0.0,,,Hospitalization
2020–2021,   Tic disorders,Male,Agegroup:5–9years–Rate,0.9,,,Hospitalization
2020–2021,   Tic disorders,Total,Agegroup:5–9years–Rate,0.5,,,Hospitalization
2020–2021,   ADHD,Female,Agegroup:5–9years–Rate,2.2,,,Hospitalization
2020–2021,   ADHD,Male,Agegroup:5–9years–Rate,9.3,,,Hospitalization
2020–2021,   ADHD,Total,Agegroup:5–9years–Rate,5.9,,,Hospitalization
2021–2022,Neurocognitive disorders,Female,Agegroup:5–9years–Rate,0.0,,,Hospitalization
2021–2022,Neurocognitive disorders,Male,Agegroup:5–9years–Rate,0.2,,,Hospitalization
2021–2022,Neurocognitive disorders,Total,Agegroup:5–9years–Rate,0.1,,,Hospitalization
2021–2022,Substance-related disorders,Female,Agegroup:5–9years–Rate,0.3,,,Hospitalization
2021–2022,Substance-related disorders,Male,Agegroup:5–9years–Rate,0.2,,,Hospitalization
2021–2022,Substance-related disorders,Total,Agegroup:5–9years–Rate,0.2,,,Hospitalization
2021–2022,Schizophrenic and psychotic disorders,Female,Agegroup:5–9years–Rate,0.1,,,Hospitalization
2021–2022,Schizophrenic and psychotic disorders,Male,Agegroup:5–9years–Rate,0.3,,,Hospitalization
2021–2022,Schizophrenic and psychotic disorders,Total,Agegroup:5–9years–Rate,0.2,,,Hospitalization
2021–2022,Mood disorders,Female,Agegroup:5–9years–Rate,0.8,,,Hospitalization
2021–2022,Mood disorders,Male,Agegroup:5–9years–Rate,1.5,,,Hospitalization
2021–2022,Mood disorders,Total,Agegroup:5–9years–Rate,1.2,,,Hospitalization
2021–2022,Anxiety disorders,Female,Agegroup:5–9years–Rate,1.6,,,Hospitalization
2021–2022,Anxiety disorders,Male,Agegroup:5–9years–Rate,1.7,,,Hospitalization
2021–2022,Anxiety disorders,Total,Agegroup:5–9years–Rate,1.6,,,Hospitalization
2021–2022,Personality disorders,Female,Agegroup:5–9years–Rate,0.3,,,Hospitalization
2021–2022,Personality disorders,Male,Agegroup:5–9years–Rate,0.1,,,Hospitalization
2021–2022,Personality disorders,Total,Agegroup:5–9years–Rate,0.2,,,Hospitalization
2021–2022,Other disorders,Female,Agegroup:5–9years–Rate,12.4,,,Hospitalization
2021–2022,Other disorders,Male,Agegroup:5–9years–Rate,28.0,,,Hospitalization
2021–2022,Other disorders,Total,Agegroup:5–9years–Rate,20.4,,,Hospitalization
2021–2022,   Trauma- and stressor-related disorders,Female,Agegroup:5–9years–Rate,2.2,,,Hospitalization
2021–2022,   Trauma- and stressor-related disorders,Male,Agegroup:5–9years–Rate,3.9,,,Hospitalization
2021–2022,   Trauma- and stressor-related disorders,Total,Agegroup:5–9years–Rate,3.0,,,Hospitalization
2021–2022,"   Disruptive, impulse control and conduct disorders",Female,Agegroup:5–9years–Rate,2.0,,,Hospitalization
2021–2022,"   Disruptive, impulse control and conduct disorders",Male,Agegroup:5–9years–Rate,6.4,,,Hospitalization
2021–2022,"   Disruptive, impulse control and conduct disorders",Total,Agegroup:5–9years–Rate,4.2,,,Hospitalization
2021–2022,   Eating and feeding disorders,Female,Agegroup:5–9years–Rate,1.9,,,Hospitalization
2021–2022,   Eating and feeding disorders,Male,Agegroup:5–9years–Rate,0.8,,,Hospitalization
2021–2022,   Eating and feeding disorders,Total,Agegroup:5–9years–Rate,1.4,,,Hospitalization
2021–2022,   Tic disorders,Female,Agegroup:5–9years–Rate,0.2,,,Hospitalization
2021–2022,   Tic disorders,Male,Agegroup:5–9years–Rate,0.8,,,Hospitalization
2021–2022,   Tic disorders,Total,Agegroup:5–9years–Rate,0.5,,,Hospitalization
2021–2022,   ADHD,Female,Agegroup:5–9years–Rate,2.6,,,Hospitalization
2021–2022,   ADHD,Male,Agegroup:5–9years–Rate,9.7,,,Hospitalization
2021–2022,   ADHD,Total,Agegroup:5–9years–Rate,6.2,,,Hospitalization
2022–2023,Neurocognitive disorders,Female,Agegroup:5–9years–Rate,0.1,,,Hospitalization
2022–2023,Neurocognitive disorders,Male,Agegroup:5–9years–Rate,0.3,,,Hospitalization
2022–2023,Neurocognitive disorders,Total,Agegroup:5–9years–Rate,0.2,,,Hospitalization
2022–2023,Substance-related disorders,Female,Agegroup:5–9years–Rate,0.2,,,Hospitalization
2022–2023,Substance-related disorders,Male,Agegroup:5–9years–Rate,0.4,,,Hospitalization
2022–2023,Substance-related disorders,Total,Agegroup:5–9years–Rate,0.3,,,Hospitalization
2022–2023,Schizophrenic and psychotic disorders,Female,Agegroup:5–9years–Rate,0.1,,,Hospitalization
2022–2023,Schizophrenic and psychotic disorders,Male,Agegroup:5–9years–Rate,0.2,,,Hospitalization
2022–2023,Schizophrenic and psychotic disorders,Total,Agegroup:5–9years–Rate,0.1,,,Hospitalization
2022–2023,Mood disorders,Female,Agegroup:5–9years–Rate,0.4,,,Hospitalization
2022–2023,Mood disorders,Male,Agegroup:5–9years–Rate,1.2,,,Hospitalization
2022–2023,Mood disorders,Total,Agegroup:5–9years–Rate,0.8,,,Hospitalization
2022–2023,Anxiety disorders,Female,Agegroup:5–9years–Rate,0.7,,,Hospitalization
2022–2023,Anxiety disorders,Male,Agegroup:5–9years–Rate,1.3,,,Hospitalization
2022–2023,Anxiety disorders,Total,Agegroup:5–9years–Rate,1.0,,,Hospitalization
2022–2023,Personality disorders,Female,Agegroup:5–9years–Rate,0.1,,,Hospitalization
2022–2023,Personality disorders,Male,Agegroup:5–9years–Rate,0.3,,,Hospitalization
2022–2023,Personality disorders,Total,Agegroup:5–9years–Rate,0.2,,,Hospitalization
2022–2023,Other disorders,Female,Agegroup:5–9years–Rate,12.3,,,Hospitalization
2022–2023,Other disorders,Male,Agegroup:5–9years–Rate,24.9,,,Hospitalization
2022–2023,Other disorders,Total,Agegroup:5–9years–Rate,18.7,,,Hospitalization
2022–2023,   Trauma- and stressor-related disorders,Female,Agegroup:5–9years–Rate,2.3,,,Hospitalization
2022–2023,   Trauma- and stressor-related disorders,Male,Agegroup:5–9years–Rate,3.0,,,Hospitalization
2022–2023,   Trauma- and stressor-related disorders,Total,Agegroup:5–9years–Rate,2.6,,,Hospitalization
2022–2023,"   Disruptive, impulse control and conduct disorders",Female,Agegroup:5–9years–Rate,1.8,,,Hospitalization
2022–2023,"   Disruptive, impulse control and conduct disorders",Male,Agegroup:5–9years–Rate,5.6,,,Hospitalization
2022–2023,"   Disruptive, impulse control and conduct disorders",Total,Agegroup:5–9years–Rate,3.7,,,Hospitalization
2022–2023,   Eating and feeding disorders,Female,Agegroup:5–9years–Rate,1.9,,,Hospitalization
2022–2023,   Eating and feeding disorders,Male,Agegroup:5–9years–Rate,1.4,,,Hospitalization
2022–2023,   Eating and feeding disorders,Total,Agegroup:5–9years–Rate,1.6,,,Hospitalization
2022–2023,   Tic disorders,Female,Agegroup:5–9years–Rate,0.0,,,Hospitalization
2022–2023,   Tic disorders,Male,Agegroup:5–9years–Rate,0.7,,,Hospitalization
2022–2023,   Tic disorders,Total,Agegroup:5–9years–Rate,0.3,,,Hospitalization
2022–2023,   ADHD,Female,Agegroup:5–9years–Rate,3.1,,,Hospitalization
2022–2023,   ADHD,Male,Agegroup:5–9years–Rate,8.8,,,Hospitalization
2022–2023,   ADHD,Total,Agegroup:5–9years–Rate,6.1,,,Hospitalization
2023–2024,Neurocognitive disorders,Female,Agegroup:5–9years–Rate,0.0,,,Hospitalization
2023–2024,Neurocognitive disorders,Male,Agegroup:5–9years–Rate,0.1,,,Hospitalization
2023–2024,Neurocognitive disorders,Total,Agegroup:5–9years–Rate,0.0,,,Hospitalization
2023–2024,Substance-related disorders,Female,Agegroup:5–9years–Rate,0.0,,,Hospitalization
2023–2024,Substance-related disorders,Male,Agegroup:5–9years–Rate,0.3,,,Hospitalization
2023–2024,Substance-related disorders,Total,Agegroup:5–9years–Rate,0.1,,,Hospitalization
2023–2024,Schizophrenic and psychotic disorders,Female,Agegroup:5–9years–Rate,0.1,,,Hospitalization
2023–2024,Schizophrenic and psychotic disorders,Male,Agegroup:5–9years–Rate,0.2,,,Hospitalization
2023–2024,Schizophrenic and psychotic disorders,Total,Agegroup:5–9years–Rate,0.1,,,Hospitalization
2023–2024,Mood disorders,Female,Agegroup:5–9years–Rate,0.7,,,Hospitalization
2023–2024,Mood disorders,Male,Agegroup:5–9years–Rate,0.7,,,Hospitalization
2023–2024,Mood disorders,Total,Agegroup:5–9years–Rate,0.7,,,Hospitalization
2023–2024,Anxiety disorders,Female,Agegroup:5–9years–Rate,1.5,,,Hospitalization
2023–2024,Anxiety disorders,Male,Agegroup:5–9years–Rate,2.2,,,Hospitalization
2023–2024,Anxiety disorders,Total,Agegroup:5–9years–Rate,1.9,,,Hospitalization
2023–2024,Personality disorders,Female,Agegroup:5–9years–Rate,0.4,,,Hospitalization
2023–2024,Personality disorders,Male,Agegroup:5–9years–Rate,0.2,,,Hospitalization
2023–2024,Personality disorders,Total,Agegroup:5–9years–Rate,0.3,,,Hospitalization
2023–2024,Other disorders,Female,Agegroup:5–9years–Rate,14.1,,,Hospitalization
2023–2024,Other disorders,Male,Agegroup:5–9years–Rate,26.9,,,Hospitalization
2023–2024,Other disorders,Total,Agegroup:5–9years–Rate,20.7,,,Hospitalization
2023–2024,   Trauma- and stressor-related disorders,Female,Agegroup:5–9years–Rate,1.6,,,Hospitalization
2023–2024,   Trauma- and stressor-related disorders,Male,Agegroup:5–9years–Rate,3.3,,,Hospitalization
2023–2024,   Trauma- and stressor-related disorders,Total,Agegroup:5–9years–Rate,2.5,,,Hospitalization
2023–2024,"   Disruptive, impulse control and conduct disorders",Female,Agegroup:5–9years–Rate,1.5,,,Hospitalization
2023–2024,"   Disruptive, impulse control and conduct disorders",Male,Agegroup:5–9years–Rate,6.0,,,Hospitalization
2023–2024,"   Disruptive, impulse control and conduct disorders",Total,Agegroup:5–9years–Rate,3.8,,,Hospitalization
2023–2024,   Eating and feeding disorders,Female,Agegroup:5–9years–Rate,2.7,,,Hospitalization
2023–2024,   Eating and feeding disorders,Male,Agegroup:5–9years–Rate,1.1,,,Hospitalization
2023–2024,   Eating and feeding disorders,Total,Agegroup:5–9years–Rate,1.9,,,Hospitalization
2023–2024,   Tic disorders,Female,Agegroup:5–9years–Rate,0.4,,,Hospitalization
2023–2024,   Tic disorders,Male,Agegroup:5–9years–Rate,0.6,,,Hospitalization
2023–2024,   Tic disorders,Total,Agegroup:5–9years–Rate,0.5,,,Hospitalization
2023–2024,   ADHD,Female,Agegroup:5–9years–Rate,3.0,,,Hospitalization
2023–2024,   ADHD,Male,Agegroup:5–9years–Rate,9.3,,,Hospitalization
2023–2024,   ADHD,Total,Agegroup:5–9years–Rate,6.2,,,Hospitalization
2018–2019,Neurocognitive disorders,Female,Agegroup:5–9years–95%CI,0.0,0,1,Hospitalization
2018–2019,Neurocognitive disorders,Male,Agegroup:5–9years–95%CI,0.0,0,1,Hospitalization
2018–2019,Neurocognitive disorders,Total,Agegroup:5–9years–95%CI,0.0,0,1,Hospitalization
2018–2019,Substance-related disorders,Female,Agegroup:5–9years–95%CI,0.0,0,0,Hospitalization
2018–2019,Substance-related disorders,Male,Agegroup:5–9years–95%CI,0.0,0,0,Hospitalization
2018–2019,Substance-related disorders,Total,Agegroup:5–9years–95%CI,0.0,0,0,Hospitalization
2018–2019,Schizophrenic and psychotic disorders,Female,Agegroup:5–9years–95%CI,0.0,0,0,Hospitalization
2018–2019,Schizophrenic and psychotic disorders,Male,Agegroup:5–9years–95%CI,0.0,0,1,Hospitalization
2018–2019,Schizophrenic and psychotic disorders,Total,Agegroup:5–9years–95%CI,0.0,0,1,Hospitalization
2018–2019,Mood disorders,Female,Agegroup:5–9years–95%CI,0.0,0,2,Hospitalization
2018–2019,Mood disorders,Male,Agegroup:5–9years–95%CI,2.0,2,4,Hospitalization
2018–2019,Mood disorders,Total,Agegroup:5–9years–95%CI,2.0,2,3,Hospitalization
2018–2019,Anxiety disorders,Female,Agegroup:5–9years–95%CI,2.0,2,5,Hospitalization
2018–2019,Anxiety disorders,Male,Agegroup:5–9years–95%CI,3.0,3,5,Hospitalization
2018–2019,Anxiety disorders,Total,Agegroup:5–9years–95%CI,3.0,3,5,Hospitalization
2018–2019,Personality disorders,Female,Agegroup:5–9years–95%CI,0.0,0,0,Hospitalization
2018–2019,Personality disorders,Male,Agegroup:5–9years–95%CI,0.0,0,1,Hospitalization
2018–2019,Personality disorders,Total,Agegroup:5–9years–95%CI,0.0,0,0,Hospitalization
2018–2019,Other disorders,Female,Agegroup:5–9years–95%CI,16.0,16,22,Hospitalization
2018–2019,Other disorders,Male,Agegroup:5–9years–95%CI,41.0,41,50,Hospitalization
2018–2019,Other disorders,Total,Agegroup:5–9years–95%CI,30.0,30,35,Hospitalization
2018–2019,   Trauma- and stressor-related disorders,Female,Agegroup:5–9years–95%CI,3.0,3,5,Hospitalization
2018–2019,   Trauma- and stressor-related disorders,Male,Agegroup:5–9years–95%CI,6.0,6,9,Hospitalization
2018–2019,   Trauma- and stressor-related disorders,Total,Agegroup:5–9years–95%CI,5.0,5,7,Hospitalization
2018–2019,"   Disruptive, impulse control and conduct disorders",Female,Agegroup:5–9years–95%CI,3.0,3,6,Hospitalization
2018–2019,"   Disruptive, impulse control and conduct disorders",Male,Agegroup:5–9years–95%CI,10.0,10,14,Hospitalization
2018–2019,"   Disruptive, impulse control and conduct disorders",Total,Agegroup:5–9years–95%CI,7.0,7,10,Hospitalization
2018–2019,   Eating and feeding disorders,Female,Agegroup:5–9years–95%CI,1.0,1,2,Hospitalization
2018–2019,   Eating and feeding disorders,Male,Agegroup:5–9years–95%CI,1.0,1,2,Hospitalization
2018–2019,   Eating and feeding disorders,Total,Agegroup:5–9years–95%CI,1.0,1,2,Hospitalization
2018–2019,   Tic disorders,Female,Agegroup:5–9years–95%CI,0.0,0,1,Hospitalization
2018–2019,   Tic disorders,Male,Agegroup:5–9years–95%CI,1.0,1,2,Hospitalization
2018–2019,   Tic disorders,Total,Agegroup:5–9years–95%CI,1.0,1,1,Hospitalization
2018–2019,   ADHD,Female,Agegroup:5–9years–95%CI,3.0,3,6,Hospitalization
2018–2019,   ADHD,Male,Agegroup:5–9years–95%CI,14.0,14,18,Hospitalization
2018–2019,   ADHD,Total,Agegroup:5–9years–95%CI,9.0,9,12,Hospitalization
2019–2020,Neurocognitive disorders,Female,Agegroup:5–9years–95%CI,0.0,0,1,Hospitalization
2019–2020,Neurocognitive disorders,Male,Agegroup:5–9years–95%CI,0.0,0,1,Hospitalization
2019–2020,Neurocognitive disorders,Total,Agegroup:5–9years–95%CI,0.0,0,1,Hospitalization
2019–2020,Substance-related disorders,Female,Agegroup:5–9years–95%CI,0.0,0,0,Hospitalization
2019–2020,Substance-related disorders,Male,Agegroup:5–9years–95%CI,0.0,0,0,Hospitalization
2019–2020,Substance-related disorders,Total,Agegroup:5–9years–95%CI,0.0,0,0,Hospitalization
2019–2020,Schizophrenic and psychotic disorders,Female,Agegroup:5–9years–95%CI,0.0,0,1,Hospitalization
2019–2020,Schizophrenic and psychotic disorders,Male,Agegroup:5–9years–95%CI,0.0,0,1,Hospitalization
2019–2020,Schizophrenic and psychotic disorders,Total,Agegroup:5–9years–95%CI,0.0,0,1,Hospitalization
2019–2020,Mood disorders,Female,Agegroup:5–9years–95%CI,1.0,1,2,Hospitalization
2019–2020,Mood disorders,Male,Agegroup:5–9years–95%CI,2.0,2,3,Hospitalization
2019–2020,Mood disorders,Total,Agegroup:5–9years–95%CI,1.0,1,3,Hospitalization
2019–2020,Anxiety disorders,Female,Agegroup:5–9years–95%CI,2.0,2,5,Hospitalization
2019–2020,Anxiety disorders,Male,Agegroup:5–9years–95%CI,2.0,2,5,Hospitalization
2019–2020,Anxiety disorders,Total,Agegroup:5–9years–95%CI,3.0,3,4,Hospitalization
2019–2020,Personality disorders,Female,Agegroup:5–9years–95%CI,0.0,0,0,Hospitalization
2019–2020,Personality disorders,Male,Agegroup:5–9years–95%CI,0.0,0,0,Hospitalization
2019–2020,Personality disorders,Total,Agegroup:5–9years–95%CI,0.0,0,0,Hospitalization
2019–2020,Other disorders,Female,Agegroup:5–9years–95%CI,15.0,15,20,Hospitalization
2019–2020,Other disorders,Male,Agegroup:5–9years–95%CI,38.0,38,46,Hospitalization
2019–2020,Other disorders,Total,Agegroup:5–9years–95%CI,28.0,28,33,Hospitalization
2019–2020,   Trauma- and stressor-related disorders,Female,Agegroup:5–9years–95%CI,2.0,2,5,Hospitalization
2019–2020,   Trauma- and stressor-related disorders,Male,Agegroup:5–9years–95%CI,4.0,4,7,Hospitalization
2019–2020,   Trauma- and stressor-related disorders,Total,Agegroup:5–9years–95%CI,4.0,4,6,Hospitalization
2019–2020,"   Disruptive, impulse control and conduct disorders",Female,Agegroup:5–9years–95%CI,2.0,2,4,Hospitalization
2019–2020,"   Disruptive, impulse control and conduct disorders",Male,Agegroup:5–9years–95%CI,9.0,9,13,Hospitalization
2019–2020,"   Disruptive, impulse control and conduct disorders",Total,Agegroup:5–9years–95%CI,6.0,6,8,Hospitalization
2019–2020,   Eating and feeding disorders,Female,Agegroup:5–9years–95%CI,1.0,1,3,Hospitalization
2019–2020,   Eating and feeding disorders,Male,Agegroup:5–9years–95%CI,0.0,0,2,Hospitalization
2019–2020,   Eating and feeding disorders,Total,Agegroup:5–9years–95%CI,1.0,1,2,Hospitalization
2019–2020,   Tic disorders,Female,Agegroup:5–9years–95%CI,0.0,0,1,Hospitalization
2019–2020,   Tic disorders,Male,Agegroup:5–9years–95%CI,1.0,1,2,Hospitalization
2019–2020,   Tic disorders,Total,Agegroup:5–9years–95%CI,1.0,1,1,Hospitalization
2019–2020,   ADHD,Female,Agegroup:5–9years–95%CI,3.0,3,5,Hospitalization
2019–2020,   ADHD,Male,Agegroup:5–9years–95%CI,13.0,13,17,Hospitalization
2019–2020,   ADHD,Total,Agegroup:5–9years–95%CI,8.0,8,11,Hospitalization
2020–2021,Neurocognitive disorders,Female,Agegroup:5–9years–95%CI,0.0,0,0,Hospitalization
2020–2021,Neurocognitive disorders,Male,Agegroup:5–9years–95%CI,0.0,0,0,Hospitalization
2020–2021,Neurocognitive disorders,Total,Agegroup:5–9years–95%CI,0.0,0,0,Hospitalization
2020–2021,Substance-related disorders,Female,Agegroup:5–9years–95%CI,0.0,0,0,Hospitalization
2020–2021,Substance-related disorders,Male,Agegroup:5–9years–95%CI,0.0,0,1,Hospitalization
2020–2021,Substance-related disorders,Total,Agegroup:5–9years–95%CI,0.0,0,1,Hospitalization
2020–2021,Schizophrenic and psychotic disorders,Female,Agegroup:5–9years–95%CI,0.0,0,0,Hospitalization
2020–2021,Schizophrenic and psychotic disorders,Male,Agegroup:5–9years–95%CI,0.0,0,0,Hospitalization
2020–2021,Schizophrenic and psychotic disorders,Total,Agegroup:5–9years–95%CI,0.0,0,0,Hospitalization
2020–2021,Mood disorders,Female,Agegroup:5–9years–95%CI,0.0,0,1,Hospitalization
2020–2021,Mood disorders,Male,Agegroup:5–9years–95%CI,0.0,0,2,Hospitalization
2020–2021,Mood disorders,Total,Agegroup:5–9years–95%CI,1.0,1,1,Hospitalization
2020–2021,Anxiety disorders,Female,Agegroup:5–9years–95%CI,1.0,1,2,Hospitalization
2020–2021,Anxiety disorders,Male,Agegroup:5–9years–95%CI,1.0,1,2,Hospitalization
2020–2021,Anxiety disorders,Total,Agegroup:5–9years–95%CI,1.0,1,2,Hospitalization
2020–2021,Personality disorders,Female,Agegroup:5–9years–95%CI,0.0,0,1,Hospitalization
2020–2021,Personality disorders,Male,Agegroup:5–9years–95%CI,0.0,0,1,Hospitalization
2020–2021,Personality disorders,Total,Agegroup:5–9years–95%CI,0.0,0,1,Hospitalization
2020–2021,Other disorders,Female,Agegroup:5–9years–95%CI,10.0,10,14,Hospitalization
2020–2021,Other disorders,Male,Agegroup:5–9years–95%CI,23.0,23,30,Hospitalization
2020–2021,Other disorders,Total,Agegroup:5–9years–95%CI,17.0,17,21,Hospitalization
2020–2021,   Trauma- and stressor-related disorders,Female,Agegroup:5–9years–95%CI,2.0,2,3,Hospitalization
2020–2021,   Trauma- and stressor-related disorders,Male,Agegroup:5–9years–95%CI,2.0,2,4,Hospitalization
2020–2021,   Trauma- and stressor-related disorders,Total,Agegroup:5–9years–95%CI,2.0,2,3,Hospitalization
2020–2021,"   Disruptive, impulse control and conduct disorders",Female,Agegroup:5–9years–95%CI,1.0,1,3,Hospitalization
2020–2021,"   Disruptive, impulse control and conduct disorders",Male,Agegroup:5–9years–95%CI,6.0,6,10,Hospitalization
2020–2021,"   Disruptive, impulse control and conduct disorders",Total,Agegroup:5–9years–95%CI,4.0,4,6,Hospitalization
2020–2021,   Eating and feeding disorders,Female,Agegroup:5–9years–95%CI,1.0,1,2,Hospitalization
2020–2021,   Eating and feeding disorders,Male,Agegroup:5–9years–95%CI,0.0,0,1,Hospitalization
2020–2021,   Eating and feeding disorders,Total,Agegroup:5–9years–95%CI,1.0,1,2,Hospitalization
2020–2021,   Tic disorders,Female,Agegroup:5–9years–95%CI,0.0,0,0,Hospitalization
2020–2021,   Tic disorders,Male,Agegroup:5–9years–95%CI,0.0,0,2,Hospitalization
2020–2021,   Tic disorders,Total,Agegroup:5–9years–95%CI,0.0,0,1,Hospitalization
2020–2021,   ADHD,Female,Agegroup:5–9years–95%CI,1.0,1,3,Hospitalization
2020–2021,   ADHD,Male,Agegroup:5–9years–95%CI,7.0,7,11,Hospitalization
2020–2021,   ADHD,Total,Agegroup:5–9years–95%CI,5.0,5,7,Hospitalization
2021–2022,Neurocognitive disorders,Female,Agegroup:5–9years–95%CI,0.0,0,0,Hospitalization
2021–2022,Neurocognitive disorders,Male,Agegroup:5–9years–95%CI,0.0,0,0,Hospitalization
2021–2022,Neurocognitive disorders,Total,Agegroup:5–9years–95%CI,0.0,0,0,Hospitalization
2021–2022,Substance-related disorders,Female,Agegroup:5–9years–95%CI,0.0,0,1,Hospitalization
2021–2022,Substance-related disorders,Male,Agegroup:5–9years–95%CI,0.0,0,0,Hospitalization
2021–2022,Substance-related disorders,Total,Agegroup:5–9years–95%CI,0.0,0,0,Hospitalization
2021–2022,Schizophrenic and psychotic disorders,Female,Agegroup:5–9years–95%CI,0.0,0,0,Hospitalization
2021–2022,Schizophrenic and psychotic disorders,Male,Agegroup:5–9years–95%CI,0.0,0,1,Hospitalization
2021–2022,Schizophrenic and psychotic disorders,Total,Agegroup:5–9years–95%CI,0.0,0,0,Hospitalization
2021–2022,Mood disorders,Female,Agegroup:5–9years–95%CI,0.0,0,1,Hospitalization
2021–2022,Mood disorders,Male,Agegroup:5–9years–95%CI,1.0,1,2,Hospitalization
2021–2022,Mood disorders,Total,Agegroup:5–9years–95%CI,1.0,1,2,Hospitalization
2021–2022,Anxiety disorders,Female,Agegroup:5–9years–95%CI,1.0,1,2,Hospitalization
2021–2022,Anxiety disorders,Male,Agegroup:5–9years–95%CI,1.0,1,2,Hospitalization
2021–2022,Anxiety disorders,Total,Agegroup:5–9years–95%CI,1.0,1,2,Hospitalization
2021–2022,Personality disorders,Female,Agegroup:5–9years–95%CI,0.0,0,1,Hospitalization
2021–2022,Personality disorders,Male,Agegroup:5–9years–95%CI,0.0,0,0,Hospitalization
2021–2022,Personality disorders,Total,Agegroup:5–9years–95%CI,0.0,0,0,Hospitalization
2021–2022,Other disorders,Female,Agegroup:5–9years–95%CI,10.0,10,15,Hospitalization
2021–2022,Other disorders,Male,Agegroup:5–9years–95%CI,25.0,25,31,Hospitalization
2021–2022,Other disorders,Total,Agegroup:5–9years–95%CI,18.0,18,22,Hospitalization
2021–2022,   Trauma- and stressor-related disorders,Female,Agegroup:5–9years–95%CI,1.0,1,3,Hospitalization
2021–2022,   Trauma- and stressor-related disorders,Male,Agegroup:5–9years–95%CI,3.0,3,5,Hospitalization
2021–2022,   Trauma- and stressor-related disorders,Total,Agegroup:5–9years–95%CI,2.0,2,4,Hospitalization
2021–2022,"   Disruptive, impulse control and conduct disorders",Female,Agegroup:5–9years–95%CI,1.0,1,3,Hospitalization
2021–2022,"   Disruptive, impulse control and conduct disorders",Male,Agegroup:5–9years–95%CI,5.0,5,8,Hospitalization
2021–2022,"   Disruptive, impulse control and conduct disorders",Total,Agegroup:5–9years–95%CI,3.0,3,5,Hospitalization
2021–2022,   Eating and feeding disorders,Female,Agegroup:5–9years–95%CI,1.0,1,3,Hospitalization
2021–2022,   Eating and feeding disorders,Male,Agegroup:5–9years–95%CI,0.0,0,1,Hospitalization
2021–2022,   Eating and feeding disorders,Total,Agegroup:5–9years–95%CI,1.0,1,2,Hospitalization
2021–2022,   Tic disorders,Female,Agegroup:5–9years–95%CI,0.0,0,0,Hospitalization
2021–2022,   Tic disorders,Male,Agegroup:5–9years–95%CI,0.0,0,1,Hospitalization
2021–2022,   Tic disorders,Total,Agegroup:5–9years–95%CI,0.0,0,1,Hospitalization
2021–2022,   ADHD,Female,Agegroup:5–9years–95%CI,2.0,2,4,Hospitalization
2021–2022,   ADHD,Male,Agegroup:5–9years–95%CI,8.0,8,12,Hospitalization
2021–2022,   ADHD,Total,Agegroup:5–9years–95%CI,5.0,5,7,Hospitalization
2022–2023,Neurocognitive disorders,Female,Agegroup:5–9years–95%CI,0.0,0,0,Hospitalization
2022–2023,Neurocognitive disorders,Male,Agegroup:5–9years–95%CI,0.0,0,1,Hospitalization
2022–2023,Neurocognitive disorders,Total,Agegroup:5–9years–95%CI,0.0,0,0,Hospitalization
2022–2023,Substance-related disorders,Female,Agegroup:5–9years–95%CI,0.0,0,0,Hospitalization
2022–2023,Substance-related disorders,Male,Agegroup:5–9years–95%CI,0.0,0,1,Hospitalization
2022–2023,Substance-related disorders,Total,Agegroup:5–9years–95%CI,0.0,0,1,Hospitalization
2022–2023,Schizophrenic and psychotic disorders,Female,Agegroup:5–9years–95%CI,0.0,0,0,Hospitalization
2022–2023,Schizophrenic and psychotic disorders,Male,Agegroup:5–9years–95%CI,0.0,0,0,Hospitalization
2022–2023,Schizophrenic and psychotic disorders,Total,Agegroup:5–9years–95%CI,0.0,0,0,Hospitalization
2022–2023,Mood disorders,Female,Agegroup:5–9years–95%CI,0.0,0,1,Hospitalization
2022–2023,Mood disorders,Male,Agegroup:5–9years–95%CI,1.0,1,2,Hospitalization
2022–2023,Mood disorders,Total,Agegroup:5–9years–95%CI,0.0,0,1,Hospitalization
2022–2023,Anxiety disorders,Female,Agegroup:5–9years–95%CI,0.0,0,1,Hospitalization
2022–2023,Anxiety disorders,Male,Agegroup:5–9years–95%CI,1.0,1,2,Hospitalization
2022–2023,Anxiety disorders,Total,Agegroup:5–9years–95%CI,1.0,1,1,Hospitalization
2022–2023,Personality disorders,Female,Agegroup:5–9years–95%CI,0.0,0,0,Hospitalization
2022–2023,Personality disorders,Male,Agegroup:5–9years–95%CI,0.0,0,1,Hospitalization
2022–2023,Personality disorders,Total,Agegroup:5–9years–95%CI,0.0,0,0,Hospitalization
2022–2023,Other disorders,Female,Agegroup:5–9years–95%CI,10.0,10,14,Hospitalization
2022–2023,Other disorders,Male,Agegroup:5–9years–95%CI,22.0,22,28,Hospitalization
2022–2023,Other disorders,Total,Agegroup:5–9years–95%CI,17.0,17,21,Hospitalization
2022–2023,   Trauma- and stressor-related disorders,Female,Agegroup:5–9years–95%CI,1.0,1,3,Hospitalization
2022–2023,   Trauma- and stressor-related disorders,Male,Agegroup:5–9years–95%CI,2.0,2,4,Hospitalization
2022–2023,   Trauma- and stressor-related disorders,Total,Agegroup:5–9years–95%CI,2.0,2,3,Hospitalization
2022–2023,"   Disruptive, impulse control and conduct disorders",Female,Agegroup:5–9years–95%CI,1.0,1,3,Hospitalization
2022–2023,"   Disruptive, impulse control and conduct disorders",Male,Agegroup:5–9years–95%CI,4.0,4,7,Hospitalization
2022–2023,"   Disruptive, impulse control and conduct disorders",Total,Agegroup:5–9years–95%CI,3.0,3,5,Hospitalization
2022–2023,   Eating and feeding disorders,Female,Agegroup:5–9years–95%CI,1.0,1,3,Hospitalization
2022–2023,   Eating and feeding disorders,Male,Agegroup:5–9years–95%CI,1.0,1,2,Hospitalization
2022–2023,   Eating and feeding disorders,Total,Agegroup:5–9years–95%CI,1.0,1,2,Hospitalization
2022–2023,   Tic disorders,Female,Agegroup:5–9years–95%CI,0.0,0,0,Hospitalization
2022–2023,   Tic disorders,Male,Agegroup:5–9years–95%CI,0.0,0,1,Hospitalization
2022–2023,   Tic disorders,Total,Agegroup:5–9years–95%CI,0.0,0,1,Hospitalization
2022–2023,   ADHD,Female,Agegroup:5–9years–95%CI,2.0,2,4,Hospitalization
2022–2023,   ADHD,Male,Agegroup:5–9years–95%CI,7.0,7,11,Hospitalization
2022–2023,   ADHD,Total,Agegroup:5–9years–95%CI,5.0,5,7,Hospitalization
2023–2024,Neurocognitive disorders,Female,Agegroup:5–9years–95%CI,0.0,0,0,Hospitalization
2023–2024,Neurocognitive disorders,Male,Agegroup:5–9years–95%CI,0.0,0,0,Hospitalization
2023–2024,Neurocognitive disorders,Total,Agegroup:5–9years–95%CI,0.0,0,0,Hospitalization
2023–2024,Substance-related disorders,Female,Agegroup:5–9years–95%CI,0.0,0,0,Hospitalization
2023–2024,Substance-related disorders,Male,Agegroup:5–9years–95%CI,0.0,0,1,Hospitalization
2023–2024,Substance-related disorders,Total,Agegroup:5–9years–95%CI,0.0,0,0,Hospitalization
2023–2024,Schizophrenic and psychotic disorders,Female,Agegroup:5–9years–95%CI,0.0,0,0,Hospitalization
2023–2024,Schizophrenic and psychotic disorders,Male,Agegroup:5–9years–95%CI,0.0,0,0,Hospitalization
2023–2024,Schizophrenic and psychotic disorders,Total,Agegroup:5–9years–95%CI,0.0,0,0,Hospitalization
2023–2024,Mood disorders,Female,Agegroup:5–9years–95%CI,0.0,0,1,Hospitalization
2023–2024,Mood disorders,Male,Agegroup:5–9years–95%CI,0.0,0,1,Hospitalization
2023–2024,Mood disorders,Total,Agegroup:5–9years–95%CI,0.0,0,1,Hospitalization
2023–2024,Anxiety disorders,Female,Agegroup:5–9years–95%CI,1.0,1,2,Hospitalization
2023–2024,Anxiety disorders,Male,Agegroup:5–9years–95%CI,1.0,1,3,Hospitalization
2023–2024,Anxiety disorders,Total,Agegroup:5–9years–95%CI,1.0,1,2,Hospitalization
2023–2024,Personality disorders,Female,Agegroup:5–9years–95%CI,0.0,0,1,Hospitalization
2023–2024,Personality disorders,Male,Agegroup:5–9years–95%CI,0.0,0,0,Hospitalization
2023–2024,Personality disorders,Total,Agegroup:5–9years–95%CI,0.0,0,1,Hospitalization
2023–2024,Other disorders,Female,Agegroup:5–9years–95%CI,12.0,12,16,Hospitalization
2023–2024,Other disorders,Male,Agegroup:5–9years–95%CI,24.0,24,30,Hospitalization
2023–2024,Other disorders,Total,Agegroup:5–9years–95%CI,19.0,19,23,Hospitalization
2023–2024,   Trauma- and stressor-related disorders,Female,Agegroup:5–9years–95%CI,1.0,1,2,Hospitalization
2023–2024,   Trauma- and stressor-related disorders,Male,Agegroup:5–9years–95%CI,2.0,2,4,Hospitalization
2023–2024,   Trauma- and stressor-related disorders,Total,Agegroup:5–9years–95%CI,2.0,2,3,Hospitalization
2023–2024,"   Disruptive, impulse control and conduct disorders",Female,Agegroup:5–9years–95%CI,1.0,1,2,Hospitalization
2023–2024,"   Disruptive, impulse control and conduct disorders",Male,Agegroup:5–9years–95%CI,5.0,5,7,Hospitalization
2023–2024,"   Disruptive, impulse control and conduct disorders",Total,Agegroup:5–9years–95%CI,3.0,3,5,Hospitalization
2023–2024,   Eating and feeding disorders,Female,Agegroup:5–9years–95%CI,2.0,2,4,Hospitalization
2023–2024,   Eating and feeding disorders,Male,Agegroup:5–9years–95%CI,0.0,0,2,Hospitalization
2023–2024,   Eating and feeding disorders,Total,Agegroup:5–9years–95%CI,1.0,1,2,Hospitalization
2023–2024,   Tic disorders,Female,Agegroup:5–9years–95%CI,0.0,0,1,Hospitalization
2023–2024,   Tic disorders,Male,Agegroup:5–9years–95%CI,0.0,0,1,Hospitalization
2023–2024,   Tic disorders,Total,Agegroup:5–9years–95%CI,0.0,0,1,Hospitalization
2023–2024,   ADHD,Female,Agegroup:5–9years–95%CI,2.0,2,4,Hospitalization
2023–2024,   ADHD,Male,Agegroup:5–9years–95%CI,7.0,7,11,Hospitalization
2023–2024,   ADHD,Total,Agegroup:5–9years–95%CI,5.0,5,7,Hospitalization
2018–2019,Neurocognitive disorders,Female,Agegroup:10–14years–Rate,1.0,,,Hospitalization
2018–2019,Neurocognitive disorders,Male,Agegroup:10–14years–Rate,0.7,,,Hospitalization
2018–2019,Neurocognitive disorders,Total,Agegroup:10–14years–Rate,0.8,,,Hospitalization
2018–2019,Substance-related disorders,Female,Agegroup:10–14years–Rate,10.6,,,Hospitalization
2018–2019,Substance-related disorders,Male,Agegroup:10–14years–Rate,6.1,,,Hospitalization
2018–2019,Substance-related disorders,Total,Agegroup:10–14years–Rate,8.3,,,Hospitalization
2018–2019,Schizophrenic and psychotic disorders,Female,Agegroup:10–14years–Rate,8.9,,,Hospitalization
2018–2019,Schizophrenic and psychotic disorders,Male,Agegroup:10–14years–Rate,7.7,,,Hospitalization
2018–2019,Schizophrenic and psychotic disorders,Total,Agegroup:10–14years–Rate,8.3,,,Hospitalization
2018–2019,Mood disorders,Female,Agegroup:10–14years–Rate,138.4,,,Hospitalization
2018–2019,Mood disorders,Male,Agegroup:10–14years–Rate,37.9,,,Hospitalization
2018–2019,Mood disorders,Total,Agegroup:10–14years–Rate,86.9,,,Hospitalization
2018–2019,Anxiety disorders,Female,Agegroup:10–14years–Rate,58.2,,,Hospitalization
2018–2019,Anxiety disorders,Male,Agegroup:10–14years–Rate,22.9,,,Hospitalization
2018–2019,Anxiety disorders,Total,Agegroup:10–14years–Rate,40.2,,,Hospitalization
2018–2019,Personality disorders,Female,Agegroup:10–14years–Rate,16.5,,,Hospitalization
2018–2019,Personality disorders,Male,Agegroup:10–14years–Rate,1.9,,,Hospitalization
2018–2019,Personality disorders,Total,Agegroup:10–14years–Rate,9.0,,,Hospitalization
2018–2019,Other disorders,Female,Agegroup:10–14years–Rate,251.7,,,Hospitalization
2018–2019,Other disorders,Male,Agegroup:10–14years–Rate,142.6,,,Hospitalization
2018–2019,Other disorders,Total,Agegroup:10–14years–Rate,195.8,,,Hospitalization
2018–2019,   Trauma- and stressor-related disorders,Female,Agegroup:10–14years–Rate,142.5,,,Hospitalization
2018–2019,   Trauma- and stressor-related disorders,Male,Agegroup:10–14years–Rate,48.7,,,Hospitalization
2018–2019,   Trauma- and stressor-related disorders,Total,Agegroup:10–14years–Rate,94.5,,,Hospitalization
2018–2019,"   Disruptive, impulse control and conduct disorders",Female,Agegroup:10–14years–Rate,31.6,,,Hospitalization
2018–2019,"   Disruptive, impulse control and conduct disorders",Male,Agegroup:10–14years–Rate,32.4,,,Hospitalization
2018–2019,"   Disruptive, impulse control and conduct disorders",Total,Agegroup:10–14years–Rate,32.0,,,Hospitalization
2018–2019,   Eating and feeding disorders,Female,Agegroup:10–14years–Rate,36.0,,,Hospitalization
2018–2019,   Eating and feeding disorders,Male,Agegroup:10–14years–Rate,5.7,,,Hospitalization
2018–2019,   Eating and feeding disorders,Total,Agegroup:10–14years–Rate,20.5,,,Hospitalization
2018–2019,   Tic disorders,Female,Agegroup:10–14years–Rate,0.2,,,Hospitalization
2018–2019,   Tic disorders,Male,Agegroup:10–14years–Rate,2.2,,,Hospitalization
2018–2019,   Tic disorders,Total,Agegroup:10–14years–Rate,1.2,,,Hospitalization
2018–2019,   ADHD,Female,Agegroup:10–14years–Rate,20.2,,,Hospitalization
2018–2019,   ADHD,Male,Agegroup:10–14years–Rate,29.8,,,Hospitalization
2018–2019,   ADHD,Total,Agegroup:10–14years–Rate,25.1,,,Hospitalization
2019–2020,Neurocognitive disorders,Female,Agegroup:10–14years–Rate,0.3,,,Hospitalization
2019–2020,Neurocognitive disorders,Male,Agegroup:10–14years–Rate,1.1,,,Hospitalization
2019–2020,Neurocognitive disorders,Total,Agegroup:10–14years–Rate,0.7,,,Hospitalization
2019–2020,Substance-related disorders,Female,Agegroup:10–14years–Rate,11.6,,,Hospitalization
2019–2020,Substance-related disorders,Male,Agegroup:10–14years–Rate,6.4,,,Hospitalization
2019–2020,Substance-related disorders,Total,Agegroup:10–14years–Rate,8.9,,,Hospitalization
2019–2020,Schizophrenic and psychotic disorders,Female,Agegroup:10–14years–Rate,7.6,,,Hospitalization
2019–2020,Schizophrenic and psychotic disorders,Male,Agegroup:10–14years–Rate,5.2,,,Hospitalization
2019–2020,Schizophrenic and psychotic disorders,Total,Agegroup:10–14years–Rate,6.4,,,Hospitalization
2019–2020,Mood disorders,Female,Agegroup:10–14years–Rate,128.1,,,Hospitalization
2019–2020,Mood disorders,Male,Agegroup:10–14years–Rate,37.0,,,Hospitalization
2019–2020,Mood disorders,Total,Agegroup:10–14years–Rate,81.3,,,Hospitalization
2019–2020,Anxiety disorders,Female,Agegroup:10–14years–Rate,65.7,,,Hospitalization
2019–2020,Anxiety disorders,Male,Agegroup:10–14years–Rate,20.5,,,Hospitalization
2019–2020,Anxiety disorders,Total,Agegroup:10–14years–Rate,42.5,,,Hospitalization
2019–2020,Personality disorders,Female,Agegroup:10–14years–Rate,17.5,,,Hospitalization
2019–2020,Personality disorders,Male,Agegroup:10–14years–Rate,2.5,,,Hospitalization
2019–2020,Personality disorders,Total,Agegroup:10–14years–Rate,9.8,,,Hospitalization
2019–2020,Other disorders,Female,Agegroup:10–14years–Rate,242.0,,,Hospitalization
2019–2020,Other disorders,Male,Agegroup:10–14years–Rate,137.7,,,Hospitalization
2019–2020,Other disorders,Total,Agegroup:10–14years–Rate,188.4,,,Hospitalization
2019–2020,   Trauma- and stressor-related disorders,Female,Agegroup:10–14years–Rate,130.1,,,Hospitalization
2019–2020,   Trauma- and stressor-related disorders,Male,Agegroup:10–14years–Rate,41.8,,,Hospitalization
2019–2020,   Trauma- and stressor-related disorders,Total,Agegroup:10–14years–Rate,84.7,,,Hospitalization
2019–2020,"   Disruptive, impulse control and conduct disorders",Female,Agegroup:10–14years–Rate,28.7,,,Hospitalization
2019–2020,"   Disruptive, impulse control and conduct disorders",Male,Agegroup:10–14years–Rate,34.9,,,Hospitalization
2019–2020,"   Disruptive, impulse control and conduct disorders",Total,Agegroup:10–14years–Rate,31.9,,,Hospitalization
2019–2020,   Eating and feeding disorders,Female,Agegroup:10–14years–Rate,35.6,,,Hospitalization
2019–2020,   Eating and feeding disorders,Male,Agegroup:10–14years–Rate,5.9,,,Hospitalization
2019–2020,   Eating and feeding disorders,Total,Agegroup:10–14years–Rate,20.4,,,Hospitalization
2019–2020,   Tic disorders,Female,Agegroup:10–14years–Rate,0.6,,,Hospitalization
2019–2020,   Tic disorders,Male,Agegroup:10–14years–Rate,2.7,,,Hospitalization
2019–2020,   Tic disorders,Total,Agegroup:10–14years–Rate,1.7,,,Hospitalization
2019–2020,   ADHD,Female,Agegroup:10–14years–Rate,21.1,,,Hospitalization
2019–2020,   ADHD,Male,Agegroup:10–14years–Rate,32.0,,,Hospitalization
2019–2020,   ADHD,Total,Agegroup:10–14years–Rate,26.7,,,Hospitalization
2020–2021,Neurocognitive disorders,Female,Agegroup:10–14years–Rate,0.8,,,Hospitalization
2020–2021,Neurocognitive disorders,Male,Agegroup:10–14years–Rate,0.3,,,Hospitalization
2020–2021,Neurocognitive disorders,Total,Agegroup:10–14years–Rate,0.5,,,Hospitalization
2020–2021,Substance-related disorders,Female,Agegroup:10–14years–Rate,9.6,,,Hospitalization
2020–2021,Substance-related disorders,Male,Agegroup:10–14years–Rate,4.9,,,Hospitalization
2020–2021,Substance-related disorders,Total,Agegroup:10–14years–Rate,7.2,,,Hospitalization
2020–2021,Schizophrenic and psychotic disorders,Female,Agegroup:10–14years–Rate,7.4,,,Hospitalization
2020–2021,Schizophrenic and psychotic disorders,Male,Agegroup:10–14years–Rate,6.4,,,Hospitalization
2020–2021,Schizophrenic and psychotic disorders,Total,Agegroup:10–14years–Rate,6.9,,,Hospitalization
2020–2021,Mood disorders,Female,Agegroup:10–14years–Rate,146.0,,,Hospitalization
2020–2021,Mood disorders,Male,Agegroup:10–14years–Rate,26.0,,,Hospitalization
2020–2021,Mood disorders,Total,Agegroup:10–14years–Rate,84.3,,,Hospitalization
2020–2021,Anxiety disorders,Female,Agegroup:10–14years–Rate,66.1,,,Hospitalization
2020–2021,Anxiety disorders,Male,Agegroup:10–14years–Rate,14.9,,,Hospitalization
2020–2021,Anxiety disorders,Total,Agegroup:10–14years–Rate,39.8,,,Hospitalization
2020–2021,Personality disorders,Female,Agegroup:10–14years–Rate,18.1,,,Hospitalization
2020–2021,Personality disorders,Male,Agegroup:10–14years–Rate,2.1,,,Hospitalization
2020–2021,Personality disorders,Total,Agegroup:10–14years–Rate,9.9,,,Hospitalization
2020–2021,Other disorders,Female,Agegroup:10–14years–Rate,252.6,,,Hospitalization
2020–2021,Other disorders,Male,Agegroup:10–14years–Rate,96.1,,,Hospitalization
2020–2021,Other disorders,Total,Agegroup:10–14years–Rate,172.1,,,Hospitalization
2020–2021,   Trauma- and stressor-related disorders,Female,Agegroup:10–14years–Rate,124.2,,,Hospitalization
2020–2021,   Trauma- and stressor-related disorders,Male,Agegroup:10–14years–Rate,28.4,,,Hospitalization
2020–2021,   Trauma- and stressor-related disorders,Total,Agegroup:10–14years–Rate,74.9,,,Hospitalization
2020–2021,"   Disruptive, impulse control and conduct disorders",Female,Agegroup:10–14years–Rate,22.0,,,Hospitalization
2020–2021,"   Disruptive, impulse control and conduct disorders",Male,Agegroup:10–14years–Rate,21.5,,,Hospitalization
2020–2021,"   Disruptive, impulse control and conduct disorders",Total,Agegroup:10–14years–Rate,21.7,,,Hospitalization
2020–2021,   Eating and feeding disorders,Female,Agegroup:10–14years–Rate,59.8,,,Hospitalization
2020–2021,   Eating and feeding disorders,Male,Agegroup:10–14years–Rate,6.3,,,Hospitalization
2020–2021,   Eating and feeding disorders,Total,Agegroup:10–14years–Rate,32.3,,,Hospitalization
2020–2021,   Tic disorders,Female,Agegroup:10–14years–Rate,2.7,,,Hospitalization
2020–2021,   Tic disorders,Male,Agegroup:10–14years–Rate,1.7,,,Hospitalization
2020–2021,   Tic disorders,Total,Agegroup:10–14years–Rate,2.2,,,Hospitalization
2020–2021,   ADHD,Female,Agegroup:10–14years–Rate,21.1,,,Hospitalization
2020–2021,   ADHD,Male,Agegroup:10–14years–Rate,22.9,,,Hospitalization
2020–2021,   ADHD,Total,Agegroup:10–14years–Rate,22.0,,,Hospitalization
2021–2022,Neurocognitive disorders,Female,Agegroup:10–14years–Rate,0.8,,,Hospitalization
2021–2022,Neurocognitive disorders,Male,Agegroup:10–14years–Rate,1.0,,,Hospitalization
2021–2022,Neurocognitive disorders,Total,Agegroup:10–14years–Rate,0.9,,,Hospitalization
2021–2022,Substance-related disorders,Female,Agegroup:10–14years–Rate,11.4,,,Hospitalization
2021–2022,Substance-related disorders,Male,Agegroup:10–14years–Rate,5.5,,,Hospitalization
2021–2022,Substance-related disorders,Total,Agegroup:10–14years–Rate,8.4,,,Hospitalization
2021–2022,Schizophrenic and psychotic disorders,Female,Agegroup:10–14years–Rate,9.8,,,Hospitalization
2021–2022,Schizophrenic and psychotic disorders,Male,Agegroup:10–14years–Rate,8.2,,,Hospitalization
2021–2022,Schizophrenic and psychotic disorders,Total,Agegroup:10–14years–Rate,9.0,,,Hospitalization
2021–2022,Mood disorders,Female,Agegroup:10–14years–Rate,187.7,,,Hospitalization
2021–2022,Mood disorders,Male,Agegroup:10–14years–Rate,31.1,,,Hospitalization
2021–2022,Mood disorders,Total,Agegroup:10–14years–Rate,107.1,,,Hospitalization
2021–2022,Anxiety disorders,Female,Agegroup:10–14years–Rate,92.7,,,Hospitalization
2021–2022,Anxiety disorders,Male,Agegroup:10–14years–Rate,15.2,,,Hospitalization
2021–2022,Anxiety disorders,Total,Agegroup:10–14years–Rate,52.8,,,Hospitalization
2021–2022,Personality disorders,Female,Agegroup:10–14years–Rate,31.2,,,Hospitalization
2021–2022,Personality disorders,Male,Agegroup:10–14years–Rate,2.3,,,Hospitalization
2021–2022,Personality disorders,Total,Agegroup:10–14years–Rate,16.3,,,Hospitalization
2021–2022,Other disorders,Female,Agegroup:10–14years–Rate,329.4,,,Hospitalization
2021–2022,Other disorders,Male,Agegroup:10–14years–Rate,112.1,,,Hospitalization
2021–2022,Other disorders,Total,Agegroup:10–14years–Rate,217.5,,,Hospitalization
2021–2022,   Trauma- and stressor-related disorders,Female,Agegroup:10–14years–Rate,161.6,,,Hospitalization
2021–2022,   Trauma- and stressor-related disorders,Male,Agegroup:10–14years–Rate,32.9,,,Hospitalization
2021–2022,   Trauma- and stressor-related disorders,Total,Agegroup:10–14years–Rate,95.3,,,Hospitalization
2021–2022,"   Disruptive, impulse control and conduct disorders",Female,Agegroup:10–14years–Rate,27.7,,,Hospitalization
2021–2022,"   Disruptive, impulse control and conduct disorders",Male,Agegroup:10–14years–Rate,25.4,,,Hospitalization
2021–2022,"   Disruptive, impulse control and conduct disorders",Total,Agegroup:10–14years–Rate,26.5,,,Hospitalization
2021–2022,   Eating and feeding disorders,Female,Agegroup:10–14years–Rate,77.9,,,Hospitalization
2021–2022,   Eating and feeding disorders,Male,Agegroup:10–14years–Rate,8.5,,,Hospitalization
2021–2022,   Eating and feeding disorders,Total,Agegroup:10–14years–Rate,42.2,,,Hospitalization
2021–2022,   Tic disorders,Female,Agegroup:10–14years–Rate,2.3,,,Hospitalization
2021–2022,   Tic disorders,Male,Agegroup:10–14years–Rate,1.8,,,Hospitalization
2021–2022,   Tic disorders,Total,Agegroup:10–14years–Rate,2.1,,,Hospitalization
2021–2022,   ADHD,Female,Agegroup:10–14years–Rate,27.5,,,Hospitalization
2021–2022,   ADHD,Male,Agegroup:10–14years–Rate,26.0,,,Hospitalization
2021–2022,   ADHD,Total,Agegroup:10–14years–Rate,26.7,,,Hospitalization
2022–2023,Neurocognitive disorders,Female,Agegroup:10–14years–Rate,0.6,,,Hospitalization
2022–2023,Neurocognitive disorders,Male,Agegroup:10–14years–Rate,0.7,,,Hospitalization
2022–2023,Neurocognitive disorders,Total,Agegroup:10–14years–Rate,0.7,,,Hospitalization
2022–2023,Substance-related disorders,Female,Agegroup:10–14years–Rate,11.2,,,Hospitalization
2022–2023,Substance-related disorders,Male,Agegroup:10–14years–Rate,6.4,,,Hospitalization
2022–2023,Substance-related disorders,Total,Agegroup:10–14years–Rate,8.8,,,Hospitalization
2022–2023,Schizophrenic and psychotic disorders,Female,Agegroup:10–14years–Rate,8.9,,,Hospitalization
2022–2023,Schizophrenic and psychotic disorders,Male,Agegroup:10–14years–Rate,6.2,,,Hospitalization
2022–2023,Schizophrenic and psychotic disorders,Total,Agegroup:10–14years–Rate,7.5,,,Hospitalization
2022–2023,Mood disorders,Female,Agegroup:10–14years–Rate,132.8,,,Hospitalization
2022–2023,Mood disorders,Male,Agegroup:10–14years–Rate,27.8,,,Hospitalization
2022–2023,Mood disorders,Total,Agegroup:10–14years–Rate,78.8,,,Hospitalization
2022–2023,Anxiety disorders,Female,Agegroup:10–14years–Rate,74.4,,,Hospitalization
2022–2023,Anxiety disorders,Male,Agegroup:10–14years–Rate,13.3,,,Hospitalization
2022–2023,Anxiety disorders,Total,Agegroup:10–14years–Rate,43.0,,,Hospitalization
2022–2023,Personality disorders,Female,Agegroup:10–14years–Rate,30.4,,,Hospitalization
2022–2023,Personality disorders,Male,Agegroup:10–14years–Rate,3.0,,,Hospitalization
2022–2023,Personality disorders,Total,Agegroup:10–14years–Rate,16.3,,,Hospitalization
2022–2023,Other disorders,Female,Agegroup:10–14years–Rate,264.3,,,Hospitalization
2022–2023,Other disorders,Male,Agegroup:10–14years–Rate,104.1,,,Hospitalization
2022–2023,Other disorders,Total,Agegroup:10–14years–Rate,181.9,,,Hospitalization
2022–2023,   Trauma- and stressor-related disorders,Female,Agegroup:10–14years–Rate,126.3,,,Hospitalization
2022–2023,   Trauma- and stressor-related disorders,Male,Agegroup:10–14years–Rate,31.1,,,Hospitalization
2022–2023,   Trauma- and stressor-related disorders,Total,Agegroup:10–14years–Rate,77.3,,,Hospitalization
2022–2023,"   Disruptive, impulse control and conduct disorders",Female,Agegroup:10–14years–Rate,24.2,,,Hospitalization
2022–2023,"   Disruptive, impulse control and conduct disorders",Male,Agegroup:10–14years–Rate,20.4,,,Hospitalization
2022–2023,"   Disruptive, impulse control and conduct disorders",Total,Agegroup:10–14years–Rate,22.2,,,Hospitalization
2022–2023,   Eating and feeding disorders,Female,Agegroup:10–14years–Rate,60.4,,,Hospitalization
2022–2023,   Eating and feeding disorders,Male,Agegroup:10–14years–Rate,7.7,,,Hospitalization
2022–2023,   Eating and feeding disorders,Total,Agegroup:10–14years–Rate,33.3,,,Hospitalization
2022–2023,   Tic disorders,Female,Agegroup:10–14years–Rate,0.7,,,Hospitalization
2022–2023,   Tic disorders,Male,Agegroup:10–14years–Rate,1.3,,,Hospitalization
2022–2023,   Tic disorders,Total,Agegroup:10–14years–Rate,1.0,,,Hospitalization
2022–2023,   ADHD,Female,Agegroup:10–14years–Rate,28.9,,,Hospitalization
2022–2023,   ADHD,Male,Agegroup:10–14years–Rate,24.3,,,Hospitalization
2022–2023,   ADHD,Total,Agegroup:10–14years–Rate,26.5,,,Hospitalization
2023–2024,Neurocognitive disorders,Female,Agegroup:10–14years–Rate,0.4,,,Hospitalization
2023–2024,Neurocognitive disorders,Male,Agegroup:10–14years–Rate,0.8,,,Hospitalization
2023–2024,Neurocognitive disorders,Total,Agegroup:10–14years–Rate,0.6,,,Hospitalization
2023–2024,Substance-related disorders,Female,Agegroup:10–14years–Rate,11.4,,,Hospitalization
2023–2024,Substance-related disorders,Male,Agegroup:10–14years–Rate,5.8,,,Hospitalization
2023–2024,Substance-related disorders,Total,Agegroup:10–14years–Rate,8.5,,,Hospitalization
2023–2024,Schizophrenic and psychotic disorders,Female,Agegroup:10–14years–Rate,9.2,,,Hospitalization
2023–2024,Schizophrenic and psychotic disorders,Male,Agegroup:10–14years–Rate,5.9,,,Hospitalization
2023–2024,Schizophrenic and psychotic disorders,Total,Agegroup:10–14years–Rate,7.5,,,Hospitalization
2023–2024,Mood disorders,Female,Agegroup:10–14years–Rate,113.9,,,Hospitalization
2023–2024,Mood disorders,Male,Agegroup:10–14years–Rate,26.9,,,Hospitalization
2023–2024,Mood disorders,Total,Agegroup:10–14years–Rate,69.1,,,Hospitalization
2023–2024,Anxiety disorders,Female,Agegroup:10–14years–Rate,51.7,,,Hospitalization
2023–2024,Anxiety disorders,Male,Agegroup:10–14years–Rate,12.4,,,Hospitalization
2023–2024,Anxiety disorders,Total,Agegroup:10–14years–Rate,31.5,,,Hospitalization
2023–2024,Personality disorders,Female,Agegroup:10–14years–Rate,24.7,,,Hospitalization
2023–2024,Personality disorders,Male,Agegroup:10–14years–Rate,2.9,,,Hospitalization
2023–2024,Personality disorders,Total,Agegroup:10–14years–Rate,13.5,,,Hospitalization
2023–2024,Other disorders,Female,Agegroup:10–14years–Rate,249.7,,,Hospitalization
2023–2024,Other disorders,Male,Agegroup:10–14years–Rate,109.1,,,Hospitalization
2023–2024,Other disorders,Total,Agegroup:10–14years–Rate,177.4,,,Hospitalization
2023–2024,   Trauma- and stressor-related disorders,Female,Agegroup:10–14years–Rate,126.7,,,Hospitalization
2023–2024,   Trauma- and stressor-related disorders,Male,Agegroup:10–14years–Rate,31.5,,,Hospitalization
2023–2024,   Trauma- and stressor-related disorders,Total,Agegroup:10–14years–Rate,77.7,,,Hospitalization
2023–2024,"   Disruptive, impulse control and conduct disorders",Female,Agegroup:10–14years–Rate,23.3,,,Hospitalization
2023–2024,"   Disruptive, impulse control and conduct disorders",Male,Agegroup:10–14years–Rate,21.6,,,Hospitalization
2023–2024,"   Disruptive, impulse control and conduct disorders",Total,Agegroup:10–14years–Rate,22.4,,,Hospitalization
2023–2024,   Eating and feeding disorders,Female,Agegroup:10–14years–Rate,51.0,,,Hospitalization
2023–2024,   Eating and feeding disorders,Male,Agegroup:10–14years–Rate,6.7,,,Hospitalization
2023–2024,   Eating and feeding disorders,Total,Agegroup:10–14years–Rate,28.2,,,Hospitalization
2023–2024,   Tic disorders,Female,Agegroup:10–14years–Rate,1.5,,,Hospitalization
2023–2024,   Tic disorders,Male,Agegroup:10–14years–Rate,1.3,,,Hospitalization
2023–2024,   Tic disorders,Total,Agegroup:10–14years–Rate,1.4,,,Hospitalization
2023–2024,   ADHD,Female,Agegroup:10–14years–Rate,28.1,,,Hospitalization
2023–2024,   ADHD,Male,Agegroup:10–14years–Rate,27.8,,,Hospitalization
2023–2024,   ADHD,Total,Agegroup:10–14years–Rate,28.0,,,Hospitalization
2018–2019,Neurocognitive disorders,Female,Agegroup:10–14years–95%CI,0.0,0,2,Hospitalization
2018–2019,Neurocognitive disorders,Male,Agegroup:10–14years–95%CI,0.0,0,1,Hospitalization
2018–2019,Neurocognitive disorders,Total,Agegroup:10–14years–95%CI,0.0,0,1,Hospitalization
2018–2019,Substance-related disorders,Female,Agegroup:10–14years–95%CI,9.0,9,13,Hospitalization
2018–2019,Substance-related disorders,Male,Agegroup:10–14years–95%CI,5.0,5,8,Hospitalization
2018–2019,Substance-related disorders,Total,Agegroup:10–14years–95%CI,7.0,7,10,Hospitalization
2018–2019,Schizophrenic and psychotic disorders,Female,Agegroup:10–14years–95%CI,7.0,7,11,Hospitalization
2018–2019,Schizophrenic and psychotic disorders,Male,Agegroup:10–14years–95%CI,6.0,6,9,Hospitalization
2018–2019,Schizophrenic and psychotic disorders,Total,Agegroup:10–14years–95%CI,7.0,7,10,Hospitalization
2018–2019,Mood disorders,Female,Agegroup:10–14years–95%CI,131.0,131,146,Hospitalization
2018–2019,Mood disorders,Male,Agegroup:10–14years–95%CI,34.0,34,42,Hospitalization
2018–2019,Mood disorders,Total,Agegroup:10–14years–95%CI,83.0,83,91,Hospitalization
2018–2019,Anxiety disorders,Female,Agegroup:10–14years–95%CI,53.0,53,63,Hospitalization
2018–2019,Anxiety disorders,Male,Agegroup:10–14years–95%CI,20.0,20,26,Hospitalization
2018–2019,Anxiety disorders,Total,Agegroup:10–14years–95%CI,37.0,37,43,Hospitalization
2018–2019,Personality disorders,Female,Agegroup:10–14years–95%CI,14.0,14,19,Hospitalization
2018–2019,Personality disorders,Male,Agegroup:10–14years–95%CI,1.0,1,3,Hospitalization
2018–2019,Personality disorders,Total,Agegroup:10–14years–95%CI,8.0,8,10,Hospitalization
2018–2019,Other disorders,Female,Agegroup:10–14years–95%CI,242.0,242,262,Hospitalization
2018–2019,Other disorders,Male,Agegroup:10–14years–95%CI,135.0,135,150,Hospitalization
2018–2019,Other disorders,Total,Agegroup:10–14years–95%CI,190.0,190,202,Hospitalization
2018–2019,   Trauma- and stressor-related disorders,Female,Agegroup:10–14years–95%CI,135.0,135,150,Hospitalization
2018–2019,   Trauma- and stressor-related disorders,Male,Agegroup:10–14years–95%CI,44.0,44,53,Hospitalization
2018–2019,   Trauma- and stressor-related disorders,Total,Agegroup:10–14years–95%CI,90.0,90,99,Hospitalization
2018–2019,"   Disruptive, impulse control and conduct disorders",Female,Agegroup:10–14years–95%CI,28.0,28,35,Hospitalization
2018–2019,"   Disruptive, impulse control and conduct disorders",Male,Agegroup:10–14years–95%CI,29.0,29,36,Hospitalization
2018–2019,"   Disruptive, impulse control and conduct disorders",Total,Agegroup:10–14years–95%CI,30.0,30,35,Hospitalization
2018–2019,   Eating and feeding disorders,Female,Agegroup:10–14years–95%CI,32.0,32,40,Hospitalization
2018–2019,   Eating and feeding disorders,Male,Agegroup:10–14years–95%CI,4.0,4,7,Hospitalization
2018–2019,   Eating and feeding disorders,Total,Agegroup:10–14years–95%CI,19.0,19,22,Hospitalization
2018–2019,   Tic disorders,Female,Agegroup:10–14years–95%CI,0.0,0,0,Hospitalization
2018–2019,   Tic disorders,Male,Agegroup:10–14years–95%CI,1.0,1,3,Hospitalization
2018–2019,   Tic disorders,Total,Agegroup:10–14years–95%CI,1.0,1,2,Hospitalization
2018–2019,   ADHD,Female,Agegroup:10–14years–95%CI,17.0,17,23,Hospitalization
2018–2019,   ADHD,Male,Agegroup:10–14years–95%CI,26.0,26,33,Hospitalization
2018–2019,   ADHD,Total,Agegroup:10–14years–95%CI,23.0,23,27,Hospitalization
2019–2020,Neurocognitive disorders,Female,Agegroup:10–14years–95%CI,0.0,0,1,Hospitalization
2019–2020,Neurocognitive disorders,Male,Agegroup:10–14years–95%CI,0.0,0,2,Hospitalization
2019–2020,Neurocognitive disorders,Total,Agegroup:10–14years–95%CI,0.0,0,1,Hospitalization
2019–2020,Substance-related disorders,Female,Agegroup:10–14years–95%CI,10.0,10,14,Hospitalization
2019–2020,Substance-related disorders,Male,Agegroup:10–14years–95%CI,5.0,5,8,Hospitalization
2019–2020,Substance-related disorders,Total,Agegroup:10–14years–95%CI,8.0,8,10,Hospitalization
2019–2020,Schizophrenic and psychotic disorders,Female,Agegroup:10–14years–95%CI,6.0,6,9,Hospitalization
2019–2020,Schizophrenic and psychotic disorders,Male,Agegroup:10–14years–95%CI,4.0,4,7,Hospitalization
2019–2020,Schizophrenic and psychotic disorders,Total,Agegroup:10–14years–95%CI,5.0,5,7,Hospitalization
2019–2020,Mood disorders,Female,Agegroup:10–14years–95%CI,121.0,121,135,Hospitalization
2019–2020,Mood disorders,Male,Agegroup:10–14years–95%CI,33.0,33,41,Hospitalization
2019–2020,Mood disorders,Total,Agegroup:10–14years–95%CI,77.0,77,85,Hospitalization
2019–2020,Anxiety disorders,Female,Agegroup:10–14years–95%CI,61.0,61,71,Hospitalization
2019–2020,Anxiety disorders,Male,Agegroup:10–14years–95%CI,18.0,18,23,Hospitalization
2019–2020,Anxiety disorders,Total,Agegroup:10–14years–95%CI,40.0,40,45,Hospitalization
2019–2020,Personality disorders,Female,Agegroup:10–14years–95%CI,15.0,15,20,Hospitalization
2019–2020,Personality disorders,Male,Agegroup:10–14years–95%CI,2.0,2,3,Hospitalization
2019–2020,Personality disorders,Total,Agegroup:10–14years–95%CI,8.0,8,11,Hospitalization
2019–2020,Other disorders,Female,Agegroup:10–14years–95%CI,232.0,232,252,Hospitalization
2019–2020,Other disorders,Male,Agegroup:10–14years–95%CI,131.0,131,145,Hospitalization
2019–2020,Other disorders,Total,Agegroup:10–14years–95%CI,182.0,182,194,Hospitalization
2019–2020,   Trauma- and stressor-related disorders,Female,Agegroup:10–14years–95%CI,123.0,123,137,Hospitalization
2019–2020,   Trauma- and stressor-related disorders,Male,Agegroup:10–14years–95%CI,38.0,38,46,Hospitalization
2019–2020,   Trauma- and stressor-related disorders,Total,Agegroup:10–14years–95%CI,81.0,81,89,Hospitalization
2019–2020,"   Disruptive, impulse control and conduct disorders",Female,Agegroup:10–14years–95%CI,25.0,25,32,Hospitalization
2019–2020,"   Disruptive, impulse control and conduct disorders",Male,Agegroup:10–14years–95%CI,31.0,31,38,Hospitalization
2019–2020,"   Disruptive, impulse control and conduct disorders",Total,Agegroup:10–14years–95%CI,29.0,29,34,Hospitalization
2019–2020,   Eating and feeding disorders,Female,Agegroup:10–14years–95%CI,32.0,32,39,Hospitalization
2019–2020,   Eating and feeding disorders,Male,Agegroup:10–14years–95%CI,4.0,4,7,Hospitalization
2019–2020,   Eating and feeding disorders,Total,Agegroup:10–14years–95%CI,18.0,18,22,Hospitalization
2019–2020,   Tic disorders,Female,Agegroup:10–14years–95%CI,0.0,0,1,Hospitalization
2019–2020,   Tic disorders,Male,Agegroup:10–14years–95%CI,2.0,2,4,Hospitalization
2019–2020,   Tic disorders,Total,Agegroup:10–14years–95%CI,1.0,1,2,Hospitalization
2019–2020,   ADHD,Female,Agegroup:10–14years–95%CI,18.0,18,24,Hospitalization
2019–2020,   ADHD,Male,Agegroup:10–14years–95%CI,29.0,29,35,Hospitalization
2019–2020,   ADHD,Total,Agegroup:10–14years–95%CI,24.0,24,29,Hospitalization
2020–2021,Neurocognitive disorders,Female,Agegroup:10–14years–95%CI,0.0,0,1,Hospitalization
2020–2021,Neurocognitive disorders,Male,Agegroup:10–14years–95%CI,0.0,0,1,Hospitalization
2020–2021,Neurocognitive disorders,Total,Agegroup:10–14years–95%CI,0.0,0,1,Hospitalization
2020–2021,Substance-related disorders,Female,Agegroup:10–14years–95%CI,8.0,8,12,Hospitalization
2020–2021,Substance-related disorders,Male,Agegroup:10–14years–95%CI,4.0,4,6,Hospitalization
2020–2021,Substance-related disorders,Total,Agegroup:10–14years–95%CI,6.0,6,8,Hospitalization
2020–2021,Schizophrenic and psychotic disorders,Female,Agegroup:10–14years–95%CI,6.0,6,9,Hospitalization
2020–2021,Schizophrenic and psychotic disorders,Male,Agegroup:10–14years–95%CI,5.0,5,8,Hospitalization
2020–2021,Schizophrenic and psychotic disorders,Total,Agegroup:10–14years–95%CI,6.0,6,8,Hospitalization
2020–2021,Mood disorders,Female,Agegroup:10–14years–95%CI,139.0,139,153,Hospitalization
2020–2021,Mood disorders,Male,Agegroup:10–14years–95%CI,23.0,23,29,Hospitalization
2020–2021,Mood disorders,Total,Agegroup:10–14years–95%CI,80.0,80,88,Hospitalization
2020–2021,Anxiety disorders,Female,Agegroup:10–14years–95%CI,61.0,61,71,Hospitalization
2020–2021,Anxiety disorders,Male,Agegroup:10–14years–95%CI,13.0,13,17,Hospitalization
2020–2021,Anxiety disorders,Total,Agegroup:10–14years–95%CI,37.0,37,42,Hospitalization
2020–2021,Personality disorders,Female,Agegroup:10–14years–95%CI,15.0,15,21,Hospitalization
2020–2021,Personality disorders,Male,Agegroup:10–14years–95%CI,1.0,1,3,Hospitalization
2020–2021,Personality disorders,Total,Agegroup:10–14years–95%CI,9.0,9,11,Hospitalization
2020–2021,Other disorders,Female,Agegroup:10–14years–95%CI,243.0,243,262,Hospitalization
2020–2021,Other disorders,Male,Agegroup:10–14years–95%CI,90.0,90,102,Hospitalization
2020–2021,Other disorders,Total,Agegroup:10–14years–95%CI,166.0,166,178,Hospitalization
2020–2021,   Trauma- and stressor-related disorders,Female,Agegroup:10–14years–95%CI,117.0,117,131,Hospitalization
2020–2021,   Trauma- and stressor-related disorders,Male,Agegroup:10–14years–95%CI,25.0,25,32,Hospitalization
2020–2021,   Trauma- and stressor-related disorders,Total,Agegroup:10–14years–95%CI,71.0,71,79,Hospitalization
2020–2021,"   Disruptive, impulse control and conduct disorders",Female,Agegroup:10–14years–95%CI,19.0,19,25,Hospitalization
2020–2021,"   Disruptive, impulse control and conduct disorders",Male,Agegroup:10–14years–95%CI,19.0,19,24,Hospitalization
2020–2021,"   Disruptive, impulse control and conduct disorders",Total,Agegroup:10–14years–95%CI,20.0,20,24,Hospitalization
2020–2021,   Eating and feeding disorders,Female,Agegroup:10–14years–95%CI,55.0,55,65,Hospitalization
2020–2021,   Eating and feeding disorders,Male,Agegroup:10–14years–95%CI,5.0,5,8,Hospitalization
2020–2021,   Eating and feeding disorders,Total,Agegroup:10–14years–95%CI,30.0,30,35,Hospitalization
2020–2021,   Tic disorders,Female,Agegroup:10–14years–95%CI,2.0,2,4,Hospitalization
2020–2021,   Tic disorders,Male,Agegroup:10–14years–95%CI,1.0,1,2,Hospitalization
2020–2021,   Tic disorders,Total,Agegroup:10–14years–95%CI,2.0,2,3,Hospitalization
2020–2021,   ADHD,Female,Agegroup:10–14years–95%CI,18.0,18,24,Hospitalization
2020–2021,   ADHD,Male,Agegroup:10–14years–95%CI,20.0,20,26,Hospitalization
2020–2021,   ADHD,Total,Agegroup:10–14years–95%CI,20.0,20,24,Hospitalization
2021–2022,Neurocognitive disorders,Female,Agegroup:10–14years–95%CI,0.0,0,1,Hospitalization
2021–2022,Neurocognitive disorders,Male,Agegroup:10–14years–95%CI,0.0,0,2,Hospitalization
2021–2022,Neurocognitive disorders,Total,Agegroup:10–14years–95%CI,0.0,0,1,Hospitalization
2021–2022,Substance-related disorders,Female,Agegroup:10–14years–95%CI,9.0,9,13,Hospitalization
2021–2022,Substance-related disorders,Male,Agegroup:10–14years–95%CI,4.0,4,7,Hospitalization
2021–2022,Substance-related disorders,Total,Agegroup:10–14years–95%CI,7.0,7,10,Hospitalization
2021–2022,Schizophrenic and psychotic disorders,Female,Agegroup:10–14years–95%CI,8.0,8,12,Hospitalization
2021–2022,Schizophrenic and psychotic disorders,Male,Agegroup:10–14years–95%CI,6.0,6,10,Hospitalization
2021–2022,Schizophrenic and psychotic disorders,Total,Agegroup:10–14years–95%CI,8.0,8,10,Hospitalization
2021–2022,Mood disorders,Female,Agegroup:10–14years–95%CI,179.0,179,196,Hospitalization
2021–2022,Mood disorders,Male,Agegroup:10–14years–95%CI,28.0,28,34,Hospitalization
2021–2022,Mood disorders,Total,Agegroup:10–14years–95%CI,103.0,103,112,Hospitalization
2021–2022,Anxiety disorders,Female,Agegroup:10–14years–95%CI,87.0,87,99,Hospitalization
2021–2022,Anxiety disorders,Male,Agegroup:10–14years–95%CI,13.0,13,18,Hospitalization
2021–2022,Anxiety disorders,Total,Agegroup:10–14years–95%CI,50.0,50,56,Hospitalization
2021–2022,Personality disorders,Female,Agegroup:10–14years–95%CI,28.0,28,35,Hospitalization
2021–2022,Personality disorders,Male,Agegroup:10–14years–95%CI,1.0,1,3,Hospitalization
2021–2022,Personality disorders,Total,Agegroup:10–14years–95%CI,15.0,15,18,Hospitalization
2021–2022,Other disorders,Female,Agegroup:10–14years–95%CI,318.0,318,341,Hospitalization
2021–2022,Other disorders,Male,Agegroup:10–14years–95%CI,106.0,106,118,Hospitalization
2021–2022,Other disorders,Total,Agegroup:10–14years–95%CI,211.0,211,224,Hospitalization
2021–2022,   Trauma- and stressor-related disorders,Female,Agegroup:10–14years–95%CI,154.0,154,169,Hospitalization
2021–2022,   Trauma- and stressor-related disorders,Male,Agegroup:10–14years–95%CI,29.0,29,36,Hospitalization
2021–2022,   Trauma- and stressor-related disorders,Total,Agegroup:10–14years–95%CI,91.0,91,99,Hospitalization
2021–2022,"   Disruptive, impulse control and conduct disorders",Female,Agegroup:10–14years–95%CI,24.0,24,31,Hospitalization
2021–2022,"   Disruptive, impulse control and conduct disorders",Male,Agegroup:10–14years–95%CI,22.0,22,28,Hospitalization
2021–2022,"   Disruptive, impulse control and conduct disorders",Total,Agegroup:10–14years–95%CI,24.0,24,29,Hospitalization
2021–2022,   Eating and feeding disorders,Female,Agegroup:10–14years–95%CI,73.0,73,83,Hospitalization
2021–2022,   Eating and feeding disorders,Male,Agegroup:10–14years–95%CI,7.0,7,10,Hospitalization
2021–2022,   Eating and feeding disorders,Total,Agegroup:10–14years–95%CI,39.0,39,45,Hospitalization
2021–2022,   Tic disorders,Female,Agegroup:10–14years–95%CI,1.0,1,3,Hospitalization
2021–2022,   Tic disorders,Male,Agegroup:10–14years–95%CI,1.0,1,3,Hospitalization
2021–2022,   Tic disorders,Total,Agegroup:10–14years–95%CI,1.0,1,3,Hospitalization
2021–2022,   ADHD,Female,Agegroup:10–14years–95%CI,24.0,24,31,Hospitalization
2021–2022,   ADHD,Male,Agegroup:10–14years–95%CI,23.0,23,29,Hospitalization
2021–2022,   ADHD,Total,Agegroup:10–14years–95%CI,25.0,25,29,Hospitalization
2022–2023,Neurocognitive disorders,Female,Agegroup:10–14years–95%CI,0.0,0,1,Hospitalization
2022–2023,Neurocognitive disorders,Male,Agegroup:10–14years–95%CI,0.0,0,1,Hospitalization
2022–2023,Neurocognitive disorders,Total,Agegroup:10–14years–95%CI,0.0,0,1,Hospitalization
2022–2023,Substance-related disorders,Female,Agegroup:10–14years–95%CI,9.0,9,13,Hospitalization
2022–2023,Substance-related disorders,Male,Agegroup:10–14years–95%CI,5.0,5,8,Hospitalization
2022–2023,Substance-related disorders,Total,Agegroup:10–14years–95%CI,8.0,8,10,Hospitalization
2022–2023,Schizophrenic and psychotic disorders,Female,Agegroup:10–14years–95%CI,7.0,7,11,Hospitalization
2022–2023,Schizophrenic and psychotic disorders,Male,Agegroup:10–14years–95%CI,5.0,5,8,Hospitalization
2022–2023,Schizophrenic and psychotic disorders,Total,Agegroup:10–14years–95%CI,6.0,6,9,Hospitalization
2022–2023,Mood disorders,Female,Agegroup:10–14years–95%CI,126.0,126,140,Hospitalization
2022–2023,Mood disorders,Male,Agegroup:10–14years–95%CI,25.0,25,31,Hospitalization
2022–2023,Mood disorders,Total,Agegroup:10–14years–95%CI,75.0,75,83,Hospitalization
2022–2023,Anxiety disorders,Female,Agegroup:10–14years–95%CI,69.0,69,80,Hospitalization
2022–2023,Anxiety disorders,Male,Agegroup:10–14years–95%CI,11.0,11,15,Hospitalization
2022–2023,Anxiety disorders,Total,Agegroup:10–14years–95%CI,40.0,40,46,Hospitalization
2022–2023,Personality disorders,Female,Agegroup:10–14years–95%CI,27.0,27,34,Hospitalization
2022–2023,Personality disorders,Male,Agegroup:10–14years–95%CI,2.0,2,4,Hospitalization
2022–2023,Personality disorders,Total,Agegroup:10–14years–95%CI,15.0,15,18,Hospitalization
2022–2023,Other disorders,Female,Agegroup:10–14years–95%CI,254.0,254,274,Hospitalization
2022–2023,Other disorders,Male,Agegroup:10–14years–95%CI,98.0,98,110,Hospitalization
2022–2023,Other disorders,Total,Agegroup:10–14years–95%CI,176.0,176,188,Hospitalization
2022–2023,   Trauma- and stressor-related disorders,Female,Agegroup:10–14years–95%CI,119.0,119,133,Hospitalization
2022–2023,   Trauma- and stressor-related disorders,Male,Agegroup:10–14years–95%CI,28.0,28,34,Hospitalization
2022–2023,   Trauma- and stressor-related disorders,Total,Agegroup:10–14years–95%CI,74.0,74,81,Hospitalization
2022–2023,"   Disruptive, impulse control and conduct disorders",Female,Agegroup:10–14years–95%CI,21.0,21,27,Hospitalization
2022–2023,"   Disruptive, impulse control and conduct disorders",Male,Agegroup:10–14years–95%CI,18.0,18,23,Hospitalization
2022–2023,"   Disruptive, impulse control and conduct disorders",Total,Agegroup:10–14years–95%CI,20.0,20,24,Hospitalization
2022–2023,   Eating and feeding disorders,Female,Agegroup:10–14years–95%CI,56.0,56,65,Hospitalization
2022–2023,   Eating and feeding disorders,Male,Agegroup:10–14years–95%CI,6.0,6,9,Hospitalization
2022–2023,   Eating and feeding disorders,Total,Agegroup:10–14years–95%CI,31.0,31,36,Hospitalization
2022–2023,   Tic disorders,Female,Agegroup:10–14years–95%CI,0.0,0,1,Hospitalization
2022–2023,   Tic disorders,Male,Agegroup:10–14years–95%CI,1.0,1,2,Hospitalization
2022–2023,   Tic disorders,Total,Agegroup:10–14years–95%CI,1.0,1,1,Hospitalization
2022–2023,   ADHD,Female,Agegroup:10–14years–95%CI,26.0,26,32,Hospitalization
2022–2023,   ADHD,Male,Agegroup:10–14years–95%CI,21.0,21,27,Hospitalization
2022–2023,   ADHD,Total,Agegroup:10–14years–95%CI,24.0,24,29,Hospitalization
2023–2024,Neurocognitive disorders,Female,Agegroup:10–14years–95%CI,0.0,0,1,Hospitalization
2023–2024,Neurocognitive disorders,Male,Agegroup:10–14years–95%CI,0.0,0,1,Hospitalization
2023–2024,Neurocognitive disorders,Total,Agegroup:10–14years–95%CI,0.0,0,1,Hospitalization
2023–2024,Substance-related disorders,Female,Agegroup:10–14years–95%CI,9.0,9,13,Hospitalization
2023–2024,Substance-related disorders,Male,Agegroup:10–14years–95%CI,4.0,4,7,Hospitalization
2023–2024,Substance-related disorders,Total,Agegroup:10–14years–95%CI,7.0,7,10,Hospitalization
2023–2024,Schizophrenic and psychotic disorders,Female,Agegroup:10–14years–95%CI,7.0,7,11,Hospitalization
2023–2024,Schizophrenic and psychotic disorders,Male,Agegroup:10–14years–95%CI,4.0,4,7,Hospitalization
2023–2024,Schizophrenic and psychotic disorders,Total,Agegroup:10–14years–95%CI,6.0,6,9,Hospitalization
2023–2024,Mood disorders,Female,Agegroup:10–14years–95%CI,107.0,107,120,Hospitalization
2023–2024,Mood disorders,Male,Agegroup:10–14years–95%CI,24.0,24,30,Hospitalization
2023–2024,Mood disorders,Total,Agegroup:10–14years–95%CI,66.0,66,73,Hospitalization
2023–2024,Anxiety disorders,Female,Agegroup:10–14years–95%CI,47.0,47,56,Hospitalization
2023–2024,Anxiety disorders,Male,Agegroup:10–14years–95%CI,10.0,10,15,Hospitalization
2023–2024,Anxiety disorders,Total,Agegroup:10–14years–95%CI,29.0,29,34,Hospitalization
2023–2024,Personality disorders,Female,Agegroup:10–14years–95%CI,22.0,22,28,Hospitalization
2023–2024,Personality disorders,Male,Agegroup:10–14years–95%CI,2.0,2,4,Hospitalization
2023–2024,Personality disorders,Total,Agegroup:10–14years–95%CI,12.0,12,15,Hospitalization
2023–2024,Other disorders,Female,Agegroup:10–14years–95%CI,240.0,240,259,Hospitalization
2023–2024,Other disorders,Male,Agegroup:10–14years–95%CI,103.0,103,115,Hospitalization
2023–2024,Other disorders,Total,Agegroup:10–14years–95%CI,172.0,172,183,Hospitalization
2023–2024,   Trauma- and stressor-related disorders,Female,Agegroup:10–14years–95%CI,120.0,120,133,Hospitalization
2023–2024,   Trauma- and stressor-related disorders,Male,Agegroup:10–14years–95%CI,28.0,28,35,Hospitalization
2023–2024,   Trauma- and stressor-related disorders,Total,Agegroup:10–14years–95%CI,74.0,74,81,Hospitalization
2023–2024,"   Disruptive, impulse control and conduct disorders",Female,Agegroup:10–14years–95%CI,20.0,20,26,Hospitalization
2023–2024,"   Disruptive, impulse control and conduct disorders",Male,Agegroup:10–14years–95%CI,19.0,19,24,Hospitalization
2023–2024,"   Disruptive, impulse control and conduct disorders",Total,Agegroup:10–14years–95%CI,20.0,20,24,Hospitalization
2023–2024,   Eating and feeding disorders,Female,Agegroup:10–14years–95%CI,47.0,47,55,Hospitalization
2023–2024,   Eating and feeding disorders,Male,Agegroup:10–14years–95%CI,5.0,5,8,Hospitalization
2023–2024,   Eating and feeding disorders,Total,Agegroup:10–14years–95%CI,26.0,26,30,Hospitalization
2023–2024,   Tic disorders,Female,Agegroup:10–14years–95%CI,1.0,1,2,Hospitalization
2023–2024,   Tic disorders,Male,Agegroup:10–14years–95%CI,1.0,1,2,Hospitalization
2023–2024,   Tic disorders,Total,Agegroup:10–14years–95%CI,1.0,1,2,Hospitalization
2023–2024,   ADHD,Female,Agegroup:10–14years–95%CI,25.0,25,31,Hospitalization
2023–2024,   ADHD,Male,Agegroup:10–14years–95%CI,25.0,25,31,Hospitalization
2023–2024,   ADHD,Total,Agegroup:10–14years–95%CI,26.0,26,30,Hospitalization
2018–2019,Neurocognitive disorders,Female,Agegroup:15–17years–Rate,2.2,,,Hospitalization
2018–2019,Neurocognitive disorders,Male,Agegroup:15–17years–Rate,1.5,,,Hospitalization
2018–2019,Neurocognitive disorders,Total,Agegroup:15–17years–Rate,1.8,,,Hospitalization
2018–2019,Substance-related disorders,Female,Agegroup:15–17years–Rate,79.3,,,Hospitalization
2018–2019,Substance-related disorders,Male,Agegroup:15–17years–Rate,83.6,,,Hospitalization
2018–2019,Substance-related disorders,Total,Agegroup:15–17years–Rate,81.5,,,Hospitalization
2018–2019,Schizophrenic and psychotic disorders,Female,Agegroup:15–17years–Rate,43.6,,,Hospitalization
2018–2019,Schizophrenic and psychotic disorders,Male,Agegroup:15–17years–Rate,73.9,,,Hospitalization
2018–2019,Schizophrenic and psychotic disorders,Total,Agegroup:15–17years–Rate,59.1,,,Hospitalization
2018–2019,Mood disorders,Female,Agegroup:15–17years–Rate,501.8,,,Hospitalization
2018–2019,Mood disorders,Male,Agegroup:15–17years–Rate,203.2,,,Hospitalization
2018–2019,Mood disorders,Total,Agegroup:15–17years–Rate,349.2,,,Hospitalization
2018–2019,Anxiety disorders,Female,Agegroup:15–17years–Rate,165.6,,,Hospitalization
2018–2019,Anxiety disorders,Male,Agegroup:15–17years–Rate,61.3,,,Hospitalization
2018–2019,Anxiety disorders,Total,Agegroup:15–17years–Rate,112.3,,,Hospitalization
2018–2019,Personality disorders,Female,Agegroup:15–17years–Rate,105.1,,,Hospitalization
2018–2019,Personality disorders,Male,Agegroup:15–17years–Rate,19.4,,,Hospitalization
2018–2019,Personality disorders,Total,Agegroup:15–17years–Rate,61.3,,,Hospitalization
2018–2019,Other disorders,Female,Agegroup:15–17years–Rate,522.6,,,Hospitalization
2018–2019,Other disorders,Male,Agegroup:15–17years–Rate,254.6,,,Hospitalization
2018–2019,Other disorders,Total,Agegroup:15–17years–Rate,385.6,,,Hospitalization
2018–2019,   Trauma- and stressor-related disorders,Female,Agegroup:15–17years–Rate,332.3,,,Hospitalization
2018–2019,   Trauma- and stressor-related disorders,Male,Agegroup:15–17years–Rate,137.0,,,Hospitalization
2018–2019,   Trauma- and stressor-related disorders,Total,Agegroup:15–17years–Rate,232.5,,,Hospitalization
2018–2019,"   Disruptive, impulse control and conduct disorders",Female,Agegroup:15–17years–Rate,34.5,,,Hospitalization
2018–2019,"   Disruptive, impulse control and conduct disorders",Male,Agegroup:15–17years–Rate,41.4,,,Hospitalization
2018–2019,"   Disruptive, impulse control and conduct disorders",Total,Agegroup:15–17years–Rate,38.0,,,Hospitalization
2018–2019,   Eating and feeding disorders,Female,Agegroup:15–17years–Rate,81.8,,,Hospitalization
2018–2019,   Eating and feeding disorders,Male,Agegroup:15–17years–Rate,7.4,,,Hospitalization
2018–2019,   Eating and feeding disorders,Total,Agegroup:15–17years–Rate,43.7,,,Hospitalization
2018–2019,   Tic disorders,Female,Agegroup:15–17years–Rate,1.7,,,Hospitalization
2018–2019,   Tic disorders,Male,Agegroup:15–17years–Rate,0.8,,,Hospitalization
2018–2019,   Tic disorders,Total,Agegroup:15–17years–Rate,1.3,,,Hospitalization
2018–2019,   ADHD,Female,Agegroup:15–17years–Rate,24.0,,,Hospitalization
2018–2019,   ADHD,Male,Agegroup:15–17years–Rate,29.6,,,Hospitalization
2018–2019,   ADHD,Total,Agegroup:15–17years–Rate,26.9,,,Hospitalization
2019–2020,Neurocognitive disorders,Female,Agegroup:15–17years–Rate,1.5,,,Hospitalization
2019–2020,Neurocognitive disorders,Male,Agegroup:15–17years–Rate,1.3,,,Hospitalization
2019–2020,Neurocognitive disorders,Total,Agegroup:15–17years–Rate,1.4,,,Hospitalization
2019–2020,Substance-related disorders,Female,Agegroup:15–17years–Rate,72.1,,,Hospitalization
2019–2020,Substance-related disorders,Male,Agegroup:15–17years–Rate,86.8,,,Hospitalization
2019–2020,Substance-related disorders,Total,Agegroup:15–17years–Rate,79.6,,,Hospitalization
2019–2020,Schizophrenic and psychotic disorders,Female,Agegroup:15–17years–Rate,41.0,,,Hospitalization
2019–2020,Schizophrenic and psychotic disorders,Male,Agegroup:15–17years–Rate,73.2,,,Hospitalization
2019–2020,Schizophrenic and psychotic disorders,Total,Agegroup:15–17years–Rate,57.5,,,Hospitalization
2019–2020,Mood disorders,Female,Agegroup:15–17years–Rate,449.2,,,Hospitalization
2019–2020,Mood disorders,Male,Agegroup:15–17years–Rate,187.1,,,Hospitalization
2019–2020,Mood disorders,Total,Agegroup:15–17years–Rate,315.1,,,Hospitalization
2019–2020,Anxiety disorders,Female,Agegroup:15–17years–Rate,159.5,,,Hospitalization
2019–2020,Anxiety disorders,Male,Agegroup:15–17years–Rate,56.0,,,Hospitalization
2019–2020,Anxiety disorders,Total,Agegroup:15–17years–Rate,106.5,,,Hospitalization
2019–2020,Personality disorders,Female,Agegroup:15–17years–Rate,90.8,,,Hospitalization
2019–2020,Personality disorders,Male,Agegroup:15–17years–Rate,15.7,,,Hospitalization
2019–2020,Personality disorders,Total,Agegroup:15–17years–Rate,52.4,,,Hospitalization
2019–2020,Other disorders,Female,Agegroup:15–17years–Rate,492.1,,,Hospitalization
2019–2020,Other disorders,Male,Agegroup:15–17years–Rate,241.3,,,Hospitalization
2019–2020,Other disorders,Total,Agegroup:15–17years–Rate,363.8,,,Hospitalization
2019–2020,   Trauma- and stressor-related disorders,Female,Agegroup:15–17years–Rate,305.2,,,Hospitalization
2019–2020,   Trauma- and stressor-related disorders,Male,Agegroup:15–17years–Rate,122.4,,,Hospitalization
2019–2020,   Trauma- and stressor-related disorders,Total,Agegroup:15–17years–Rate,211.6,,,Hospitalization
2019–2020,"   Disruptive, impulse control and conduct disorders",Female,Agegroup:15–17years–Rate,31.3,,,Hospitalization
2019–2020,"   Disruptive, impulse control and conduct disorders",Male,Agegroup:15–17years–Rate,37.8,,,Hospitalization
2019–2020,"   Disruptive, impulse control and conduct disorders",Total,Agegroup:15–17years–Rate,34.6,,,Hospitalization
2019–2020,   Eating and feeding disorders,Female,Agegroup:15–17years–Rate,81.3,,,Hospitalization
2019–2020,   Eating and feeding disorders,Male,Agegroup:15–17years–Rate,6.3,,,Hospitalization
2019–2020,   Eating and feeding disorders,Total,Agegroup:15–17years–Rate,42.9,,,Hospitalization
2019–2020,   Tic disorders,Female,Agegroup:15–17years–Rate,2.0,,,Hospitalization
2019–2020,   Tic disorders,Male,Agegroup:15–17years–Rate,1.0,,,Hospitalization
2019–2020,   Tic disorders,Total,Agegroup:15–17years–Rate,1.5,,,Hospitalization
2019–2020,   ADHD,Female,Agegroup:15–17years–Rate,22.4,,,Hospitalization
2019–2020,   ADHD,Male,Agegroup:15–17years–Rate,27.9,,,Hospitalization
2019–2020,   ADHD,Total,Agegroup:15–17years–Rate,25.2,,,Hospitalization
2020–2021,Neurocognitive disorders,Female,Agegroup:15–17years–Rate,0.8,,,Hospitalization
2020–2021,Neurocognitive disorders,Male,Agegroup:15–17years–Rate,1.0,,,Hospitalization
2020–2021,Neurocognitive disorders,Total,Agegroup:15–17years–Rate,0.9,,,Hospitalization
2020–2021,Substance-related disorders,Female,Agegroup:15–17years–Rate,64.0,,,Hospitalization
2020–2021,Substance-related disorders,Male,Agegroup:15–17years–Rate,77.0,,,Hospitalization
2020–2021,Substance-related disorders,Total,Agegroup:15–17years–Rate,70.7,,,Hospitalization
2020–2021,Schizophrenic and psychotic disorders,Female,Agegroup:15–17years–Rate,39.0,,,Hospitalization
2020–2021,Schizophrenic and psychotic disorders,Male,Agegroup:15–17years–Rate,69.4,,,Hospitalization
2020–2021,Schizophrenic and psychotic disorders,Total,Agegroup:15–17years–Rate,54.6,,,Hospitalization
2020–2021,Mood disorders,Female,Agegroup:15–17years–Rate,387.6,,,Hospitalization
2020–2021,Mood disorders,Male,Agegroup:15–17years–Rate,139.4,,,Hospitalization
2020–2021,Mood disorders,Total,Agegroup:15–17years–Rate,260.1,,,Hospitalization
2020–2021,Anxiety disorders,Female,Agegroup:15–17years–Rate,139.6,,,Hospitalization
2020–2021,Anxiety disorders,Male,Agegroup:15–17years–Rate,47.3,,,Hospitalization
2020–2021,Anxiety disorders,Total,Agegroup:15–17years–Rate,92.2,,,Hospitalization
2020–2021,Personality disorders,Female,Agegroup:15–17years–Rate,82.4,,,Hospitalization
2020–2021,Personality disorders,Male,Agegroup:15–17years–Rate,10.7,,,Hospitalization
2020–2021,Personality disorders,Total,Agegroup:15–17years–Rate,45.6,,,Hospitalization
2020–2021,Other disorders,Female,Agegroup:15–17years–Rate,459.0,,,Hospitalization
2020–2021,Other disorders,Male,Agegroup:15–17years–Rate,178.4,,,Hospitalization
2020–2021,Other disorders,Total,Agegroup:15–17years–Rate,314.9,,,Hospitalization
2020–2021,   Trauma- and stressor-related disorders,Female,Agegroup:15–17years–Rate,241.0,,,Hospitalization
2020–2021,   Trauma- and stressor-related disorders,Male,Agegroup:15–17years–Rate,83.9,,,Hospitalization
2020–2021,   Trauma- and stressor-related disorders,Total,Agegroup:15–17years–Rate,160.3,,,Hospitalization
2020–2021,"   Disruptive, impulse control and conduct disorders",Female,Agegroup:15–17years–Rate,21.4,,,Hospitalization
2020–2021,"   Disruptive, impulse control and conduct disorders",Male,Agegroup:15–17years–Rate,27.2,,,Hospitalization
2020–2021,"   Disruptive, impulse control and conduct disorders",Total,Agegroup:15–17years–Rate,24.4,,,Hospitalization
2020–2021,   Eating and feeding disorders,Female,Agegroup:15–17years–Rate,119.5,,,Hospitalization
2020–2021,   Eating and feeding disorders,Male,Agegroup:15–17years–Rate,9.3,,,Hospitalization
2020–2021,   Eating and feeding disorders,Total,Agegroup:15–17years–Rate,62.9,,,Hospitalization
2020–2021,   Tic disorders,Female,Agegroup:15–17years–Rate,3.4,,,Hospitalization
2020–2021,   Tic disorders,Male,Agegroup:15–17years–Rate,1.4,,,Hospitalization
2020–2021,   Tic disorders,Total,Agegroup:15–17years–Rate,2.4,,,Hospitalization
2020–2021,   ADHD,Female,Agegroup:15–17years–Rate,22.6,,,Hospitalization
2020–2021,   ADHD,Male,Agegroup:15–17years–Rate,26.4,,,Hospitalization
2020–2021,   ADHD,Total,Agegroup:15–17years–Rate,24.5,,,Hospitalization
2021–2022,Neurocognitive disorders,Female,Agegroup:15–17years–Rate,1.2,,,Hospitalization
2021–2022,Neurocognitive disorders,Male,Agegroup:15–17years–Rate,2.2,,,Hospitalization
2021–2022,Neurocognitive disorders,Total,Agegroup:15–17years–Rate,1.7,,,Hospitalization
2021–2022,Substance-related disorders,Female,Agegroup:15–17years–Rate,56.6,,,Hospitalization
2021–2022,Substance-related disorders,Male,Agegroup:15–17years–Rate,60.0,,,Hospitalization
2021–2022,Substance-related disorders,Total,Agegroup:15–17years–Rate,58.3,,,Hospitalization
2021–2022,Schizophrenic and psychotic disorders,Female,Agegroup:15–17years–Rate,42.6,,,Hospitalization
2021–2022,Schizophrenic and psychotic disorders,Male,Agegroup:15–17years–Rate,69.3,,,Hospitalization
2021–2022,Schizophrenic and psychotic disorders,Total,Agegroup:15–17years–Rate,56.4,,,Hospitalization
2021–2022,Mood disorders,Female,Agegroup:15–17years–Rate,453.7,,,Hospitalization
2021–2022,Mood disorders,Male,Agegroup:15–17years–Rate,152.1,,,Hospitalization
2021–2022,Mood disorders,Total,Agegroup:15–17years–Rate,298.3,,,Hospitalization
2021–2022,Anxiety disorders,Female,Agegroup:15–17years–Rate,159.6,,,Hospitalization
2021–2022,Anxiety disorders,Male,Agegroup:15–17years–Rate,45.6,,,Hospitalization
2021–2022,Anxiety disorders,Total,Agegroup:15–17years–Rate,100.9,,,Hospitalization
2021–2022,Personality disorders,Female,Agegroup:15–17years–Rate,115.5,,,Hospitalization
2021–2022,Personality disorders,Male,Agegroup:15–17years–Rate,15.5,,,Hospitalization
2021–2022,Personality disorders,Total,Agegroup:15–17years–Rate,64.0,,,Hospitalization
2021–2022,Other disorders,Female,Agegroup:15–17years–Rate,547.6,,,Hospitalization
2021–2022,Other disorders,Male,Agegroup:15–17years–Rate,198.8,,,Hospitalization
2021–2022,Other disorders,Total,Agegroup:15–17years–Rate,367.9,,,Hospitalization
2021–2022,   Trauma- and stressor-related disorders,Female,Agegroup:15–17years–Rate,296.4,,,Hospitalization
2021–2022,   Trauma- and stressor-related disorders,Male,Agegroup:15–17years–Rate,96.3,,,Hospitalization
2021–2022,   Trauma- and stressor-related disorders,Total,Agegroup:15–17years–Rate,193.2,,,Hospitalization
2021–2022,"   Disruptive, impulse control and conduct disorders",Female,Agegroup:15–17years–Rate,26.6,,,Hospitalization
2021–2022,"   Disruptive, impulse control and conduct disorders",Male,Agegroup:15–17years–Rate,30.4,,,Hospitalization
2021–2022,"   Disruptive, impulse control and conduct disorders",Total,Agegroup:15–17years–Rate,28.6,,,Hospitalization
2021–2022,   Eating and feeding disorders,Female,Agegroup:15–17years–Rate,137.4,,,Hospitalization
2021–2022,   Eating and feeding disorders,Male,Agegroup:15–17years–Rate,10.4,,,Hospitalization
2021–2022,   Eating and feeding disorders,Total,Agegroup:15–17years–Rate,72.0,,,Hospitalization
2021–2022,   Tic disorders,Female,Agegroup:15–17years–Rate,3.2,,,Hospitalization
2021–2022,   Tic disorders,Male,Agegroup:15–17years–Rate,0.3,,,Hospitalization
2021–2022,   Tic disorders,Total,Agegroup:15–17years–Rate,1.7,,,Hospitalization
2021–2022,   ADHD,Female,Agegroup:15–17years–Rate,28.8,,,Hospitalization
2021–2022,   ADHD,Male,Agegroup:15–17years–Rate,26.8,,,Hospitalization
2021–2022,   ADHD,Total,Agegroup:15–17years–Rate,27.7,,,Hospitalization
2022–2023,Neurocognitive disorders,Female,Agegroup:15–17years–Rate,0.5,,,Hospitalization
2022–2023,Neurocognitive disorders,Male,Agegroup:15–17years–Rate,1.9,,,Hospitalization
2022–2023,Neurocognitive disorders,Total,Agegroup:15–17years–Rate,1.2,,,Hospitalization
2022–2023,Substance-related disorders,Female,Agegroup:15–17years–Rate,63.0,,,Hospitalization
2022–2023,Substance-related disorders,Male,Agegroup:15–17years–Rate,59.6,,,Hospitalization
2022–2023,Substance-related disorders,Total,Agegroup:15–17years–Rate,61.3,,,Hospitalization
2022–2023,Schizophrenic and psychotic disorders,Female,Agegroup:15–17years–Rate,41.1,,,Hospitalization
2022–2023,Schizophrenic and psychotic disorders,Male,Agegroup:15–17years–Rate,62.5,,,Hospitalization
2022–2023,Schizophrenic and psychotic disorders,Total,Agegroup:15–17years–Rate,52.1,,,Hospitalization
2022–2023,Mood disorders,Female,Agegroup:15–17years–Rate,359.8,,,Hospitalization
2022–2023,Mood disorders,Male,Agegroup:15–17years–Rate,133.2,,,Hospitalization
2022–2023,Mood disorders,Total,Agegroup:15–17years–Rate,243.1,,,Hospitalization
2022–2023,Anxiety disorders,Female,Agegroup:15–17years–Rate,124.8,,,Hospitalization
2022–2023,Anxiety disorders,Male,Agegroup:15–17years–Rate,42.8,,,Hospitalization
2022–2023,Anxiety disorders,Total,Agegroup:15–17years–Rate,82.6,,,Hospitalization
2022–2023,Personality disorders,Female,Agegroup:15–17years–Rate,115.0,,,Hospitalization
2022–2023,Personality disorders,Male,Agegroup:15–17years–Rate,16.8,,,Hospitalization
2022–2023,Personality disorders,Total,Agegroup:15–17years–Rate,64.4,,,Hospitalization
2022–2023,Other disorders,Female,Agegroup:15–17years–Rate,472.5,,,Hospitalization
2022–2023,Other disorders,Male,Agegroup:15–17years–Rate,186.6,,,Hospitalization
2022–2023,Other disorders,Total,Agegroup:15–17years–Rate,325.3,,,Hospitalization
2022–2023,   Trauma- and stressor-related disorders,Female,Agegroup:15–17years–Rate,261.2,,,Hospitalization
2022–2023,   Trauma- and stressor-related disorders,Male,Agegroup:15–17years–Rate,89.5,,,Hospitalization
2022–2023,   Trauma- and stressor-related disorders,Total,Agegroup:15–17years–Rate,172.8,,,Hospitalization
2022–2023,"   Disruptive, impulse control and conduct disorders",Female,Agegroup:15–17years–Rate,22.1,,,Hospitalization
2022–2023,"   Disruptive, impulse control and conduct disorders",Male,Agegroup:15–17years–Rate,23.8,,,Hospitalization
2022–2023,"   Disruptive, impulse control and conduct disorders",Total,Agegroup:15–17years–Rate,23.0,,,Hospitalization
2022–2023,   Eating and feeding disorders,Female,Agegroup:15–17years–Rate,105.6,,,Hospitalization
2022–2023,   Eating and feeding disorders,Male,Agegroup:15–17years–Rate,11.6,,,Hospitalization
2022–2023,   Eating and feeding disorders,Total,Agegroup:15–17years–Rate,57.2,,,Hospitalization
2022–2023,   Tic disorders,Female,Agegroup:15–17years–Rate,1.1,,,Hospitalization
2022–2023,   Tic disorders,Male,Agegroup:15–17years–Rate,0.6,,,Hospitalization
2022–2023,   Tic disorders,Total,Agegroup:15–17years–Rate,0.9,,,Hospitalization
2022–2023,   ADHD,Female,Agegroup:15–17years–Rate,29.1,,,Hospitalization
2022–2023,   ADHD,Male,Agegroup:15–17years–Rate,24.7,,,Hospitalization
2022–2023,   ADHD,Total,Agegroup:15–17years–Rate,26.9,,,Hospitalization
2023–2024,Neurocognitive disorders,Female,Agegroup:15–17years–Rate,1.6,,,Hospitalization
2023–2024,Neurocognitive disorders,Male,Agegroup:15–17years–Rate,1.3,,,Hospitalization
2023–2024,Neurocognitive disorders,Total,Agegroup:15–17years–Rate,1.5,,,Hospitalization
2023–2024,Substance-related disorders,Female,Agegroup:15–17years–Rate,54.0,,,Hospitalization
2023–2024,Substance-related disorders,Male,Agegroup:15–17years–Rate,56.3,,,Hospitalization
2023–2024,Substance-related disorders,Total,Agegroup:15–17years–Rate,55.1,,,Hospitalization
2023–2024,Schizophrenic and psychotic disorders,Female,Agegroup:15–17years–Rate,44.0,,,Hospitalization
2023–2024,Schizophrenic and psychotic disorders,Male,Agegroup:15–17years–Rate,59.4,,,Hospitalization
2023–2024,Schizophrenic and psychotic disorders,Total,Agegroup:15–17years–Rate,51.9,,,Hospitalization
2023–2024,Mood disorders,Female,Agegroup:15–17years–Rate,291.3,,,Hospitalization
2023–2024,Mood disorders,Male,Agegroup:15–17years–Rate,121.8,,,Hospitalization
2023–2024,Mood disorders,Total,Agegroup:15–17years–Rate,204.1,,,Hospitalization
2023–2024,Anxiety disorders,Female,Agegroup:15–17years–Rate,106.4,,,Hospitalization
2023–2024,Anxiety disorders,Male,Agegroup:15–17years–Rate,30.7,,,Hospitalization
2023–2024,Anxiety disorders,Total,Agegroup:15–17years–Rate,67.4,,,Hospitalization
2023–2024,Personality disorders,Female,Agegroup:15–17years–Rate,96.7,,,Hospitalization
2023–2024,Personality disorders,Male,Agegroup:15–17years–Rate,11.6,,,Hospitalization
2023–2024,Personality disorders,Total,Agegroup:15–17years–Rate,52.9,,,Hospitalization
2023–2024,Other disorders,Female,Agegroup:15–17years–Rate,438.7,,,Hospitalization
2023–2024,Other disorders,Male,Agegroup:15–17years–Rate,193.4,,,Hospitalization
2023–2024,Other disorders,Total,Agegroup:15–17years–Rate,312.4,,,Hospitalization
2023–2024,   Trauma- and stressor-related disorders,Female,Agegroup:15–17years–Rate,238.9,,,Hospitalization
2023–2024,   Trauma- and stressor-related disorders,Male,Agegroup:15–17years–Rate,88.4,,,Hospitalization
2023–2024,   Trauma- and stressor-related disorders,Total,Agegroup:15–17years–Rate,161.5,,,Hospitalization
2023–2024,"   Disruptive, impulse control and conduct disorders",Female,Agegroup:15–17years–Rate,26.7,,,Hospitalization
2023–2024,"   Disruptive, impulse control and conduct disorders",Male,Agegroup:15–17years–Rate,22.0,,,Hospitalization
2023–2024,"   Disruptive, impulse control and conduct disorders",Total,Agegroup:15–17years–Rate,24.3,,,Hospitalization
2023–2024,   Eating and feeding disorders,Female,Agegroup:15–17years–Rate,104.5,,,Hospitalization
2023–2024,   Eating and feeding disorders,Male,Agegroup:15–17years–Rate,12.5,,,Hospitalization
2023–2024,   Eating and feeding disorders,Total,Agegroup:15–17years–Rate,57.1,,,Hospitalization
2023–2024,   Tic disorders,Female,Agegroup:15–17years–Rate,0.9,,,Hospitalization
2023–2024,   Tic disorders,Male,Agegroup:15–17years–Rate,0.6,,,Hospitalization
2023–2024,   Tic disorders,Total,Agegroup:15–17years–Rate,0.8,,,Hospitalization
2023–2024,   ADHD,Female,Agegroup:15–17years–Rate,29.0,,,Hospitalization
2023–2024,   ADHD,Male,Agegroup:15–17years–Rate,29.6,,,Hospitalization
2023–2024,   ADHD,Total,Agegroup:15–17years–Rate,29.3,,,Hospitalization
2018–2019,Neurocognitive disorders,Female,Agegroup:15–17years–95%CI,1.0,1,3,Hospitalization
2018–2019,Neurocognitive disorders,Male,Agegroup:15–17years–95%CI,1.0,1,2,Hospitalization
2018–2019,Neurocognitive disorders,Total,Agegroup:15–17years–95%CI,1.0,1,3,Hospitalization
2018–2019,Substance-related disorders,Female,Agegroup:15–17years–95%CI,72.0,72,87,Hospitalization
2018–2019,Substance-related disorders,Male,Agegroup:15–17years–95%CI,76.0,76,91,Hospitalization
2018–2019,Substance-related disorders,Total,Agegroup:15–17years–95%CI,76.0,76,87,Hospitalization
2018–2019,Schizophrenic and psychotic disorders,Female,Agegroup:15–17years–95%CI,38.0,38,49,Hospitalization
2018–2019,Schizophrenic and psychotic disorders,Male,Agegroup:15–17years–95%CI,67.0,67,81,Hospitalization
2018–2019,Schizophrenic and psychotic disorders,Total,Agegroup:15–17years–95%CI,55.0,55,63,Hospitalization
2018–2019,Mood disorders,Female,Agegroup:15–17years–95%CI,484.0,484,520,Hospitalization
2018–2019,Mood disorders,Male,Agegroup:15–17years–95%CI,192.0,192,215,Hospitalization
2018–2019,Mood disorders,Total,Agegroup:15–17years–95%CI,339.0,339,360,Hospitalization
2018–2019,Anxiety disorders,Female,Agegroup:15–17years–95%CI,155.0,155,176,Hospitalization
2018–2019,Anxiety disorders,Male,Agegroup:15–17years–95%CI,55.0,55,67,Hospitalization
2018–2019,Anxiety disorders,Total,Agegroup:15–17years–95%CI,106.0,106,118,Hospitalization
2018–2019,Personality disorders,Female,Agegroup:15–17years–95%CI,97.0,97,113,Hospitalization
2018–2019,Personality disorders,Male,Agegroup:15–17years–95%CI,16.0,16,23,Hospitalization
2018–2019,Personality disorders,Total,Agegroup:15–17years–95%CI,57.0,57,66,Hospitalization
2018–2019,Other disorders,Female,Agegroup:15–17years–95%CI,504.0,504,541,Hospitalization
2018–2019,Other disorders,Male,Agegroup:15–17years–95%CI,242.0,242,267,Hospitalization
2018–2019,Other disorders,Total,Agegroup:15–17years–95%CI,374.0,374,397,Hospitalization
2018–2019,   Trauma- and stressor-related disorders,Female,Agegroup:15–17years–95%CI,318.0,318,347,Hospitalization
2018–2019,   Trauma- and stressor-related disorders,Male,Agegroup:15–17years–95%CI,128.0,128,146,Hospitalization
2018–2019,   Trauma- and stressor-related disorders,Total,Agegroup:15–17years–95%CI,224.0,224,241,Hospitalization
2018–2019,"   Disruptive, impulse control and conduct disorders",Female,Agegroup:15–17years–95%CI,30.0,30,39,Hospitalization
2018–2019,"   Disruptive, impulse control and conduct disorders",Male,Agegroup:15–17years–95%CI,36.0,36,47,Hospitalization
2018–2019,"   Disruptive, impulse control and conduct disorders",Total,Agegroup:15–17years–95%CI,35.0,35,42,Hospitalization
2018–2019,   Eating and feeding disorders,Female,Agegroup:15–17years–95%CI,74.0,74,89,Hospitalization
2018–2019,   Eating and feeding disorders,Male,Agegroup:15–17years–95%CI,5.0,5,10,Hospitalization
2018–2019,   Eating and feeding disorders,Total,Agegroup:15–17years–95%CI,40.0,40,47,Hospitalization
2018–2019,   Tic disorders,Female,Agegroup:15–17years–95%CI,1.0,1,3,Hospitalization
2018–2019,   Tic disorders,Male,Agegroup:15–17years–95%CI,0.0,0,2,Hospitalization
2018–2019,   Tic disorders,Total,Agegroup:15–17years–95%CI,1.0,1,2,Hospitalization
2018–2019,   ADHD,Female,Agegroup:15–17years–95%CI,20.0,20,28,Hospitalization
2018–2019,   ADHD,Male,Agegroup:15–17years–95%CI,25.0,25,34,Hospitalization
2018–2019,   ADHD,Total,Agegroup:15–17years–95%CI,24.0,24,30,Hospitalization
2019–2020,Neurocognitive disorders,Female,Agegroup:15–17years–95%CI,1.0,1,3,Hospitalization
2019–2020,Neurocognitive disorders,Male,Agegroup:15–17years–95%CI,0.0,0,2,Hospitalization
2019–2020,Neurocognitive disorders,Total,Agegroup:15–17years–95%CI,1.0,1,2,Hospitalization
2019–2020,Substance-related disorders,Female,Agegroup:15–17years–95%CI,65.0,65,79,Hospitalization
2019–2020,Substance-related disorders,Male,Agegroup:15–17years–95%CI,79.0,79,94,Hospitalization
2019–2020,Substance-related disorders,Total,Agegroup:15–17years–95%CI,75.0,75,85,Hospitalization
2019–2020,Schizophrenic and psychotic disorders,Female,Agegroup:15–17years–95%CI,36.0,36,46,Hospitalization
2019–2020,Schizophrenic and psychotic disorders,Male,Agegroup:15–17years–95%CI,66.0,66,80,Hospitalization
2019–2020,Schizophrenic and psychotic disorders,Total,Agegroup:15–17years–95%CI,53.0,53,62,Hospitalization
2019–2020,Mood disorders,Female,Agegroup:15–17years–95%CI,432.0,432,466,Hospitalization
2019–2020,Mood disorders,Male,Agegroup:15–17years–95%CI,176.0,176,198,Hospitalization
2019–2020,Mood disorders,Total,Agegroup:15–17years–95%CI,305.0,305,325,Hospitalization
2019–2020,Anxiety disorders,Female,Agegroup:15–17years–95%CI,149.0,149,170,Hospitalization
2019–2020,Anxiety disorders,Male,Agegroup:15–17years–95%CI,50.0,50,62,Hospitalization
2019–2020,Anxiety disorders,Total,Agegroup:15–17years–95%CI,101.0,101,112,Hospitalization
2019–2020,Personality disorders,Female,Agegroup:15–17years–95%CI,83.0,83,98,Hospitalization
2019–2020,Personality disorders,Male,Agegroup:15–17years–95%CI,13.0,13,19,Hospitalization
2019–2020,Personality disorders,Total,Agegroup:15–17years–95%CI,48.0,48,56,Hospitalization
2019–2020,Other disorders,Female,Agegroup:15–17years–95%CI,474.0,474,510,Hospitalization
2019–2020,Other disorders,Male,Agegroup:15–17years–95%CI,229.0,229,254,Hospitalization
2019–2020,Other disorders,Total,Agegroup:15–17years–95%CI,353.0,353,375,Hospitalization
2019–2020,   Trauma- and stressor-related disorders,Female,Agegroup:15–17years–95%CI,291.0,291,319,Hospitalization
2019–2020,   Trauma- and stressor-related disorders,Male,Agegroup:15–17years–95%CI,114.0,114,131,Hospitalization
2019–2020,   Trauma- and stressor-related disorders,Total,Agegroup:15–17years–95%CI,203.0,203,220,Hospitalization
2019–2020,"   Disruptive, impulse control and conduct disorders",Female,Agegroup:15–17years–95%CI,27.0,27,36,Hospitalization
2019–2020,"   Disruptive, impulse control and conduct disorders",Male,Agegroup:15–17years–95%CI,33.0,33,43,Hospitalization
2019–2020,"   Disruptive, impulse control and conduct disorders",Total,Agegroup:15–17years–95%CI,31.0,31,38,Hospitalization
2019–2020,   Eating and feeding disorders,Female,Agegroup:15–17years–95%CI,74.0,74,89,Hospitalization
2019–2020,   Eating and feeding disorders,Male,Agegroup:15–17years–95%CI,4.0,4,8,Hospitalization
2019–2020,   Eating and feeding disorders,Total,Agegroup:15–17years–95%CI,39.0,39,47,Hospitalization
2019–2020,   Tic disorders,Female,Agegroup:15–17years–95%CI,1.0,1,3,Hospitalization
2019–2020,   Tic disorders,Male,Agegroup:15–17years–95%CI,0.0,0,2,Hospitalization
2019–2020,   Tic disorders,Total,Agegroup:15–17years–95%CI,1.0,1,2,Hospitalization
2019–2020,   ADHD,Female,Agegroup:15–17years–95%CI,19.0,19,26,Hospitalization
2019–2020,   ADHD,Male,Agegroup:15–17years–95%CI,24.0,24,32,Hospitalization
2019–2020,   ADHD,Total,Agegroup:15–17years–95%CI,22.0,22,28,Hospitalization
2020–2021,Neurocognitive disorders,Female,Agegroup:15–17years–95%CI,0.0,0,2,Hospitalization
2020–2021,Neurocognitive disorders,Male,Agegroup:15–17years–95%CI,0.0,0,2,Hospitalization
2020–2021,Neurocognitive disorders,Total,Agegroup:15–17years–95%CI,0.0,0,1,Hospitalization
2020–2021,Substance-related disorders,Female,Agegroup:15–17years–95%CI,58.0,58,70,Hospitalization
2020–2021,Substance-related disorders,Male,Agegroup:15–17years–95%CI,70.0,70,84,Hospitalization
2020–2021,Substance-related disorders,Total,Agegroup:15–17years–95%CI,66.0,66,75,Hospitalization
2020–2021,Schizophrenic and psychotic disorders,Female,Agegroup:15–17years–95%CI,34.0,34,44,Hospitalization
2020–2021,Schizophrenic and psychotic disorders,Male,Agegroup:15–17years–95%CI,63.0,63,76,Hospitalization
2020–2021,Schizophrenic and psychotic disorders,Total,Agegroup:15–17years–95%CI,50.0,50,59,Hospitalization
2020–2021,Mood disorders,Female,Agegroup:15–17years–95%CI,372.0,372,403,Hospitalization
2020–2021,Mood disorders,Male,Agegroup:15–17years–95%CI,130.0,130,149,Hospitalization
2020–2021,Mood disorders,Total,Agegroup:15–17years–95%CI,251.0,251,269,Hospitalization
2020–2021,Anxiety disorders,Female,Agegroup:15–17years–95%CI,130.0,130,149,Hospitalization
2020–2021,Anxiety disorders,Male,Agegroup:15–17years–95%CI,42.0,42,53,Hospitalization
2020–2021,Anxiety disorders,Total,Agegroup:15–17years–95%CI,87.0,87,98,Hospitalization
2020–2021,Personality disorders,Female,Agegroup:15–17years–95%CI,75.0,75,90,Hospitalization
2020–2021,Personality disorders,Male,Agegroup:15–17years–95%CI,8.0,8,13,Hospitalization
2020–2021,Personality disorders,Total,Agegroup:15–17years–95%CI,42.0,42,49,Hospitalization
2020–2021,Other disorders,Female,Agegroup:15–17years–95%CI,442.0,442,476,Hospitalization
2020–2021,Other disorders,Male,Agegroup:15–17years–95%CI,168.0,168,189,Hospitalization
2020–2021,Other disorders,Total,Agegroup:15–17years–95%CI,305.0,305,325,Hospitalization
2020–2021,   Trauma- and stressor-related disorders,Female,Agegroup:15–17years–95%CI,228.0,228,253,Hospitalization
2020–2021,   Trauma- and stressor-related disorders,Male,Agegroup:15–17years–95%CI,77.0,77,91,Hospitalization
2020–2021,   Trauma- and stressor-related disorders,Total,Agegroup:15–17years–95%CI,153.0,153,167,Hospitalization
2020–2021,"   Disruptive, impulse control and conduct disorders",Female,Agegroup:15–17years–95%CI,18.0,18,25,Hospitalization
2020–2021,"   Disruptive, impulse control and conduct disorders",Male,Agegroup:15–17years–95%CI,23.0,23,31,Hospitalization
2020–2021,"   Disruptive, impulse control and conduct disorders",Total,Agegroup:15–17years–95%CI,22.0,22,27,Hospitalization
2020–2021,   Eating and feeding disorders,Female,Agegroup:15–17years–95%CI,111.0,111,128,Hospitalization
2020–2021,   Eating and feeding disorders,Male,Agegroup:15–17years–95%CI,7.0,7,12,Hospitalization
2020–2021,   Eating and feeding disorders,Total,Agegroup:15–17years–95%CI,58.0,58,67,Hospitalization
2020–2021,   Tic disorders,Female,Agegroup:15–17years–95%CI,2.0,2,5,Hospitalization
2020–2021,   Tic disorders,Male,Agegroup:15–17years–95%CI,0.0,0,2,Hospitalization
2020–2021,   Tic disorders,Total,Agegroup:15–17years–95%CI,2.0,2,3,Hospitalization
2020–2021,   ADHD,Female,Agegroup:15–17years–95%CI,19.0,19,26,Hospitalization
2020–2021,   ADHD,Male,Agegroup:15–17years–95%CI,22.0,22,30,Hospitalization
2020–2021,   ADHD,Total,Agegroup:15–17years–95%CI,22.0,22,27,Hospitalization
2021–2022,Neurocognitive disorders,Female,Agegroup:15–17years–95%CI,0.0,0,2,Hospitalization
2021–2022,Neurocognitive disorders,Male,Agegroup:15–17years–95%CI,1.0,1,3,Hospitalization
2021–2022,Neurocognitive disorders,Total,Agegroup:15–17years–95%CI,1.0,1,2,Hospitalization
2021–2022,Substance-related disorders,Female,Agegroup:15–17years–95%CI,51.0,51,63,Hospitalization
2021–2022,Substance-related disorders,Male,Agegroup:15–17years–95%CI,54.0,54,66,Hospitalization
2021–2022,Substance-related disorders,Total,Agegroup:15–17years–95%CI,54.0,54,63,Hospitalization
2021–2022,Schizophrenic and psychotic disorders,Female,Agegroup:15–17years–95%CI,37.0,37,48,Hospitalization
2021–2022,Schizophrenic and psychotic disorders,Male,Agegroup:15–17years–95%CI,63.0,63,76,Hospitalization
2021–2022,Schizophrenic and psychotic disorders,Total,Agegroup:15–17years–95%CI,52.0,52,61,Hospitalization
2021–2022,Mood disorders,Female,Agegroup:15–17years–95%CI,437.0,437,471,Hospitalization
2021–2022,Mood disorders,Male,Agegroup:15–17years–95%CI,143.0,143,162,Hospitalization
2021–2022,Mood disorders,Total,Agegroup:15–17years–95%CI,289.0,289,308,Hospitalization
2021–2022,Anxiety disorders,Female,Agegroup:15–17years–95%CI,149.0,149,170,Hospitalization
2021–2022,Anxiety disorders,Male,Agegroup:15–17years–95%CI,40.0,40,51,Hospitalization
2021–2022,Anxiety disorders,Total,Agegroup:15–17years–95%CI,95.0,95,106,Hospitalization
2021–2022,Personality disorders,Female,Agegroup:15–17years–95%CI,107.0,107,124,Hospitalization
2021–2022,Personality disorders,Male,Agegroup:15–17years–95%CI,12.0,12,19,Hospitalization
2021–2022,Personality disorders,Total,Agegroup:15–17years–95%CI,59.0,59,68,Hospitalization
2021–2022,Other disorders,Female,Agegroup:15–17years–95%CI,529.0,529,566,Hospitalization
2021–2022,Other disorders,Male,Agegroup:15–17years–95%CI,188.0,188,210,Hospitalization
2021–2022,Other disorders,Total,Agegroup:15–17years–95%CI,357.0,357,379,Hospitalization
2021–2022,   Trauma- and stressor-related disorders,Female,Agegroup:15–17years–95%CI,283.0,283,310,Hospitalization
2021–2022,   Trauma- and stressor-related disorders,Male,Agegroup:15–17years–95%CI,89.0,89,104,Hospitalization
2021–2022,   Trauma- and stressor-related disorders,Total,Agegroup:15–17years–95%CI,185.0,185,201,Hospitalization
2021–2022,"   Disruptive, impulse control and conduct disorders",Female,Agegroup:15–17years–95%CI,22.0,22,31,Hospitalization
2021–2022,"   Disruptive, impulse control and conduct disorders",Male,Agegroup:15–17years–95%CI,26.0,26,35,Hospitalization
2021–2022,"   Disruptive, impulse control and conduct disorders",Total,Agegroup:15–17years–95%CI,26.0,26,32,Hospitalization
2021–2022,   Eating and feeding disorders,Female,Agegroup:15–17years–95%CI,128.0,128,147,Hospitalization
2021–2022,   Eating and feeding disorders,Male,Agegroup:15–17years–95%CI,8.0,8,13,Hospitalization
2021–2022,   Eating and feeding disorders,Total,Agegroup:15–17years–95%CI,67.0,67,77,Hospitalization
2021–2022,   Tic disorders,Female,Agegroup:15–17years–95%CI,2.0,2,5,Hospitalization
2021–2022,   Tic disorders,Male,Agegroup:15–17years–95%CI,0.0,0,1,Hospitalization
2021–2022,   Tic disorders,Total,Agegroup:15–17years–95%CI,1.0,1,2,Hospitalization
2021–2022,   ADHD,Female,Agegroup:15–17years–95%CI,24.0,24,33,Hospitalization
2021–2022,   ADHD,Male,Agegroup:15–17years–95%CI,23.0,23,31,Hospitalization
2021–2022,   ADHD,Total,Agegroup:15–17years–95%CI,25.0,25,31,Hospitalization
2022–2023,Neurocognitive disorders,Female,Agegroup:15–17years–95%CI,0.0,0,1,Hospitalization
2022–2023,Neurocognitive disorders,Male,Agegroup:15–17years–95%CI,1.0,1,3,Hospitalization
2022–2023,Neurocognitive disorders,Total,Agegroup:15–17years–95%CI,1.0,1,2,Hospitalization
2022–2023,Substance-related disorders,Female,Agegroup:15–17years–95%CI,57.0,57,69,Hospitalization
2022–2023,Substance-related disorders,Male,Agegroup:15–17years–95%CI,54.0,54,66,Hospitalization
2022–2023,Substance-related disorders,Total,Agegroup:15–17years–95%CI,57.0,57,66,Hospitalization
2022–2023,Schizophrenic and psychotic disorders,Female,Agegroup:15–17years–95%CI,36.0,36,46,Hospitalization
2022–2023,Schizophrenic and psychotic disorders,Male,Agegroup:15–17years–95%CI,56.0,56,69,Hospitalization
2022–2023,Schizophrenic and psychotic disorders,Total,Agegroup:15–17years–95%CI,48.0,48,56,Hospitalization
2022–2023,Mood disorders,Female,Agegroup:15–17years–95%CI,345.0,345,375,Hospitalization
2022–2023,Mood disorders,Male,Agegroup:15–17years–95%CI,124.0,124,142,Hospitalization
2022–2023,Mood disorders,Total,Agegroup:15–17years–95%CI,235.0,235,252,Hospitalization
2022–2023,Anxiety disorders,Female,Agegroup:15–17years–95%CI,116.0,116,134,Hospitalization
2022–2023,Anxiety disorders,Male,Agegroup:15–17years–95%CI,38.0,38,48,Hospitalization
2022–2023,Anxiety disorders,Total,Agegroup:15–17years–95%CI,78.0,78,88,Hospitalization
2022–2023,Personality disorders,Female,Agegroup:15–17years–95%CI,106.0,106,123,Hospitalization
2022–2023,Personality disorders,Male,Agegroup:15–17years–95%CI,14.0,14,20,Hospitalization
2022–2023,Personality disorders,Total,Agegroup:15–17years–95%CI,60.0,60,69,Hospitalization
2022–2023,Other disorders,Female,Agegroup:15–17years–95%CI,455.0,455,490,Hospitalization
2022–2023,Other disorders,Male,Agegroup:15–17years–95%CI,176.0,176,197,Hospitalization
2022–2023,Other disorders,Total,Agegroup:15–17years–95%CI,315.0,315,335,Hospitalization
2022–2023,   Trauma- and stressor-related disorders,Female,Agegroup:15–17years–95%CI,248.0,248,274,Hospitalization
2022–2023,   Trauma- and stressor-related disorders,Male,Agegroup:15–17years–95%CI,82.0,82,97,Hospitalization
2022–2023,   Trauma- and stressor-related disorders,Total,Agegroup:15–17years–95%CI,166.0,166,180,Hospitalization
2022–2023,"   Disruptive, impulse control and conduct disorders",Female,Agegroup:15–17years–95%CI,18.0,18,26,Hospitalization
2022–2023,"   Disruptive, impulse control and conduct disorders",Male,Agegroup:15–17years–95%CI,20.0,20,28,Hospitalization
2022–2023,"   Disruptive, impulse control and conduct disorders",Total,Agegroup:15–17years–95%CI,20.0,20,26,Hospitalization
2022–2023,   Eating and feeding disorders,Female,Agegroup:15–17years–95%CI,97.0,97,114,Hospitalization
2022–2023,   Eating and feeding disorders,Male,Agegroup:15–17years–95%CI,9.0,9,14,Hospitalization
2022–2023,   Eating and feeding disorders,Total,Agegroup:15–17years–95%CI,53.0,53,61,Hospitalization
2022–2023,   Tic disorders,Female,Agegroup:15–17years–95%CI,0.0,0,2,Hospitalization
2022–2023,   Tic disorders,Male,Agegroup:15–17years–95%CI,0.0,0,1,Hospitalization
2022–2023,   Tic disorders,Total,Agegroup:15–17years–95%CI,0.0,0,1,Hospitalization
2022–2023,   ADHD,Female,Agegroup:15–17years–95%CI,25.0,25,33,Hospitalization
2022–2023,   ADHD,Male,Agegroup:15–17years–95%CI,21.0,21,29,Hospitalization
2022–2023,   ADHD,Total,Agegroup:15–17years–95%CI,24.0,24,30,Hospitalization
2023–2024,Neurocognitive disorders,Female,Agegroup:15–17years–95%CI,1.0,1,3,Hospitalization
2023–2024,Neurocognitive disorders,Male,Agegroup:15–17years–95%CI,0.0,0,2,Hospitalization
2023–2024,Neurocognitive disorders,Total,Agegroup:15–17years–95%CI,1.0,1,2,Hospitalization
2023–2024,Substance-related disorders,Female,Agegroup:15–17years–95%CI,48.0,48,60,Hospitalization
2023–2024,Substance-related disorders,Male,Agegroup:15–17years–95%CI,51.0,51,62,Hospitalization
2023–2024,Substance-related disorders,Total,Agegroup:15–17years–95%CI,51.0,51,59,Hospitalization
2023–2024,Schizophrenic and psychotic disorders,Female,Agegroup:15–17years–95%CI,39.0,39,49,Hospitalization
2023–2024,Schizophrenic and psychotic disorders,Male,Agegroup:15–17years–95%CI,54.0,54,65,Hospitalization
2023–2024,Schizophrenic and psychotic disorders,Total,Agegroup:15–17years–95%CI,48.0,48,56,Hospitalization
2023–2024,Mood disorders,Female,Agegroup:15–17years–95%CI,278.0,278,305,Hospitalization
2023–2024,Mood disorders,Male,Agegroup:15–17years–95%CI,113.0,113,130,Hospitalization
2023–2024,Mood disorders,Total,Agegroup:15–17years–95%CI,196.0,196,212,Hospitalization
2023–2024,Anxiety disorders,Female,Agegroup:15–17years–95%CI,98.0,98,114,Hospitalization
2023–2024,Anxiety disorders,Male,Agegroup:15–17years–95%CI,26.0,26,35,Hospitalization
2023–2024,Anxiety disorders,Total,Agegroup:15–17years–95%CI,63.0,63,72,Hospitalization
2023–2024,Personality disorders,Female,Agegroup:15–17years–95%CI,89.0,89,104,Hospitalization
2023–2024,Personality disorders,Male,Agegroup:15–17years–95%CI,9.0,9,14,Hospitalization
2023–2024,Personality disorders,Total,Agegroup:15–17years–95%CI,49.0,49,57,Hospitalization
2023–2024,Other disorders,Female,Agegroup:15–17years–95%CI,422.0,422,455,Hospitalization
2023–2024,Other disorders,Male,Agegroup:15–17years–95%CI,183.0,183,204,Hospitalization
2023–2024,Other disorders,Total,Agegroup:15–17years–95%CI,303.0,303,322,Hospitalization
2023–2024,   Trauma- and stressor-related disorders,Female,Agegroup:15–17years–95%CI,227.0,227,251,Hospitalization
2023–2024,   Trauma- and stressor-related disorders,Male,Agegroup:15–17years–95%CI,81.0,81,96,Hospitalization
2023–2024,   Trauma- and stressor-related disorders,Total,Agegroup:15–17years–95%CI,155.0,155,168,Hospitalization
2023–2024,"   Disruptive, impulse control and conduct disorders",Female,Agegroup:15–17years–95%CI,23.0,23,31,Hospitalization
2023–2024,"   Disruptive, impulse control and conduct disorders",Male,Agegroup:15–17years–95%CI,18.0,18,26,Hospitalization
2023–2024,"   Disruptive, impulse control and conduct disorders",Total,Agegroup:15–17years–95%CI,22.0,22,27,Hospitalization
2023–2024,   Eating and feeding disorders,Female,Agegroup:15–17years–95%CI,97.0,97,112,Hospitalization
2023–2024,   Eating and feeding disorders,Male,Agegroup:15–17years–95%CI,10.0,10,15,Hospitalization
2023–2024,   Eating and feeding disorders,Total,Agegroup:15–17years–95%CI,53.0,53,61,Hospitalization
2023–2024,   Tic disorders,Female,Agegroup:15–17years–95%CI,0.0,0,2,Hospitalization
2023–2024,   Tic disorders,Male,Agegroup:15–17years–95%CI,0.0,0,1,Hospitalization
2023–2024,   Tic disorders,Total,Agegroup:15–17years–95%CI,0.0,0,1,Hospitalization
2023–2024,   ADHD,Female,Agegroup:15–17years–95%CI,25.0,25,33,Hospitalization
2023–2024,   ADHD,Male,Agegroup:15–17years–95%CI,26.0,26,34,Hospitalization
2023–2024,   ADHD,Total,Agegroup:15–17years–95%CI,26.0,26,32,Hospitalization
2018–2019,Neurocognitive disorders,Female,Agegroup:18–24years–Rate,2.2,,,Hospitalization
2018–2019,Neurocognitive disorders,Male,Agegroup:18–24years–Rate,2.7,,,Hospitalization
2018–2019,Neurocognitive disorders,Total,Agegroup:18–24years–Rate,2.4,,,Hospitalization
2018–2019,Substance-related disorders,Female,Agegroup:18–24years–Rate,109.1,,,Hospitalization
2018–2019,Substance-related disorders,Male,Agegroup:18–24years–Rate,179.9,,,Hospitalization
2018–2019,Substance-related disorders,Total,Agegroup:18–24years–Rate,145.9,,,Hospitalization
2018–2019,Schizophrenic and psychotic disorders,Female,Agegroup:18–24years–Rate,83.7,,,Hospitalization
2018–2019,Schizophrenic and psychotic disorders,Male,Agegroup:18–24years–Rate,227.4,,,Hospitalization
2018–2019,Schizophrenic and psychotic disorders,Total,Agegroup:18–24years–Rate,158.4,,,Hospitalization
2018–2019,Mood disorders,Female,Agegroup:18–24years–Rate,251.6,,,Hospitalization
2018–2019,Mood disorders,Male,Agegroup:18–24years–Rate,178.9,,,Hospitalization
2018–2019,Mood disorders,Total,Agegroup:18–24years–Rate,213.8,,,Hospitalization
2018–2019,Anxiety disorders,Female,Agegroup:18–24years–Rate,42.5,,,Hospitalization
2018–2019,Anxiety disorders,Male,Agegroup:18–24years–Rate,26.9,,,Hospitalization
2018–2019,Anxiety disorders,Total,Agegroup:18–24years–Rate,34.4,,,Hospitalization
2018–2019,Personality disorders,Female,Agegroup:18–24years–Rate,131.3,,,Hospitalization
2018–2019,Personality disorders,Male,Agegroup:18–24years–Rate,40.9,,,Hospitalization
2018–2019,Personality disorders,Total,Agegroup:18–24years–Rate,84.3,,,Hospitalization
2018–2019,Other disorders,Female,Agegroup:18–24years–Rate,185.7,,,Hospitalization
2018–2019,Other disorders,Male,Agegroup:18–24years–Rate,116.7,,,Hospitalization
2018–2019,Other disorders,Total,Agegroup:18–24years–Rate,149.8,,,Hospitalization
2018–2019,   Trauma- and stressor-related disorders,Female,Agegroup:18–24years–Rate,111.4,,,Hospitalization
2018–2019,   Trauma- and stressor-related disorders,Male,Agegroup:18–24years–Rate,68.0,,,Hospitalization
2018–2019,   Trauma- and stressor-related disorders,Total,Agegroup:18–24years–Rate,88.9,,,Hospitalization
2018–2019,"   Disruptive, impulse control and conduct disorders",Female,Agegroup:18–24years–Rate,4.1,,,Hospitalization
2018–2019,"   Disruptive, impulse control and conduct disorders",Male,Agegroup:18–24years–Rate,7.0,,,Hospitalization
2018–2019,"   Disruptive, impulse control and conduct disorders",Total,Agegroup:18–24years–Rate,5.6,,,Hospitalization
2018–2019,   Eating and feeding disorders,Female,Agegroup:18–24years–Rate,17.7,,,Hospitalization
2018–2019,   Eating and feeding disorders,Male,Agegroup:18–24years–Rate,1.1,,,Hospitalization
2018–2019,   Eating and feeding disorders,Total,Agegroup:18–24years–Rate,9.1,,,Hospitalization
2018–2019,   Tic disorders,Female,Agegroup:18–24years–Rate,0.8,,,Hospitalization
2018–2019,   Tic disorders,Male,Agegroup:18–24years–Rate,0.3,,,Hospitalization
2018–2019,   Tic disorders,Total,Agegroup:18–24years–Rate,0.6,,,Hospitalization
2018–2019,   ADHD,Female,Agegroup:18–24years–Rate,1.1,,,Hospitalization
2018–2019,   ADHD,Male,Agegroup:18–24years–Rate,4.2,,,Hospitalization
2018–2019,   ADHD,Total,Agegroup:18–24years–Rate,2.7,,,Hospitalization
2019–2020,Neurocognitive disorders,Female,Agegroup:18–24years–Rate,1.2,,,Hospitalization
2019–2020,Neurocognitive disorders,Male,Agegroup:18–24years–Rate,2.7,,,Hospitalization
2019–2020,Neurocognitive disorders,Total,Agegroup:18–24years–Rate,2.0,,,Hospitalization
2019–2020,Substance-related disorders,Female,Agegroup:18–24years–Rate,106.9,,,Hospitalization
2019–2020,Substance-related disorders,Male,Agegroup:18–24years–Rate,175.5,,,Hospitalization
2019–2020,Substance-related disorders,Total,Agegroup:18–24years–Rate,142.5,,,Hospitalization
2019–2020,Schizophrenic and psychotic disorders,Female,Agegroup:18–24years–Rate,85.5,,,Hospitalization
2019–2020,Schizophrenic and psychotic disorders,Male,Agegroup:18–24years–Rate,216.9,,,Hospitalization
2019–2020,Schizophrenic and psychotic disorders,Total,Agegroup:18–24years–Rate,153.8,,,Hospitalization
2019–2020,Mood disorders,Female,Agegroup:18–24years–Rate,236.0,,,Hospitalization
2019–2020,Mood disorders,Male,Agegroup:18–24years–Rate,171.3,,,Hospitalization
2019–2020,Mood disorders,Total,Agegroup:18–24years–Rate,202.4,,,Hospitalization
2019–2020,Anxiety disorders,Female,Agegroup:18–24years–Rate,40.6,,,Hospitalization
2019–2020,Anxiety disorders,Male,Agegroup:18–24years–Rate,25.9,,,Hospitalization
2019–2020,Anxiety disorders,Total,Agegroup:18–24years–Rate,33.0,,,Hospitalization
2019–2020,Personality disorders,Female,Agegroup:18–24years–Rate,126.4,,,Hospitalization
2019–2020,Personality disorders,Male,Agegroup:18–24years–Rate,38.9,,,Hospitalization
2019–2020,Personality disorders,Total,Agegroup:18–24years–Rate,80.9,,,Hospitalization
2019–2020,Other disorders,Female,Agegroup:18–24years–Rate,182.4,,,Hospitalization
2019–2020,Other disorders,Male,Agegroup:18–24years–Rate,120.7,,,Hospitalization
2019–2020,Other disorders,Total,Agegroup:18–24years–Rate,150.4,,,Hospitalization
2019–2020,   Trauma- and stressor-related disorders,Female,Agegroup:18–24years–Rate,109.8,,,Hospitalization
2019–2020,   Trauma- and stressor-related disorders,Male,Agegroup:18–24years–Rate,70.9,,,Hospitalization
2019–2020,   Trauma- and stressor-related disorders,Total,Agegroup:18–24years–Rate,89.6,,,Hospitalization
2019–2020,"   Disruptive, impulse control and conduct disorders",Female,Agegroup:18–24years–Rate,4.4,,,Hospitalization
2019–2020,"   Disruptive, impulse control and conduct disorders",Male,Agegroup:18–24years–Rate,7.4,,,Hospitalization
2019–2020,"   Disruptive, impulse control and conduct disorders",Total,Agegroup:18–24years–Rate,6.0,,,Hospitalization
2019–2020,   Eating and feeding disorders,Female,Agegroup:18–24years–Rate,19.1,,,Hospitalization
2019–2020,   Eating and feeding disorders,Male,Agegroup:18–24years–Rate,1.0,,,Hospitalization
2019–2020,   Eating and feeding disorders,Total,Agegroup:18–24years–Rate,9.7,,,Hospitalization
2019–2020,   Tic disorders,Female,Agegroup:18–24years–Rate,0.1,,,Hospitalization
2019–2020,   Tic disorders,Male,Agegroup:18–24years–Rate,0.1,,,Hospitalization
2019–2020,   Tic disorders,Total,Agegroup:18–24years–Rate,0.1,,,Hospitalization
2019–2020,   ADHD,Female,Agegroup:18–24years–Rate,1.7,,,Hospitalization
2019–2020,   ADHD,Male,Agegroup:18–24years–Rate,4.2,,,Hospitalization
2019–2020,   ADHD,Total,Agegroup:18–24years–Rate,3.0,,,Hospitalization
2020–2021,Neurocognitive disorders,Female,Agegroup:18–24years–Rate,1.9,,,Hospitalization
2020–2021,Neurocognitive disorders,Male,Agegroup:18–24years–Rate,2.4,,,Hospitalization
2020–2021,Neurocognitive disorders,Total,Agegroup:18–24years–Rate,2.2,,,Hospitalization
2020–2021,Substance-related disorders,Female,Agegroup:18–24years–Rate,113.5,,,Hospitalization
2020–2021,Substance-related disorders,Male,Agegroup:18–24years–Rate,180.6,,,Hospitalization
2020–2021,Substance-related disorders,Total,Agegroup:18–24years–Rate,148.3,,,Hospitalization
2020–2021,Schizophrenic and psychotic disorders,Female,Agegroup:18–24years–Rate,95.7,,,Hospitalization
2020–2021,Schizophrenic and psychotic disorders,Male,Agegroup:18–24years–Rate,216.4,,,Hospitalization
2020–2021,Schizophrenic and psychotic disorders,Total,Agegroup:18–24years–Rate,158.2,,,Hospitalization
2020–2021,Mood disorders,Female,Agegroup:18–24years–Rate,221.1,,,Hospitalization
2020–2021,Mood disorders,Male,Agegroup:18–24years–Rate,145.0,,,Hospitalization
2020–2021,Mood disorders,Total,Agegroup:18–24years–Rate,181.7,,,Hospitalization
2020–2021,Anxiety disorders,Female,Agegroup:18–24years–Rate,40.1,,,Hospitalization
2020–2021,Anxiety disorders,Male,Agegroup:18–24years–Rate,23.8,,,Hospitalization
2020–2021,Anxiety disorders,Total,Agegroup:18–24years–Rate,31.6,,,Hospitalization
2020–2021,Personality disorders,Female,Agegroup:18–24years–Rate,128.4,,,Hospitalization
2020–2021,Personality disorders,Male,Agegroup:18–24years–Rate,37.9,,,Hospitalization
2020–2021,Personality disorders,Total,Agegroup:18–24years–Rate,81.5,,,Hospitalization
2020–2021,Other disorders,Female,Agegroup:18–24years–Rate,167.8,,,Hospitalization
2020–2021,Other disorders,Male,Agegroup:18–24years–Rate,100.7,,,Hospitalization
2020–2021,Other disorders,Total,Agegroup:18–24years–Rate,133.0,,,Hospitalization
2020–2021,   Trauma- and stressor-related disorders,Female,Agegroup:18–24years–Rate,104.5,,,Hospitalization
2020–2021,   Trauma- and stressor-related disorders,Male,Agegroup:18–24years–Rate,60.9,,,Hospitalization
2020–2021,   Trauma- and stressor-related disorders,Total,Agegroup:18–24years–Rate,81.9,,,Hospitalization
2020–2021,"   Disruptive, impulse control and conduct disorders",Female,Agegroup:18–24years–Rate,3.1,,,Hospitalization
2020–2021,"   Disruptive, impulse control and conduct disorders",Male,Agegroup:18–24years–Rate,5.3,,,Hospitalization
2020–2021,"   Disruptive, impulse control and conduct disorders",Total,Agegroup:18–24years–Rate,4.2,,,Hospitalization
2020–2021,   Eating and feeding disorders,Female,Agegroup:18–24years–Rate,18.3,,,Hospitalization
2020–2021,   Eating and feeding disorders,Male,Agegroup:18–24years–Rate,0.8,,,Hospitalization
2020–2021,   Eating and feeding disorders,Total,Agegroup:18–24years–Rate,9.3,,,Hospitalization
2020–2021,   Tic disorders,Female,Agegroup:18–24years–Rate,0.1,,,Hospitalization
2020–2021,   Tic disorders,Male,Agegroup:18–24years–Rate,0.3,,,Hospitalization
2020–2021,   Tic disorders,Total,Agegroup:18–24years–Rate,0.2,,,Hospitalization
2020–2021,   ADHD,Female,Agegroup:18–24years–Rate,1.9,,,Hospitalization
2020–2021,   ADHD,Male,Agegroup:18–24years–Rate,4.2,,,Hospitalization
2020–2021,   ADHD,Total,Agegroup:18–24years–Rate,3.1,,,Hospitalization
2021–2022,Neurocognitive disorders,Female,Agegroup:18–24years–Rate,1.8,,,Hospitalization
2021–2022,Neurocognitive disorders,Male,Agegroup:18–24years–Rate,2.4,,,Hospitalization
2021–2022,Neurocognitive disorders,Total,Agegroup:18–24years–Rate,2.1,,,Hospitalization
2021–2022,Substance-related disorders,Female,Agegroup:18–24years–Rate,113.4,,,Hospitalization
2021–2022,Substance-related disorders,Male,Agegroup:18–24years–Rate,164.2,,,Hospitalization
2021–2022,Substance-related disorders,Total,Agegroup:18–24years–Rate,139.7,,,Hospitalization
2021–2022,Schizophrenic and psychotic disorders,Female,Agegroup:18–24years–Rate,99.6,,,Hospitalization
2021–2022,Schizophrenic and psychotic disorders,Male,Agegroup:18–24years–Rate,218.7,,,Hospitalization
2021–2022,Schizophrenic and psychotic disorders,Total,Agegroup:18–24years–Rate,161.2,,,Hospitalization
2021–2022,Mood disorders,Female,Agegroup:18–24years–Rate,254.5,,,Hospitalization
2021–2022,Mood disorders,Male,Agegroup:18–24years–Rate,150.7,,,Hospitalization
2021–2022,Mood disorders,Total,Agegroup:18–24years–Rate,200.7,,,Hospitalization
2021–2022,Anxiety disorders,Female,Agegroup:18–24years–Rate,49.0,,,Hospitalization
2021–2022,Anxiety disorders,Male,Agegroup:18–24years–Rate,24.7,,,Hospitalization
2021–2022,Anxiety disorders,Total,Agegroup:18–24years–Rate,36.4,,,Hospitalization
2021–2022,Personality disorders,Female,Agegroup:18–24years–Rate,143.9,,,Hospitalization
2021–2022,Personality disorders,Male,Agegroup:18–24years–Rate,41.6,,,Hospitalization
2021–2022,Personality disorders,Total,Agegroup:18–24years–Rate,91.0,,,Hospitalization
2021–2022,Other disorders,Female,Agegroup:18–24years–Rate,191.7,,,Hospitalization
2021–2022,Other disorders,Male,Agegroup:18–24years–Rate,105.2,,,Hospitalization
2021–2022,Other disorders,Total,Agegroup:18–24years–Rate,147.0,,,Hospitalization
2021–2022,   Trauma- and stressor-related disorders,Female,Agegroup:18–24years–Rate,109.6,,,Hospitalization
2021–2022,   Trauma- and stressor-related disorders,Male,Agegroup:18–24years–Rate,60.1,,,Hospitalization
2021–2022,   Trauma- and stressor-related disorders,Total,Agegroup:18–24years–Rate,84.0,,,Hospitalization
2021–2022,"   Disruptive, impulse control and conduct disorders",Female,Agegroup:18–24years–Rate,4.1,,,Hospitalization
2021–2022,"   Disruptive, impulse control and conduct disorders",Male,Agegroup:18–24years–Rate,4.8,,,Hospitalization
2021–2022,"   Disruptive, impulse control and conduct disorders",Total,Agegroup:18–24years–Rate,4.5,,,Hospitalization
2021–2022,   Eating and feeding disorders,Female,Agegroup:18–24years–Rate,23.2,,,Hospitalization
2021–2022,   Eating and feeding disorders,Male,Agegroup:18–24years–Rate,1.1,,,Hospitalization
2021–2022,   Eating and feeding disorders,Total,Agegroup:18–24years–Rate,11.8,,,Hospitalization
2021–2022,   Tic disorders,Female,Agegroup:18–24years–Rate,0.1,,,Hospitalization
2021–2022,   Tic disorders,Male,Agegroup:18–24years–Rate,0.4,,,Hospitalization
2021–2022,   Tic disorders,Total,Agegroup:18–24years–Rate,0.2,,,Hospitalization
2021–2022,   ADHD,Female,Agegroup:18–24years–Rate,2.6,,,Hospitalization
2021–2022,   ADHD,Male,Agegroup:18–24years–Rate,4.4,,,Hospitalization
2021–2022,   ADHD,Total,Agegroup:18–24years–Rate,3.5,,,Hospitalization
2022–2023,Neurocognitive disorders,Female,Agegroup:18–24years–Rate,1.7,,,Hospitalization
2022–2023,Neurocognitive disorders,Male,Agegroup:18–24years–Rate,1.8,,,Hospitalization
2022–2023,Neurocognitive disorders,Total,Agegroup:18–24years–Rate,1.8,,,Hospitalization
2022–2023,Substance-related disorders,Female,Agegroup:18–24years–Rate,101.2,,,Hospitalization
2022–2023,Substance-related disorders,Male,Agegroup:18–24years–Rate,140.8,,,Hospitalization
2022–2023,Substance-related disorders,Total,Agegroup:18–24years–Rate,121.8,,,Hospitalization
2022–2023,Schizophrenic and psychotic disorders,Female,Agegroup:18–24years–Rate,92.4,,,Hospitalization
2022–2023,Schizophrenic and psychotic disorders,Male,Agegroup:18–24years–Rate,189.8,,,Hospitalization
2022–2023,Schizophrenic and psychotic disorders,Total,Agegroup:18–24years–Rate,142.9,,,Hospitalization
2022–2023,Mood disorders,Female,Agegroup:18–24years–Rate,208.4,,,Hospitalization
2022–2023,Mood disorders,Male,Agegroup:18–24years–Rate,139.9,,,Hospitalization
2022–2023,Mood disorders,Total,Agegroup:18–24years–Rate,172.9,,,Hospitalization
2022–2023,Anxiety disorders,Female,Agegroup:18–24years–Rate,36.2,,,Hospitalization
2022–2023,Anxiety disorders,Male,Agegroup:18–24years–Rate,20.2,,,Hospitalization
2022–2023,Anxiety disorders,Total,Agegroup:18–24years–Rate,27.9,,,Hospitalization
2022–2023,Personality disorders,Female,Agegroup:18–24years–Rate,139.1,,,Hospitalization
2022–2023,Personality disorders,Male,Agegroup:18–24years–Rate,39.0,,,Hospitalization
2022–2023,Personality disorders,Total,Agegroup:18–24years–Rate,87.2,,,Hospitalization
2022–2023,Other disorders,Female,Agegroup:18–24years–Rate,167.5,,,Hospitalization
2022–2023,Other disorders,Male,Agegroup:18–24years–Rate,99.3,,,Hospitalization
2022–2023,Other disorders,Total,Agegroup:18–24years–Rate,132.2,,,Hospitalization
2022–2023,   Trauma- and stressor-related disorders,Female,Agegroup:18–24years–Rate,94.8,,,Hospitalization
2022–2023,   Trauma- and stressor-related disorders,Male,Agegroup:18–24years–Rate,53.6,,,Hospitalization
2022–2023,   Trauma- and stressor-related disorders,Total,Agegroup:18–24years–Rate,73.5,,,Hospitalization
2022–2023,"   Disruptive, impulse control and conduct disorders",Female,Agegroup:18–24years–Rate,4.3,,,Hospitalization
2022–2023,"   Disruptive, impulse control and conduct disorders",Male,Agegroup:18–24years–Rate,6.0,,,Hospitalization
2022–2023,"   Disruptive, impulse control and conduct disorders",Total,Agegroup:18–24years–Rate,5.2,,,Hospitalization
2022–2023,   Eating and feeding disorders,Female,Agegroup:18–24years–Rate,20.2,,,Hospitalization
2022–2023,   Eating and feeding disorders,Male,Agegroup:18–24years–Rate,1.5,,,Hospitalization
2022–2023,   Eating and feeding disorders,Total,Agegroup:18–24years–Rate,10.5,,,Hospitalization
2022–2023,   Tic disorders,Female,Agegroup:18–24years–Rate,0.2,,,Hospitalization
2022–2023,   Tic disorders,Male,Agegroup:18–24years–Rate,0.6,,,Hospitalization
2022–2023,   Tic disorders,Total,Agegroup:18–24years–Rate,0.4,,,Hospitalization
2022–2023,   ADHD,Female,Agegroup:18–24years–Rate,3.3,,,Hospitalization
2022–2023,   ADHD,Male,Agegroup:18–24years–Rate,3.2,,,Hospitalization
2022–2023,   ADHD,Total,Agegroup:18–24years–Rate,3.3,,,Hospitalization
2023–2024,Neurocognitive disorders,Female,Agegroup:18–24years–Rate,1.6,,,Hospitalization
2023–2024,Neurocognitive disorders,Male,Agegroup:18–24years–Rate,1.5,,,Hospitalization
2023–2024,Neurocognitive disorders,Total,Agegroup:18–24years–Rate,1.6,,,Hospitalization
2023–2024,Substance-related disorders,Female,Agegroup:18–24years–Rate,95.7,,,Hospitalization
2023–2024,Substance-related disorders,Male,Agegroup:18–24years–Rate,127.1,,,Hospitalization
2023–2024,Substance-related disorders,Total,Agegroup:18–24years–Rate,112.1,,,Hospitalization
2023–2024,Schizophrenic and psychotic disorders,Female,Agegroup:18–24years–Rate,84.3,,,Hospitalization
2023–2024,Schizophrenic and psychotic disorders,Male,Agegroup:18–24years–Rate,168.7,,,Hospitalization
2023–2024,Schizophrenic and psychotic disorders,Total,Agegroup:18–24years–Rate,128.3,,,Hospitalization
2023–2024,Mood disorders,Female,Agegroup:18–24years–Rate,169.8,,,Hospitalization
2023–2024,Mood disorders,Male,Agegroup:18–24years–Rate,112.7,,,Hospitalization
2023–2024,Mood disorders,Total,Agegroup:18–24years–Rate,140.1,,,Hospitalization
2023–2024,Anxiety disorders,Female,Agegroup:18–24years–Rate,27.1,,,Hospitalization
2023–2024,Anxiety disorders,Male,Agegroup:18–24years–Rate,16.4,,,Hospitalization
2023–2024,Anxiety disorders,Total,Agegroup:18–24years–Rate,21.5,,,Hospitalization
2023–2024,Personality disorders,Female,Agegroup:18–24years–Rate,119.5,,,Hospitalization
2023–2024,Personality disorders,Male,Agegroup:18–24years–Rate,34.9,,,Hospitalization
2023–2024,Personality disorders,Total,Agegroup:18–24years–Rate,75.4,,,Hospitalization
2023–2024,Other disorders,Female,Agegroup:18–24years–Rate,156.4,,,Hospitalization
2023–2024,Other disorders,Male,Agegroup:18–24years–Rate,94.2,,,Hospitalization
2023–2024,Other disorders,Total,Agegroup:18–24years–Rate,124.0,,,Hospitalization
2023–2024,   Trauma- and stressor-related disorders,Female,Agegroup:18–24years–Rate,90.6,,,Hospitalization
2023–2024,   Trauma- and stressor-related disorders,Male,Agegroup:18–24years–Rate,51.5,,,Hospitalization
2023–2024,   Trauma- and stressor-related disorders,Total,Agegroup:18–24years–Rate,70.2,,,Hospitalization
2023–2024,"   Disruptive, impulse control and conduct disorders",Female,Agegroup:18–24years–Rate,3.5,,,Hospitalization
2023–2024,"   Disruptive, impulse control and conduct disorders",Male,Agegroup:18–24years–Rate,4.6,,,Hospitalization
2023–2024,"   Disruptive, impulse control and conduct disorders",Total,Agegroup:18–24years–Rate,4.1,,,Hospitalization
2023–2024,   Eating and feeding disorders,Female,Agegroup:18–24years–Rate,16.9,,,Hospitalization
2023–2024,   Eating and feeding disorders,Male,Agegroup:18–24years–Rate,1.4,,,Hospitalization
2023–2024,   Eating and feeding disorders,Total,Agegroup:18–24years–Rate,8.8,,,Hospitalization
2023–2024,   Tic disorders,Female,Agegroup:18–24years–Rate,0.1,,,Hospitalization
2023–2024,   Tic disorders,Male,Agegroup:18–24years–Rate,0.2,,,Hospitalization
2023–2024,   Tic disorders,Total,Agegroup:18–24years–Rate,0.1,,,Hospitalization
2023–2024,   ADHD,Female,Agegroup:18–24years–Rate,1.8,,,Hospitalization
2023–2024,   ADHD,Male,Agegroup:18–24years–Rate,3.7,,,Hospitalization
2023–2024,   ADHD,Total,Agegroup:18–24years–Rate,2.8,,,Hospitalization
2018–2019,Neurocognitive disorders,Female,Agegroup:18–24years–95%CI,1.0,1,3,Hospitalization
2018–2019,Neurocognitive disorders,Male,Agegroup:18–24years–95%CI,2.0,2,3,Hospitalization
2018–2019,Neurocognitive disorders,Total,Agegroup:18–24years–95%CI,2.0,2,3,Hospitalization
2018–2019,Substance-related disorders,Female,Agegroup:18–24years–95%CI,104.0,104,114,Hospitalization
2018–2019,Substance-related disorders,Male,Agegroup:18–24years–95%CI,174.0,174,186,Hospitalization
2018–2019,Substance-related disorders,Total,Agegroup:18–24years–95%CI,142.0,142,150,Hospitalization
2018–2019,Schizophrenic and psychotic disorders,Female,Agegroup:18–24years–95%CI,79.0,79,88,Hospitalization
2018–2019,Schizophrenic and psychotic disorders,Male,Agegroup:18–24years–95%CI,220.0,220,235,Hospitalization
2018–2019,Schizophrenic and psychotic disorders,Total,Agegroup:18–24years–95%CI,154.0,154,163,Hospitalization
2018–2019,Mood disorders,Female,Agegroup:18–24years–95%CI,244.0,244,259,Hospitalization
2018–2019,Mood disorders,Male,Agegroup:18–24years–95%CI,173.0,173,185,Hospitalization
2018–2019,Mood disorders,Total,Agegroup:18–24years–95%CI,209.0,209,219,Hospitalization
2018–2019,Anxiety disorders,Female,Agegroup:18–24years–95%CI,39.0,39,46,Hospitalization
2018–2019,Anxiety disorders,Male,Agegroup:18–24years–95%CI,24.0,24,29,Hospitalization
2018–2019,Anxiety disorders,Total,Agegroup:18–24years–95%CI,32.0,32,36,Hospitalization
2018–2019,Personality disorders,Female,Agegroup:18–24years–95%CI,126.0,126,137,Hospitalization
2018–2019,Personality disorders,Male,Agegroup:18–24years–95%CI,38.0,38,44,Hospitalization
2018–2019,Personality disorders,Total,Agegroup:18–24years–95%CI,81.0,81,87,Hospitalization
2018–2019,Other disorders,Female,Agegroup:18–24years–95%CI,179.0,179,192,Hospitalization
2018–2019,Other disorders,Male,Agegroup:18–24years–95%CI,112.0,112,122,Hospitalization
2018–2019,Other disorders,Total,Agegroup:18–24years–95%CI,146.0,146,154,Hospitalization
2018–2019,   Trauma- and stressor-related disorders,Female,Agegroup:18–24years–95%CI,106.0,106,117,Hospitalization
2018–2019,   Trauma- and stressor-related disorders,Male,Agegroup:18–24years–95%CI,64.0,64,72,Hospitalization
2018–2019,   Trauma- and stressor-related disorders,Total,Agegroup:18–24years–95%CI,86.0,86,92,Hospitalization
2018–2019,"   Disruptive, impulse control and conduct disorders",Female,Agegroup:18–24years–95%CI,3.0,3,5,Hospitalization
2018–2019,"   Disruptive, impulse control and conduct disorders",Male,Agegroup:18–24years–95%CI,6.0,6,8,Hospitalization
2018–2019,"   Disruptive, impulse control and conduct disorders",Total,Agegroup:18–24years–95%CI,5.0,5,6,Hospitalization
2018–2019,   Eating and feeding disorders,Female,Agegroup:18–24years–95%CI,16.0,16,20,Hospitalization
2018–2019,   Eating and feeding disorders,Male,Agegroup:18–24years–95%CI,1.0,1,2,Hospitalization
2018–2019,   Eating and feeding disorders,Total,Agegroup:18–24years–95%CI,8.0,8,10,Hospitalization
2018–2019,   Tic disorders,Female,Agegroup:18–24years–95%CI,0.0,0,1,Hospitalization
2018–2019,   Tic disorders,Male,Agegroup:18–24years–95%CI,0.0,0,1,Hospitalization
2018–2019,   Tic disorders,Total,Agegroup:18–24years–95%CI,0.0,0,1,Hospitalization
2018–2019,   ADHD,Female,Agegroup:18–24years–95%CI,1.0,1,2,Hospitalization
2018–2019,   ADHD,Male,Agegroup:18–24years–95%CI,3.0,3,5,Hospitalization
2018–2019,   ADHD,Total,Agegroup:18–24years–95%CI,2.0,2,3,Hospitalization
2019–2020,Neurocognitive disorders,Female,Agegroup:18–24years–95%CI,1.0,1,2,Hospitalization
2019–2020,Neurocognitive disorders,Male,Agegroup:18–24years–95%CI,2.0,2,3,Hospitalization
2019–2020,Neurocognitive disorders,Total,Agegroup:18–24years–95%CI,2.0,2,2,Hospitalization
2019–2020,Substance-related disorders,Female,Agegroup:18–24years–95%CI,102.0,102,112,Hospitalization
2019–2020,Substance-related disorders,Male,Agegroup:18–24years–95%CI,169.0,169,182,Hospitalization
2019–2020,Substance-related disorders,Total,Agegroup:18–24years–95%CI,139.0,139,147,Hospitalization
2019–2020,Schizophrenic and psychotic disorders,Female,Agegroup:18–24years–95%CI,81.0,81,90,Hospitalization
2019–2020,Schizophrenic and psychotic disorders,Male,Agegroup:18–24years–95%CI,210.0,210,224,Hospitalization
2019–2020,Schizophrenic and psychotic disorders,Total,Agegroup:18–24years–95%CI,150.0,150,158,Hospitalization
2019–2020,Mood disorders,Female,Agegroup:18–24years–95%CI,229.0,229,244,Hospitalization
2019–2020,Mood disorders,Male,Agegroup:18–24years–95%CI,165.0,165,177,Hospitalization
2019–2020,Mood disorders,Total,Agegroup:18–24years–95%CI,198.0,198,207,Hospitalization
2019–2020,Anxiety disorders,Female,Agegroup:18–24years–95%CI,38.0,38,44,Hospitalization
2019–2020,Anxiety disorders,Male,Agegroup:18–24years–95%CI,24.0,24,28,Hospitalization
2019–2020,Anxiety disorders,Total,Agegroup:18–24years–95%CI,31.0,31,35,Hospitalization
2019–2020,Personality disorders,Female,Agegroup:18–24years–95%CI,121.0,121,132,Hospitalization
2019–2020,Personality disorders,Male,Agegroup:18–24years–95%CI,36.0,36,42,Hospitalization
2019–2020,Personality disorders,Total,Agegroup:18–24years–95%CI,78.0,78,84,Hospitalization
2019–2020,Other disorders,Female,Agegroup:18–24years–95%CI,176.0,176,189,Hospitalization
2019–2020,Other disorders,Male,Agegroup:18–24years–95%CI,116.0,116,126,Hospitalization
2019–2020,Other disorders,Total,Agegroup:18–24years–95%CI,146.0,146,154,Hospitalization
2019–2020,   Trauma- and stressor-related disorders,Female,Agegroup:18–24years–95%CI,105.0,105,115,Hospitalization
2019–2020,   Trauma- and stressor-related disorders,Male,Agegroup:18–24years–95%CI,67.0,67,75,Hospitalization
2019–2020,   Trauma- and stressor-related disorders,Total,Agegroup:18–24years–95%CI,86.0,86,93,Hospitalization
2019–2020,"   Disruptive, impulse control and conduct disorders",Female,Agegroup:18–24years–95%CI,3.0,3,5,Hospitalization
2019–2020,"   Disruptive, impulse control and conduct disorders",Male,Agegroup:18–24years–95%CI,6.0,6,9,Hospitalization
2019–2020,"   Disruptive, impulse control and conduct disorders",Total,Agegroup:18–24years–95%CI,5.0,5,7,Hospitalization
2019–2020,   Eating and feeding disorders,Female,Agegroup:18–24years–95%CI,17.0,17,21,Hospitalization
2019–2020,   Eating and feeding disorders,Male,Agegroup:18–24years–95%CI,1.0,1,1,Hospitalization
2019–2020,   Eating and feeding disorders,Total,Agegroup:18–24years–95%CI,9.0,9,11,Hospitalization
2019–2020,   Tic disorders,Female,Agegroup:18–24years–95%CI,0.0,0,0,Hospitalization
2019–2020,   Tic disorders,Male,Agegroup:18–24years–95%CI,0.0,0,0,Hospitalization
2019–2020,   Tic disorders,Total,Agegroup:18–24years–95%CI,0.0,0,0,Hospitalization
2019–2020,   ADHD,Female,Agegroup:18–24years–95%CI,1.0,1,2,Hospitalization
2019–2020,   ADHD,Male,Agegroup:18–24years–95%CI,3.0,3,5,Hospitalization
2019–2020,   ADHD,Total,Agegroup:18–24years–95%CI,2.0,2,4,Hospitalization
2020–2021,Neurocognitive disorders,Female,Agegroup:18–24years–95%CI,1.0,1,3,Hospitalization
2020–2021,Neurocognitive disorders,Male,Agegroup:18–24years–95%CI,2.0,2,3,Hospitalization
2020–2021,Neurocognitive disorders,Total,Agegroup:18–24years–95%CI,2.0,2,3,Hospitalization
2020–2021,Substance-related disorders,Female,Agegroup:18–24years–95%CI,108.0,108,119,Hospitalization
2020–2021,Substance-related disorders,Male,Agegroup:18–24years–95%CI,174.0,174,187,Hospitalization
2020–2021,Substance-related disorders,Total,Agegroup:18–24years–95%CI,144.0,144,152,Hospitalization
2020–2021,Schizophrenic and psychotic disorders,Female,Agegroup:18–24years–95%CI,91.0,91,100,Hospitalization
2020–2021,Schizophrenic and psychotic disorders,Male,Agegroup:18–24years–95%CI,209.0,209,223,Hospitalization
2020–2021,Schizophrenic and psychotic disorders,Total,Agegroup:18–24years–95%CI,154.0,154,163,Hospitalization
2020–2021,Mood disorders,Female,Agegroup:18–24years–95%CI,214.0,214,228,Hospitalization
2020–2021,Mood disorders,Male,Agegroup:18–24years–95%CI,139.0,139,151,Hospitalization
2020–2021,Mood disorders,Total,Agegroup:18–24years–95%CI,177.0,177,186,Hospitalization
2020–2021,Anxiety disorders,Female,Agegroup:18–24years–95%CI,37.0,37,43,Hospitalization
2020–2021,Anxiety disorders,Male,Agegroup:18–24years–95%CI,22.0,22,26,Hospitalization
2020–2021,Anxiety disorders,Total,Agegroup:18–24years–95%CI,30.0,30,34,Hospitalization
2020–2021,Personality disorders,Female,Agegroup:18–24years–95%CI,123.0,123,134,Hospitalization
2020–2021,Personality disorders,Male,Agegroup:18–24years–95%CI,35.0,35,41,Hospitalization
2020–2021,Personality disorders,Total,Agegroup:18–24years–95%CI,78.0,78,85,Hospitalization
2020–2021,Other disorders,Female,Agegroup:18–24years–95%CI,161.0,161,174,Hospitalization
2020–2021,Other disorders,Male,Agegroup:18–24years–95%CI,96.0,96,105,Hospitalization
2020–2021,Other disorders,Total,Agegroup:18–24years–95%CI,129.0,129,137,Hospitalization
2020–2021,   Trauma- and stressor-related disorders,Female,Agegroup:18–24years–95%CI,99.0,99,109,Hospitalization
2020–2021,   Trauma- and stressor-related disorders,Male,Agegroup:18–24years–95%CI,57.0,57,65,Hospitalization
2020–2021,   Trauma- and stressor-related disorders,Total,Agegroup:18–24years–95%CI,79.0,79,85,Hospitalization
2020–2021,"   Disruptive, impulse control and conduct disorders",Female,Agegroup:18–24years–95%CI,2.0,2,4,Hospitalization
2020–2021,"   Disruptive, impulse control and conduct disorders",Male,Agegroup:18–24years–95%CI,4.0,4,6,Hospitalization
2020–2021,"   Disruptive, impulse control and conduct disorders",Total,Agegroup:18–24years–95%CI,4.0,4,5,Hospitalization
2020–2021,   Eating and feeding disorders,Female,Agegroup:18–24years–95%CI,16.0,16,20,Hospitalization
2020–2021,   Eating and feeding disorders,Male,Agegroup:18–24years–95%CI,0.0,0,1,Hospitalization
2020–2021,   Eating and feeding disorders,Total,Agegroup:18–24years–95%CI,8.0,8,10,Hospitalization
2020–2021,   Tic disorders,Female,Agegroup:18–24years–95%CI,0.0,0,0,Hospitalization
2020–2021,   Tic disorders,Male,Agegroup:18–24years–95%CI,0.0,0,1,Hospitalization
2020–2021,   Tic disorders,Total,Agegroup:18–24years–95%CI,0.0,0,0,Hospitalization
2020–2021,   ADHD,Female,Agegroup:18–24years–95%CI,1.0,1,3,Hospitalization
2020–2021,   ADHD,Male,Agegroup:18–24years–95%CI,3.0,3,5,Hospitalization
2020–2021,   ADHD,Total,Agegroup:18–24years–95%CI,2.0,2,4,Hospitalization
2021–2022,Neurocognitive disorders,Female,Agegroup:18–24years–95%CI,1.0,1,2,Hospitalization
2021–2022,Neurocognitive disorders,Male,Agegroup:18–24years–95%CI,2.0,2,3,Hospitalization
2021–2022,Neurocognitive disorders,Total,Agegroup:18–24years–95%CI,2.0,2,3,Hospitalization
2021–2022,Substance-related disorders,Female,Agegroup:18–24years–95%CI,108.0,108,119,Hospitalization
2021–2022,Substance-related disorders,Male,Agegroup:18–24years–95%CI,158.0,158,170,Hospitalization
2021–2022,Substance-related disorders,Total,Agegroup:18–24years–95%CI,136.0,136,144,Hospitalization
2021–2022,Schizophrenic and psychotic disorders,Female,Agegroup:18–24years–95%CI,95.0,95,105,Hospitalization
2021–2022,Schizophrenic and psychotic disorders,Male,Agegroup:18–24years–95%CI,212.0,212,226,Hospitalization
2021–2022,Schizophrenic and psychotic disorders,Total,Agegroup:18–24years–95%CI,157.0,157,166,Hospitalization
2021–2022,Mood disorders,Female,Agegroup:18–24years–95%CI,247.0,247,262,Hospitalization
2021–2022,Mood disorders,Male,Agegroup:18–24years–95%CI,145.0,145,157,Hospitalization
2021–2022,Mood disorders,Total,Agegroup:18–24years–95%CI,196.0,196,206,Hospitalization
2021–2022,Anxiety disorders,Female,Agegroup:18–24years–95%CI,46.0,46,52,Hospitalization
2021–2022,Anxiety disorders,Male,Agegroup:18–24years–95%CI,22.0,22,27,Hospitalization
2021–2022,Anxiety disorders,Total,Agegroup:18–24years–95%CI,34.0,34,39,Hospitalization
2021–2022,Personality disorders,Female,Agegroup:18–24years–95%CI,138.0,138,150,Hospitalization
2021–2022,Personality disorders,Male,Agegroup:18–24years–95%CI,39.0,39,45,Hospitalization
2021–2022,Personality disorders,Total,Agegroup:18–24years–95%CI,88.0,88,94,Hospitalization
2021–2022,Other disorders,Female,Agegroup:18–24years–95%CI,185.0,185,199,Hospitalization
2021–2022,Other disorders,Male,Agegroup:18–24years–95%CI,100.0,100,110,Hospitalization
2021–2022,Other disorders,Total,Agegroup:18–24years–95%CI,143.0,143,151,Hospitalization
2021–2022,   Trauma- and stressor-related disorders,Female,Agegroup:18–24years–95%CI,104.0,104,115,Hospitalization
2021–2022,   Trauma- and stressor-related disorders,Male,Agegroup:18–24years–95%CI,56.0,56,64,Hospitalization
2021–2022,   Trauma- and stressor-related disorders,Total,Agegroup:18–24years–95%CI,81.0,81,87,Hospitalization
2021–2022,"   Disruptive, impulse control and conduct disorders",Female,Agegroup:18–24years–95%CI,3.0,3,5,Hospitalization
2021–2022,"   Disruptive, impulse control and conduct disorders",Male,Agegroup:18–24years–95%CI,4.0,4,6,Hospitalization
2021–2022,"   Disruptive, impulse control and conduct disorders",Total,Agegroup:18–24years–95%CI,4.0,4,5,Hospitalization
2021–2022,   Eating and feeding disorders,Female,Agegroup:18–24years–95%CI,21.0,21,26,Hospitalization
2021–2022,   Eating and feeding disorders,Male,Agegroup:18–24years–95%CI,1.0,1,2,Hospitalization
2021–2022,   Eating and feeding disorders,Total,Agegroup:18–24years–95%CI,11.0,11,13,Hospitalization
2021–2022,   Tic disorders,Female,Agegroup:18–24years–95%CI,0.0,0,0,Hospitalization
2021–2022,   Tic disorders,Male,Agegroup:18–24years–95%CI,0.0,0,1,Hospitalization
2021–2022,   Tic disorders,Total,Agegroup:18–24years–95%CI,0.0,0,0,Hospitalization
2021–2022,   ADHD,Female,Agegroup:18–24years–95%CI,2.0,2,3,Hospitalization
2021–2022,   ADHD,Male,Agegroup:18–24years–95%CI,3.0,3,5,Hospitalization
2021–2022,   ADHD,Total,Agegroup:18–24years–95%CI,3.0,3,4,Hospitalization
2022–2023,Neurocognitive disorders,Female,Agegroup:18–24years–95%CI,1.0,1,2,Hospitalization
2022–2023,Neurocognitive disorders,Male,Agegroup:18–24years–95%CI,1.0,1,2,Hospitalization
2022–2023,Neurocognitive disorders,Total,Agegroup:18–24years–95%CI,1.0,1,2,Hospitalization
2022–2023,Substance-related disorders,Female,Agegroup:18–24years–95%CI,96.0,96,106,Hospitalization
2022–2023,Substance-related disorders,Male,Agegroup:18–24years–95%CI,135.0,135,146,Hospitalization
2022–2023,Substance-related disorders,Total,Agegroup:18–24years–95%CI,118.0,118,125,Hospitalization
2022–2023,Schizophrenic and psychotic disorders,Female,Agegroup:18–24years–95%CI,88.0,88,97,Hospitalization
2022–2023,Schizophrenic and psychotic disorders,Male,Agegroup:18–24years–95%CI,183.0,183,196,Hospitalization
2022–2023,Schizophrenic and psychotic disorders,Total,Agegroup:18–24years–95%CI,139.0,139,147,Hospitalization
2022–2023,Mood disorders,Female,Agegroup:18–24years–95%CI,201.0,201,215,Hospitalization
2022–2023,Mood disorders,Male,Agegroup:18–24years–95%CI,134.0,134,145,Hospitalization
2022–2023,Mood disorders,Total,Agegroup:18–24years–95%CI,168.0,168,177,Hospitalization
2022–2023,Anxiety disorders,Female,Agegroup:18–24years–95%CI,33.0,33,39,Hospitalization
2022–2023,Anxiety disorders,Male,Agegroup:18–24years–95%CI,18.0,18,22,Hospitalization
2022–2023,Anxiety disorders,Total,Agegroup:18–24years–95%CI,26.0,26,30,Hospitalization
2022–2023,Personality disorders,Female,Agegroup:18–24years–95%CI,133.0,133,145,Hospitalization
2022–2023,Personality disorders,Male,Agegroup:18–24years–95%CI,36.0,36,42,Hospitalization
2022–2023,Personality disorders,Total,Agegroup:18–24years–95%CI,84.0,84,90,Hospitalization
2022–2023,Other disorders,Female,Agegroup:18–24years–95%CI,161.0,161,174,Hospitalization
2022–2023,Other disorders,Male,Agegroup:18–24years–95%CI,95.0,95,104,Hospitalization
2022–2023,Other disorders,Total,Agegroup:18–24years–95%CI,128.0,128,136,Hospitalization
2022–2023,   Trauma- and stressor-related disorders,Female,Agegroup:18–24years–95%CI,90.0,90,100,Hospitalization
2022–2023,   Trauma- and stressor-related disorders,Male,Agegroup:18–24years–95%CI,50.0,50,57,Hospitalization
2022–2023,   Trauma- and stressor-related disorders,Total,Agegroup:18–24years–95%CI,71.0,71,76,Hospitalization
2022–2023,"   Disruptive, impulse control and conduct disorders",Female,Agegroup:18–24years–95%CI,3.0,3,5,Hospitalization
2022–2023,"   Disruptive, impulse control and conduct disorders",Male,Agegroup:18–24years–95%CI,5.0,5,7,Hospitalization
2022–2023,"   Disruptive, impulse control and conduct disorders",Total,Agegroup:18–24years–95%CI,4.0,4,6,Hospitalization
2022–2023,   Eating and feeding disorders,Female,Agegroup:18–24years–95%CI,18.0,18,22,Hospitalization
2022–2023,   Eating and feeding disorders,Male,Agegroup:18–24years–95%CI,1.0,1,2,Hospitalization
2022–2023,   Eating and feeding disorders,Total,Agegroup:18–24years–95%CI,9.0,9,12,Hospitalization
2022–2023,   Tic disorders,Female,Agegroup:18–24years–95%CI,0.0,0,0,Hospitalization
2022–2023,   Tic disorders,Male,Agegroup:18–24years–95%CI,0.0,0,1,Hospitalization
2022–2023,   Tic disorders,Total,Agegroup:18–24years–95%CI,0.0,0,1,Hospitalization
2022–2023,   ADHD,Female,Agegroup:18–24years–95%CI,2.0,2,4,Hospitalization
2022–2023,   ADHD,Male,Agegroup:18–24years–95%CI,2.0,2,4,Hospitalization
2022–2023,   ADHD,Total,Agegroup:18–24years–95%CI,3.0,3,4,Hospitalization
2023–2024,Neurocognitive disorders,Female,Agegroup:18–24years–95%CI,1.0,1,2,Hospitalization
2023–2024,Neurocognitive disorders,Male,Agegroup:18–24years–95%CI,1.0,1,2,Hospitalization
2023–2024,Neurocognitive disorders,Total,Agegroup:18–24years–95%CI,1.0,1,2,Hospitalization
2023–2024,Substance-related disorders,Female,Agegroup:18–24years–95%CI,91.0,91,100,Hospitalization
2023–2024,Substance-related disorders,Male,Agegroup:18–24years–95%CI,122.0,122,132,Hospitalization
2023–2024,Substance-related disorders,Total,Agegroup:18–24years–95%CI,109.0,109,116,Hospitalization
2023–2024,Schizophrenic and psychotic disorders,Female,Agegroup:18–24years–95%CI,80.0,80,89,Hospitalization
2023–2024,Schizophrenic and psychotic disorders,Male,Agegroup:18–24years–95%CI,163.0,163,175,Hospitalization
2023–2024,Schizophrenic and psychotic disorders,Total,Agegroup:18–24years–95%CI,125.0,125,132,Hospitalization
2023–2024,Mood disorders,Female,Agegroup:18–24years–95%CI,164.0,164,176,Hospitalization
2023–2024,Mood disorders,Male,Agegroup:18–24years–95%CI,108.0,108,118,Hospitalization
2023–2024,Mood disorders,Total,Agegroup:18–24years–95%CI,136.0,136,144,Hospitalization
2023–2024,Anxiety disorders,Female,Agegroup:18–24years–95%CI,25.0,25,30,Hospitalization
2023–2024,Anxiety disorders,Male,Agegroup:18–24years–95%CI,15.0,15,18,Hospitalization
2023–2024,Anxiety disorders,Total,Agegroup:18–24years–95%CI,20.0,20,23,Hospitalization
2023–2024,Personality disorders,Female,Agegroup:18–24years–95%CI,114.0,114,125,Hospitalization
2023–2024,Personality disorders,Male,Agegroup:18–24years–95%CI,32.0,32,38,Hospitalization
2023–2024,Personality disorders,Total,Agegroup:18–24years–95%CI,73.0,73,78,Hospitalization
2023–2024,Other disorders,Female,Agegroup:18–24years–95%CI,150.0,150,162,Hospitalization
2023–2024,Other disorders,Male,Agegroup:18–24years–95%CI,90.0,90,99,Hospitalization
2023–2024,Other disorders,Total,Agegroup:18–24years–95%CI,120.0,120,128,Hospitalization
2023–2024,   Trauma- and stressor-related disorders,Female,Agegroup:18–24years–95%CI,86.0,86,95,Hospitalization
2023–2024,   Trauma- and stressor-related disorders,Male,Agegroup:18–24years–95%CI,48.0,48,55,Hospitalization
2023–2024,   Trauma- and stressor-related disorders,Total,Agegroup:18–24years–95%CI,67.0,67,73,Hospitalization
2023–2024,"   Disruptive, impulse control and conduct disorders",Female,Agegroup:18–24years–95%CI,3.0,3,4,Hospitalization
2023–2024,"   Disruptive, impulse control and conduct disorders",Male,Agegroup:18–24years–95%CI,4.0,4,6,Hospitalization
2023–2024,"   Disruptive, impulse control and conduct disorders",Total,Agegroup:18–24years–95%CI,3.0,3,5,Hospitalization
2023–2024,   Eating and feeding disorders,Female,Agegroup:18–24years–95%CI,15.0,15,19,Hospitalization
2023–2024,   Eating and feeding disorders,Male,Agegroup:18–24years–95%CI,1.0,1,2,Hospitalization
2023–2024,   Eating and feeding disorders,Total,Agegroup:18–24years–95%CI,8.0,8,10,Hospitalization
2023–2024,   Tic disorders,Female,Agegroup:18–24years–95%CI,0.0,0,0,Hospitalization
2023–2024,   Tic disorders,Male,Agegroup:18–24years–95%CI,0.0,0,0,Hospitalization
2023–2024,   Tic disorders,Total,Agegroup:18–24years–95%CI,0.0,0,0,Hospitalization
2023–2024,   ADHD,Female,Agegroup:18–24years–95%CI,1.0,1,2,Hospitalization
2023–2024,   ADHD,Male,Agegroup:18–24years–95%CI,3.0,3,5,Hospitalization
2023–2024,   ADHD,Total,Agegroup:18–24years–95%CI,2.0,2,3,Hospitalization
2018–2019,Neurocognitive disorders,Female,Agegroup:5–24years–Rate,1.5,,,Hospitalization
2018–2019,Neurocognitive disorders,Male,Agegroup:5–24years–Rate,1.5,,,Hospitalization
2018–2019,Neurocognitive disorders,Total,Agegroup:5–24years–Rate,1.5,,,Hospitalization
2018–2019,Substance-related disorders,Female,Agegroup:5–24years–Rate,55.8,,,Hospitalization
2018–2019,Substance-related disorders,Male,Agegroup:5–24years–Rate,83.8,,,Hospitalization
2018–2019,Substance-related disorders,Total,Agegroup:5–24years–Rate,70.2,,,Hospitalization
2018–2019,Schizophrenic and psychotic disorders,Female,Agegroup:5–24years–Rate,40.5,,,Hospitalization
2018–2019,Schizophrenic and psychotic disorders,Male,Agegroup:5–24years–Rate,101.7,,,Hospitalization
2018–2019,Schizophrenic and psychotic disorders,Total,Agegroup:5–24years–Rate,72.0,,,Hospitalization
2018–2019,Mood disorders,Female,Agegroup:5–24years–Rate,200.1,,,Hospitalization
2018–2019,Mood disorders,Male,Agegroup:5–24years–Rate,108.0,,,Hospitalization
2018–2019,Mood disorders,Total,Agegroup:5–24years–Rate,152.6,,,Hospitalization
2018–2019,Anxiety disorders,Female,Agegroup:5–24years–Rate,54.1,,,Hospitalization
2018–2019,Anxiety disorders,Male,Agegroup:5–24years–Rate,25.3,,,Hospitalization
2018–2019,Anxiety disorders,Total,Agegroup:5–24years–Rate,39.2,,,Hospitalization
2018–2019,Personality disorders,Female,Agegroup:5–24years–Rate,69.3,,,Hospitalization
2018–2019,Personality disorders,Male,Agegroup:5–24years–Rate,19.3,,,Hospitalization
2018–2019,Personality disorders,Total,Agegroup:5–24years–Rate,43.5,,,Hospitalization
2018–2019,Other disorders,Female,Agegroup:5–24years–Rate,208.4,,,Hospitalization
2018–2019,Other disorders,Male,Agegroup:5–24years–Rate,124.8,,,Hospitalization
2018–2019,Other disorders,Total,Agegroup:5–24years–Rate,165.4,,,Hospitalization
2018–2019,   Trauma- and stressor-related disorders,Female,Agegroup:5–24years–Rate,123.8,,,Hospitalization
2018–2019,   Trauma- and stressor-related disorders,Male,Agegroup:5–24years–Rate,58.7,,,Hospitalization
2018–2019,   Trauma- and stressor-related disorders,Total,Agegroup:5–24years–Rate,90.3,,,Hospitalization
2018–2019,"   Disruptive, impulse control and conduct disorders",Female,Agegroup:5–24years–Rate,14.9,,,Hospitalization
2018–2019,"   Disruptive, impulse control and conduct disorders",Male,Agegroup:5–24years–Rate,18.8,,,Hospitalization
2018–2019,"   Disruptive, impulse control and conduct disorders",Total,Agegroup:5–24years–Rate,16.9,,,Hospitalization
2018–2019,   Eating and feeding disorders,Female,Agegroup:5–24years–Rate,27.1,,,Hospitalization
2018–2019,   Eating and feeding disorders,Male,Agegroup:5–24years–Rate,3.1,,,Hospitalization
2018–2019,   Eating and feeding disorders,Total,Agegroup:5–24years–Rate,14.7,,,Hospitalization
2018–2019,   Tic disorders,Female,Agegroup:5–24years–Rate,0.7,,,Hospitalization
2018–2019,   Tic disorders,Male,Agegroup:5–24years–Rate,1.1,,,Hospitalization
2018–2019,   Tic disorders,Total,Agegroup:5–24years–Rate,0.9,,,Hospitalization
2018–2019,   ADHD,Female,Agegroup:5–24years–Rate,9.6,,,Hospitalization
2018–2019,   ADHD,Male,Agegroup:5–24years–Rate,16.4,,,Hospitalization
2018–2019,   ADHD,Total,Agegroup:5–24years–Rate,13.1,,,Hospitalization
2019–2020,Neurocognitive disorders,Female,Agegroup:5–24years–Rate,0.9,,,Hospitalization
2019–2020,Neurocognitive disorders,Male,Agegroup:5–24years–Rate,1.6,,,Hospitalization
2019–2020,Neurocognitive disorders,Total,Agegroup:5–24years–Rate,1.2,,,Hospitalization
2019–2020,Substance-related disorders,Female,Agegroup:5–24years–Rate,54.0,,,Hospitalization
2019–2020,Substance-related disorders,Male,Agegroup:5–24years–Rate,82.3,,,Hospitalization
2019–2020,Substance-related disorders,Total,Agegroup:5–24years–Rate,68.6,,,Hospitalization
2019–2020,Schizophrenic and psychotic disorders,Female,Agegroup:5–24years–Rate,40.5,,,Hospitalization
2019–2020,Schizophrenic and psychotic disorders,Male,Agegroup:5–24years–Rate,96.4,,,Hospitalization
2019–2020,Schizophrenic and psychotic disorders,Total,Agegroup:5–24years–Rate,69.3,,,Hospitalization
2019–2020,Mood disorders,Female,Agegroup:5–24years–Rate,184.4,,,Hospitalization
2019–2020,Mood disorders,Male,Agegroup:5–24years–Rate,102.2,,,Hospitalization
2019–2020,Mood disorders,Total,Agegroup:5–24years–Rate,142.0,,,Hospitalization
2019–2020,Anxiety disorders,Female,Agegroup:5–24years–Rate,54.3,,,Hospitalization
2019–2020,Anxiety disorders,Male,Agegroup:5–24years–Rate,23.5,,,Hospitalization
2019–2020,Anxiety disorders,Total,Agegroup:5–24years–Rate,38.5,,,Hospitalization
2019–2020,Personality disorders,Female,Agegroup:5–24years–Rate,65.6,,,Hospitalization
2019–2020,Personality disorders,Male,Agegroup:5–24years–Rate,18.0,,,Hospitalization
2019–2020,Personality disorders,Total,Agegroup:5–24years–Rate,41.1,,,Hospitalization
2019–2020,Other disorders,Female,Agegroup:5–24years–Rate,200.6,,,Hospitalization
2019–2020,Other disorders,Male,Agegroup:5–24years–Rate,122.8,,,Hospitalization
2019–2020,Other disorders,Total,Agegroup:5–24years–Rate,160.5,,,Hospitalization
2019–2020,   Trauma- and stressor-related disorders,Female,Agegroup:5–24years–Rate,116.6,,,Hospitalization
2019–2020,   Trauma- and stressor-related disorders,Male,Agegroup:5–24years–Rate,55.8,,,Hospitalization
2019–2020,   Trauma- and stressor-related disorders,Total,Agegroup:5–24years–Rate,85.3,,,Hospitalization
2019–2020,"   Disruptive, impulse control and conduct disorders",Female,Agegroup:5–24years–Rate,13.5,,,Hospitalization
2019–2020,"   Disruptive, impulse control and conduct disorders",Male,Agegroup:5–24years–Rate,18.9,,,Hospitalization
2019–2020,"   Disruptive, impulse control and conduct disorders",Total,Agegroup:5–24years–Rate,16.3,,,Hospitalization
2019–2020,   Eating and feeding disorders,Female,Agegroup:5–24years–Rate,27.6,,,Hospitalization
2019–2020,   Eating and feeding disorders,Male,Agegroup:5–24years–Rate,2.9,,,Hospitalization
2019–2020,   Eating and feeding disorders,Total,Agegroup:5–24years–Rate,14.9,,,Hospitalization
2019–2020,   Tic disorders,Female,Agegroup:5–24years–Rate,0.5,,,Hospitalization
2019–2020,   Tic disorders,Male,Agegroup:5–24years–Rate,1.2,,,Hospitalization
2019–2020,   Tic disorders,Total,Agegroup:5–24years–Rate,0.9,,,Hospitalization
2019–2020,   ADHD,Female,Agegroup:5–24years–Rate,9.7,,,Hospitalization
2019–2020,   ADHD,Male,Agegroup:5–24years–Rate,16.5,,,Hospitalization
2019–2020,   ADHD,Total,Agegroup:5–24years–Rate,13.2,,,Hospitalization
2020–2021,Neurocognitive disorders,Female,Agegroup:5–24years–Rate,1.1,,,Hospitalization
2020–2021,Neurocognitive disorders,Male,Agegroup:5–24years–Rate,1.1,,,Hospitalization
2020–2021,Neurocognitive disorders,Total,Agegroup:5–24years–Rate,1.1,,,Hospitalization
2020–2021,Substance-related disorders,Female,Agegroup:5–24years–Rate,54.5,,,Hospitalization
2020–2021,Substance-related disorders,Male,Agegroup:5–24years–Rate,81.6,,,Hospitalization
2020–2021,Substance-related disorders,Total,Agegroup:5–24years–Rate,68.5,,,Hospitalization
2020–2021,Schizophrenic and psychotic disorders,Female,Agegroup:5–24years–Rate,43.7,,,Hospitalization
2020–2021,Schizophrenic and psychotic disorders,Male,Agegroup:5–24years–Rate,94.6,,,Hospitalization
2020–2021,Schizophrenic and psychotic disorders,Total,Agegroup:5–24years–Rate,69.9,,,Hospitalization
2020–2021,Mood disorders,Female,Agegroup:5–24years–Rate,173.9,,,Hospitalization
2020–2021,Mood disorders,Male,Agegroup:5–24years–Rate,81.7,,,Hospitalization
2020–2021,Mood disorders,Total,Agegroup:5–24years–Rate,126.4,,,Hospitalization
2020–2021,Anxiety disorders,Female,Agegroup:5–24years–Rate,51.1,,,Hospitalization
2020–2021,Anxiety disorders,Male,Agegroup:5–24years–Rate,19.6,,,Hospitalization
2020–2021,Anxiety disorders,Total,Agegroup:5–24years–Rate,34.9,,,Hospitalization
2020–2021,Personality disorders,Female,Agegroup:5–24years–Rate,64.9,,,Hospitalization
2020–2021,Personality disorders,Male,Agegroup:5–24years–Rate,16.6,,,Hospitalization
2020–2021,Personality disorders,Total,Agegroup:5–24years–Rate,40.0,,,Hospitalization
2020–2021,Other disorders,Female,Agegroup:5–24years–Rate,191.9,,,Hospitalization
2020–2021,Other disorders,Male,Agegroup:5–24years–Rate,92.9,,,Hospitalization
2020–2021,Other disorders,Total,Agegroup:5–24years–Rate,140.9,,,Hospitalization
2020–2021,   Trauma- and stressor-related disorders,Female,Agegroup:5–24years–Rate,104.1,,,Hospitalization
2020–2021,   Trauma- and stressor-related disorders,Male,Agegroup:5–24years–Rate,42.6,,,Hospitalization
2020–2021,   Trauma- and stressor-related disorders,Total,Agegroup:5–24years–Rate,72.4,,,Hospitalization
2020–2021,"   Disruptive, impulse control and conduct disorders",Female,Agegroup:5–24years–Rate,10.1,,,Hospitalization
2020–2021,"   Disruptive, impulse control and conduct disorders",Male,Agegroup:5–24years–Rate,12.8,,,Hospitalization
2020–2021,"   Disruptive, impulse control and conduct disorders",Total,Agegroup:5–24years–Rate,11.5,,,Hospitalization
2020–2021,   Eating and feeding disorders,Female,Agegroup:5–24years–Rate,38.5,,,Hospitalization
2020–2021,   Eating and feeding disorders,Male,Agegroup:5–24years–Rate,3.3,,,Hospitalization
2020–2021,   Eating and feeding disorders,Total,Agegroup:5–24years–Rate,20.4,,,Hospitalization
2020–2021,   Tic disorders,Female,Agegroup:5–24years–Rate,1.1,,,Hospitalization
2020–2021,   Tic disorders,Male,Agegroup:5–24years–Rate,1.0,,,Hospitalization
2020–2021,   Tic disorders,Total,Agegroup:5–24years–Rate,1.0,,,Hospitalization
2020–2021,   ADHD,Female,Agegroup:5–24years–Rate,9.5,,,Hospitalization
2020–2021,   ADHD,Male,Agegroup:5–24years–Rate,13.0,,,Hospitalization
2020–2021,   ADHD,Total,Agegroup:5–24years–Rate,11.3,,,Hospitalization
2021–2022,Neurocognitive disorders,Female,Agegroup:5–24years–Rate,1.0,,,Hospitalization
2021–2022,Neurocognitive disorders,Male,Agegroup:5–24years–Rate,1.5,,,Hospitalization
2021–2022,Neurocognitive disorders,Total,Agegroup:5–24years–Rate,1.3,,,Hospitalization
2021–2022,Substance-related disorders,Female,Agegroup:5–24years–Rate,53.2,,,Hospitalization
2021–2022,Substance-related disorders,Male,Agegroup:5–24years–Rate,71.6,,,Hospitalization
2021–2022,Substance-related disorders,Total,Agegroup:5–24years–Rate,62.7,,,Hospitalization
2021–2022,Schizophrenic and psychotic disorders,Female,Agegroup:5–24years–Rate,45.6,,,Hospitalization
2021–2022,Schizophrenic and psychotic disorders,Male,Agegroup:5–24years–Rate,94.1,,,Hospitalization
2021–2022,Schizophrenic and psychotic disorders,Total,Agegroup:5–24years–Rate,70.6,,,Hospitalization
2021–2022,Mood disorders,Female,Agegroup:5–24years–Rate,205.3,,,Hospitalization
2021–2022,Mood disorders,Male,Agegroup:5–24years–Rate,86.1,,,Hospitalization
2021–2022,Mood disorders,Total,Agegroup:5–24years–Rate,143.9,,,Hospitalization
2021–2022,Anxiety disorders,Female,Agegroup:5–24years–Rate,64.0,,,Hospitalization
2021–2022,Anxiety disorders,Male,Agegroup:5–24years–Rate,19.9,,,Hospitalization
2021–2022,Anxiety disorders,Total,Agegroup:5–24years–Rate,41.2,,,Hospitalization
2021–2022,Personality disorders,Female,Agegroup:5–24years–Rate,77.7,,,Hospitalization
2021–2022,Personality disorders,Male,Agegroup:5–24years–Rate,18.4,,,Hospitalization
2021–2022,Personality disorders,Total,Agegroup:5–24years–Rate,47.2,,,Hospitalization
2021–2022,Other disorders,Female,Agegroup:5–24years–Rate,232.7,,,Hospitalization
2021–2022,Other disorders,Male,Agegroup:5–24years–Rate,101.8,,,Hospitalization
2021–2022,Other disorders,Total,Agegroup:5–24years–Rate,165.2,,,Hospitalization
2021–2022,   Trauma- and stressor-related disorders,Female,Agegroup:5–24years–Rate,122.9,,,Hospitalization
2021–2022,   Trauma- and stressor-related disorders,Male,Agegroup:5–24years–Rate,45.2,,,Hospitalization
2021–2022,   Trauma- and stressor-related disorders,Total,Agegroup:5–24years–Rate,82.8,,,Hospitalization
2021–2022,"   Disruptive, impulse control and conduct disorders",Female,Agegroup:5–24years–Rate,12.6,,,Hospitalization
2021–2022,"   Disruptive, impulse control and conduct disorders",Male,Agegroup:5–24years–Rate,13.8,,,Hospitalization
2021–2022,"   Disruptive, impulse control and conduct disorders",Total,Agegroup:5–24years–Rate,13.2,,,Hospitalization
2021–2022,   Eating and feeding disorders,Female,Agegroup:5–24years–Rate,47.6,,,Hospitalization
2021–2022,   Eating and feeding disorders,Male,Agegroup:5–24years–Rate,4.2,,,Hospitalization
2021–2022,   Eating and feeding disorders,Total,Agegroup:5–24years–Rate,25.2,,,Hospitalization
2021–2022,   Tic disorders,Female,Agegroup:5–24years–Rate,1.1,,,Hospitalization
2021–2022,   Tic disorders,Male,Agegroup:5–24years–Rate,0.8,,,Hospitalization
2021–2022,   Tic disorders,Total,Agegroup:5–24years–Rate,1.0,,,Hospitalization
2021–2022,   ADHD,Female,Agegroup:5–24years–Rate,12.4,,,Hospitalization
2021–2022,   ADHD,Male,Agegroup:5–24years–Rate,14.1,,,Hospitalization
2021–2022,   ADHD,Total,Agegroup:5–24years–Rate,13.3,,,Hospitalization
2022–2023,Neurocognitive disorders,Female,Agegroup:5–24years–Rate,0.9,,,Hospitalization
2022–2023,Neurocognitive disorders,Male,Agegroup:5–24years–Rate,1.2,,,Hospitalization
2022–2023,Neurocognitive disorders,Total,Agegroup:5–24years–Rate,1.0,,,Hospitalization
2022–2023,Substance-related disorders,Female,Agegroup:5–24years–Rate,50.0,,,Hospitalization
2022–2023,Substance-related disorders,Male,Agegroup:5–24years–Rate,63.9,,,Hospitalization
2022–2023,Substance-related disorders,Total,Agegroup:5–24years–Rate,57.2,,,Hospitalization
2022–2023,Schizophrenic and psychotic disorders,Female,Agegroup:5–24years–Rate,43.0,,,Hospitalization
2022–2023,Schizophrenic and psychotic disorders,Male,Agegroup:5–24years–Rate,82.9,,,Hospitalization
2022–2023,Schizophrenic and psychotic disorders,Total,Agegroup:5–24years–Rate,63.6,,,Hospitalization
2022–2023,Mood disorders,Female,Agegroup:5–24years–Rate,162.2,,,Hospitalization
2022–2023,Mood disorders,Male,Agegroup:5–24years–Rate,79.3,,,Hospitalization
2022–2023,Mood disorders,Total,Agegroup:5–24years–Rate,119.5,,,Hospitalization
2022–2023,Anxiety disorders,Female,Agegroup:5–24years–Rate,49.6,,,Hospitalization
2022–2023,Anxiety disorders,Male,Agegroup:5–24years–Rate,17.3,,,Hospitalization
2022–2023,Anxiety disorders,Total,Agegroup:5–24years–Rate,33.0,,,Hospitalization
2022–2023,Personality disorders,Female,Agegroup:5–24years–Rate,76.3,,,Hospitalization
2022–2023,Personality disorders,Male,Agegroup:5–24years–Rate,18.1,,,Hospitalization
2022–2023,Personality disorders,Total,Agegroup:5–24years–Rate,46.3,,,Hospitalization
2022–2023,Other disorders,Female,Agegroup:5–24years–Rate,197.5,,,Hospitalization
2022–2023,Other disorders,Male,Agegroup:5–24years–Rate,95.4,,,Hospitalization
2022–2023,Other disorders,Total,Agegroup:5–24years–Rate,144.8,,,Hospitalization
2022–2023,   Trauma- and stressor-related disorders,Female,Agegroup:5–24years–Rate,104.2,,,Hospitalization
2022–2023,   Trauma- and stressor-related disorders,Male,Agegroup:5–24years–Rate,41.4,,,Hospitalization
2022–2023,   Trauma- and stressor-related disorders,Total,Agegroup:5–24years–Rate,71.8,,,Hospitalization
2022–2023,"   Disruptive, impulse control and conduct disorders",Female,Agegroup:5–24years–Rate,11.0,,,Hospitalization
2022–2023,"   Disruptive, impulse control and conduct disorders",Male,Agegroup:5–24years–Rate,11.9,,,Hospitalization
2022–2023,"   Disruptive, impulse control and conduct disorders",Total,Agegroup:5–24years–Rate,11.5,,,Hospitalization
2022–2023,   Eating and feeding disorders,Female,Agegroup:5–24years–Rate,37.7,,,Hospitalization
2022–2023,   Eating and feeding disorders,Male,Agegroup:5–24years–Rate,4.4,,,Hospitalization
2022–2023,   Eating and feeding disorders,Total,Agegroup:5–24years–Rate,20.6,,,Hospitalization
2022–2023,   Tic disorders,Female,Agegroup:5–24years–Rate,0.4,,,Hospitalization
2022–2023,   Tic disorders,Male,Agegroup:5–24years–Rate,0.8,,,Hospitalization
2022–2023,   Tic disorders,Total,Agegroup:5–24years–Rate,0.6,,,Hospitalization
2022–2023,   ADHD,Female,Agegroup:5–24years–Rate,13.2,,,Hospitalization
2022–2023,   ADHD,Male,Agegroup:5–24years–Rate,12.7,,,Hospitalization
2022–2023,   ADHD,Total,Agegroup:5–24years–Rate,12.9,,,Hospitalization
2023–2024,Neurocognitive disorders,Female,Agegroup:5–24years–Rate,0.9,,,Hospitalization
2023–2024,Neurocognitive disorders,Male,Agegroup:5–24years–Rate,1.0,,,Hospitalization
2023–2024,Neurocognitive disorders,Total,Agegroup:5–24years–Rate,1.0,,,Hospitalization
2023–2024,Substance-related disorders,Female,Agegroup:5–24years–Rate,47.1,,,Hospitalization
2023–2024,Substance-related disorders,Male,Agegroup:5–24years–Rate,59.0,,,Hospitalization
2023–2024,Substance-related disorders,Total,Agegroup:5–24years–Rate,53.3,,,Hospitalization
2023–2024,Schizophrenic and psychotic disorders,Female,Agegroup:5–24years–Rate,40.8,,,Hospitalization
2023–2024,Schizophrenic and psychotic disorders,Male,Agegroup:5–24years–Rate,75.7,,,Hospitalization
2023–2024,Schizophrenic and psychotic disorders,Total,Agegroup:5–24years–Rate,58.9,,,Hospitalization
2023–2024,Mood disorders,Female,Agegroup:5–24years–Rate,134.3,,,Hospitalization
2023–2024,Mood disorders,Male,Agegroup:5–24years–Rate,67.8,,,Hospitalization
2023–2024,Mood disorders,Total,Agegroup:5–24years–Rate,99.9,,,Hospitalization
2023–2024,Anxiety disorders,Female,Agegroup:5–24years–Rate,38.4,,,Hospitalization
2023–2024,Anxiety disorders,Male,Agegroup:5–24years–Rate,14.2,,,Hospitalization
2023–2024,Anxiety disorders,Total,Agegroup:5–24years–Rate,25.9,,,Hospitalization
2023–2024,Personality disorders,Female,Agegroup:5–24years–Rate,65.7,,,Hospitalization
2023–2024,Personality disorders,Male,Agegroup:5–24years–Rate,16.0,,,Hospitalization
2023–2024,Personality disorders,Total,Agegroup:5–24years–Rate,40.0,,,Hospitalization
2023–2024,Other disorders,Female,Agegroup:5–24years–Rate,186.0,,,Hospitalization
2023–2024,Other disorders,Male,Agegroup:5–24years–Rate,96.4,,,Hospitalization
2023–2024,Other disorders,Total,Agegroup:5–24years–Rate,139.7,,,Hospitalization
2023–2024,   Trauma- and stressor-related disorders,Female,Agegroup:5–24years–Rate,99.7,,,Hospitalization
2023–2024,   Trauma- and stressor-related disorders,Male,Agegroup:5–24years–Rate,40.9,,,Hospitalization
2023–2024,   Trauma- and stressor-related disorders,Total,Agegroup:5–24years–Rate,69.3,,,Hospitalization
2023–2024,"   Disruptive, impulse control and conduct disorders",Female,Agegroup:5–24years–Rate,11.1,,,Hospitalization
2023–2024,"   Disruptive, impulse control and conduct disorders",Male,Agegroup:5–24years–Rate,11.4,,,Hospitalization
2023–2024,"   Disruptive, impulse control and conduct disorders",Total,Agegroup:5–24years–Rate,11.3,,,Hospitalization
2023–2024,   Eating and feeding disorders,Female,Agegroup:5–24years–Rate,34.3,,,Hospitalization
2023–2024,   Eating and feeding disorders,Male,Agegroup:5–24years–Rate,4.1,,,Hospitalization
2023–2024,   Eating and feeding disorders,Total,Agegroup:5–24years–Rate,18.7,,,Hospitalization
2023–2024,   Tic disorders,Female,Agegroup:5–24years–Rate,0.6,,,Hospitalization
2023–2024,   Tic disorders,Male,Agegroup:5–24years–Rate,0.6,,,Hospitalization
2023–2024,   Tic disorders,Total,Agegroup:5–24years–Rate,0.6,,,Hospitalization
2023–2024,   ADHD,Female,Agegroup:5–24years–Rate,12.3,,,Hospitalization
2023–2024,   ADHD,Male,Agegroup:5–24years–Rate,14.4,,,Hospitalization
2023–2024,   ADHD,Total,Agegroup:5–24years–Rate,13.4,,,Hospitalization
2018–2019,Neurocognitive disorders,Female,Agegroup:5–24years–95%CI,1.0,1,2,Hospitalization
2018–2019,Neurocognitive disorders,Male,Agegroup:5–24years–95%CI,1.0,1,2,Hospitalization
2018–2019,Neurocognitive disorders,Total,Agegroup:5–24years–95%CI,1.0,1,2,Hospitalization
2018–2019,Substance-related disorders,Female,Agegroup:5–24years–95%CI,53.0,53,58,Hospitalization
2018–2019,Substance-related disorders,Male,Agegroup:5–24years–95%CI,81.0,81,87,Hospitalization
2018–2019,Substance-related disorders,Total,Agegroup:5–24years–95%CI,68.0,68,72,Hospitalization
2018–2019,Schizophrenic and psychotic disorders,Female,Agegroup:5–24years–95%CI,39.0,39,42,Hospitalization
2018–2019,Schizophrenic and psychotic disorders,Male,Agegroup:5–24years–95%CI,99.0,99,105,Hospitalization
2018–2019,Schizophrenic and psychotic disorders,Total,Agegroup:5–24years–95%CI,70.0,70,74,Hospitalization
2018–2019,Mood disorders,Female,Agegroup:5–24years–95%CI,196.0,196,204,Hospitalization
2018–2019,Mood disorders,Male,Agegroup:5–24years–95%CI,105.0,105,111,Hospitalization
2018–2019,Mood disorders,Total,Agegroup:5–24years–95%CI,150.0,150,155,Hospitalization
2018–2019,Anxiety disorders,Female,Agegroup:5–24years–95%CI,52.0,52,56,Hospitalization
2018–2019,Anxiety disorders,Male,Agegroup:5–24years–95%CI,24.0,24,27,Hospitalization
2018–2019,Anxiety disorders,Total,Agegroup:5–24years–95%CI,38.0,38,41,Hospitalization
2018–2019,Personality disorders,Female,Agegroup:5–24years–95%CI,67.0,67,72,Hospitalization
2018–2019,Personality disorders,Male,Agegroup:5–24years–95%CI,18.0,18,21,Hospitalization
2018–2019,Personality disorders,Total,Agegroup:5–24years–95%CI,42.0,42,45,Hospitalization
2018–2019,Other disorders,Female,Agegroup:5–24years–95%CI,204.0,204,213,Hospitalization
2018–2019,Other disorders,Male,Agegroup:5–24years–95%CI,122.0,122,128,Hospitalization
2018–2019,Other disorders,Total,Agegroup:5–24years–95%CI,163.0,163,168,Hospitalization
2018–2019,   Trauma- and stressor-related disorders,Female,Agegroup:5–24years–95%CI,120.0,120,127,Hospitalization
2018–2019,   Trauma- and stressor-related disorders,Male,Agegroup:5–24years–95%CI,56.0,56,61,Hospitalization
2018–2019,   Trauma- and stressor-related disorders,Total,Agegroup:5–24years–95%CI,88.0,88,92,Hospitalization
2018–2019,"   Disruptive, impulse control and conduct disorders",Female,Agegroup:5–24years–95%CI,14.0,14,16,Hospitalization
2018–2019,"   Disruptive, impulse control and conduct disorders",Male,Agegroup:5–24years–95%CI,18.0,18,20,Hospitalization
2018–2019,"   Disruptive, impulse control and conduct disorders",Total,Agegroup:5–24years–95%CI,16.0,16,18,Hospitalization
2018–2019,   Eating and feeding disorders,Female,Agegroup:5–24years–95%CI,26.0,26,29,Hospitalization
2018–2019,   Eating and feeding disorders,Male,Agegroup:5–24years–95%CI,3.0,3,4,Hospitalization
2018–2019,   Eating and feeding disorders,Total,Agegroup:5–24years–95%CI,14.0,14,16,Hospitalization
2018–2019,   Tic disorders,Female,Agegroup:5–24years–95%CI,0.0,0,1,Hospitalization
2018–2019,   Tic disorders,Male,Agegroup:5–24years–95%CI,1.0,1,1,Hospitalization
2018–2019,   Tic disorders,Total,Agegroup:5–24years–95%CI,1.0,1,1,Hospitalization
2018–2019,   ADHD,Female,Agegroup:5–24years–95%CI,9.0,9,11,Hospitalization
2018–2019,   ADHD,Male,Agegroup:5–24years–95%CI,15.0,15,18,Hospitalization
2018–2019,   ADHD,Total,Agegroup:5–24years–95%CI,12.0,12,14,Hospitalization
2019–2020,Neurocognitive disorders,Female,Agegroup:5–24years–95%CI,1.0,1,1,Hospitalization
2019–2020,Neurocognitive disorders,Male,Agegroup:5–24years–95%CI,1.0,1,2,Hospitalization
2019–2020,Neurocognitive disorders,Total,Agegroup:5–24years–95%CI,1.0,1,1,Hospitalization
2019–2020,Substance-related disorders,Female,Agegroup:5–24years–95%CI,52.0,52,56,Hospitalization
2019–2020,Substance-related disorders,Male,Agegroup:5–24years–95%CI,80.0,80,85,Hospitalization
2019–2020,Substance-related disorders,Total,Agegroup:5–24years–95%CI,67.0,67,70,Hospitalization
2019–2020,Schizophrenic and psychotic disorders,Female,Agegroup:5–24years–95%CI,39.0,39,42,Hospitalization
2019–2020,Schizophrenic and psychotic disorders,Male,Agegroup:5–24years–95%CI,94.0,94,99,Hospitalization
2019–2020,Schizophrenic and psychotic disorders,Total,Agegroup:5–24years–95%CI,68.0,68,71,Hospitalization
2019–2020,Mood disorders,Female,Agegroup:5–24years–95%CI,180.0,180,189,Hospitalization
2019–2020,Mood disorders,Male,Agegroup:5–24years–95%CI,99.0,99,105,Hospitalization
2019–2020,Mood disorders,Total,Agegroup:5–24years–95%CI,140.0,140,145,Hospitalization
2019–2020,Anxiety disorders,Female,Agegroup:5–24years–95%CI,52.0,52,57,Hospitalization
2019–2020,Anxiety disorders,Male,Agegroup:5–24years–95%CI,22.0,22,25,Hospitalization
2019–2020,Anxiety disorders,Total,Agegroup:5–24years–95%CI,37.0,37,40,Hospitalization
2019–2020,Personality disorders,Female,Agegroup:5–24years–95%CI,63.0,63,68,Hospitalization
2019–2020,Personality disorders,Male,Agegroup:5–24years–95%CI,17.0,17,19,Hospitalization
2019–2020,Personality disorders,Total,Agegroup:5–24years–95%CI,40.0,40,42,Hospitalization
2019–2020,Other disorders,Female,Agegroup:5–24years–95%CI,196.0,196,205,Hospitalization
2019–2020,Other disorders,Male,Agegroup:5–24years–95%CI,120.0,120,126,Hospitalization
2019–2020,Other disorders,Total,Agegroup:5–24years–95%CI,158.0,158,163,Hospitalization
2019–2020,   Trauma- and stressor-related disorders,Female,Agegroup:5–24years–95%CI,113.0,113,120,Hospitalization
2019–2020,   Trauma- and stressor-related disorders,Male,Agegroup:5–24years–95%CI,54.0,54,58,Hospitalization
2019–2020,   Trauma- and stressor-related disorders,Total,Agegroup:5–24years–95%CI,83.0,83,87,Hospitalization
2019–2020,"   Disruptive, impulse control and conduct disorders",Female,Agegroup:5–24years–95%CI,12.0,12,15,Hospitalization
2019–2020,"   Disruptive, impulse control and conduct disorders",Male,Agegroup:5–24years–95%CI,18.0,18,20,Hospitalization
2019–2020,"   Disruptive, impulse control and conduct disorders",Total,Agegroup:5–24years–95%CI,15.0,15,17,Hospitalization
2019–2020,   Eating and feeding disorders,Female,Agegroup:5–24years–95%CI,26.0,26,29,Hospitalization
2019–2020,   Eating and feeding disorders,Male,Agegroup:5–24years–95%CI,2.0,2,3,Hospitalization
2019–2020,   Eating and feeding disorders,Total,Agegroup:5–24years–95%CI,14.0,14,16,Hospitalization
2019–2020,   Tic disorders,Female,Agegroup:5–24years–95%CI,0.0,0,1,Hospitalization
2019–2020,   Tic disorders,Male,Agegroup:5–24years–95%CI,1.0,1,1,Hospitalization
2019–2020,   Tic disorders,Total,Agegroup:5–24years–95%CI,1.0,1,1,Hospitalization
2019–2020,   ADHD,Female,Agegroup:5–24years–95%CI,9.0,9,11,Hospitalization
2019–2020,   ADHD,Male,Agegroup:5–24years–95%CI,15.0,15,18,Hospitalization
2019–2020,   ADHD,Total,Agegroup:5–24years–95%CI,12.0,12,14,Hospitalization
2020–2021,Neurocognitive disorders,Female,Agegroup:5–24years–95%CI,1.0,1,1,Hospitalization
2020–2021,Neurocognitive disorders,Male,Agegroup:5–24years–95%CI,1.0,1,1,Hospitalization
2020–2021,Neurocognitive disorders,Total,Agegroup:5–24years–95%CI,1.0,1,1,Hospitalization
2020–2021,Substance-related disorders,Female,Agegroup:5–24years–95%CI,52.0,52,57,Hospitalization
2020–2021,Substance-related disorders,Male,Agegroup:5–24years–95%CI,79.0,79,84,Hospitalization
2020–2021,Substance-related disorders,Total,Agegroup:5–24years–95%CI,67.0,67,70,Hospitalization
2020–2021,Schizophrenic and psychotic disorders,Female,Agegroup:5–24years–95%CI,42.0,42,46,Hospitalization
2020–2021,Schizophrenic and psychotic disorders,Male,Agegroup:5–24years–95%CI,92.0,92,97,Hospitalization
2020–2021,Schizophrenic and psychotic disorders,Total,Agegroup:5–24years–95%CI,68.0,68,72,Hospitalization
2020–2021,Mood disorders,Female,Agegroup:5–24years–95%CI,170.0,170,178,Hospitalization
2020–2021,Mood disorders,Male,Agegroup:5–24years–95%CI,79.0,79,84,Hospitalization
2020–2021,Mood disorders,Total,Agegroup:5–24years–95%CI,124.0,124,129,Hospitalization
2020–2021,Anxiety disorders,Female,Agegroup:5–24years–95%CI,49.0,49,53,Hospitalization
2020–2021,Anxiety disorders,Male,Agegroup:5–24years–95%CI,18.0,18,21,Hospitalization
2020–2021,Anxiety disorders,Total,Agegroup:5–24years–95%CI,34.0,34,36,Hospitalization
2020–2021,Personality disorders,Female,Agegroup:5–24years–95%CI,62.0,62,67,Hospitalization
2020–2021,Personality disorders,Male,Agegroup:5–24years–95%CI,15.0,15,18,Hospitalization
2020–2021,Personality disorders,Total,Agegroup:5–24years–95%CI,39.0,39,41,Hospitalization
2020–2021,Other disorders,Female,Agegroup:5–24years–95%CI,188.0,188,196,Hospitalization
2020–2021,Other disorders,Male,Agegroup:5–24years–95%CI,90.0,90,96,Hospitalization
2020–2021,Other disorders,Total,Agegroup:5–24years–95%CI,138.0,138,143,Hospitalization
2020–2021,   Trauma- and stressor-related disorders,Female,Agegroup:5–24years–95%CI,101.0,101,107,Hospitalization
2020–2021,   Trauma- and stressor-related disorders,Male,Agegroup:5–24years–95%CI,41.0,41,45,Hospitalization
2020–2021,   Trauma- and stressor-related disorders,Total,Agegroup:5–24years–95%CI,71.0,71,74,Hospitalization
2020–2021,"   Disruptive, impulse control and conduct disorders",Female,Agegroup:5–24years–95%CI,9.0,9,11,Hospitalization
2020–2021,"   Disruptive, impulse control and conduct disorders",Male,Agegroup:5–24years–95%CI,12.0,12,14,Hospitalization
2020–2021,"   Disruptive, impulse control and conduct disorders",Total,Agegroup:5–24years–95%CI,11.0,11,12,Hospitalization
2020–2021,   Eating and feeding disorders,Female,Agegroup:5–24years–95%CI,37.0,37,40,Hospitalization
2020–2021,   Eating and feeding disorders,Male,Agegroup:5–24years–95%CI,3.0,3,4,Hospitalization
2020–2021,   Eating and feeding disorders,Total,Agegroup:5–24years–95%CI,19.0,19,21,Hospitalization
2020–2021,   Tic disorders,Female,Agegroup:5–24years–95%CI,1.0,1,1,Hospitalization
2020–2021,   Tic disorders,Male,Agegroup:5–24years–95%CI,1.0,1,1,Hospitalization
2020–2021,   Tic disorders,Total,Agegroup:5–24years–95%CI,1.0,1,1,Hospitalization
2020–2021,   ADHD,Female,Agegroup:5–24years–95%CI,9.0,9,10,Hospitalization
2020–2021,   ADHD,Male,Agegroup:5–24years–95%CI,12.0,12,14,Hospitalization
2020–2021,   ADHD,Total,Agegroup:5–24years–95%CI,11.0,11,12,Hospitalization
2021–2022,Neurocognitive disorders,Female,Agegroup:5–24years–95%CI,1.0,1,1,Hospitalization
2021–2022,Neurocognitive disorders,Male,Agegroup:5–24years–95%CI,1.0,1,2,Hospitalization
2021–2022,Neurocognitive disorders,Total,Agegroup:5–24years–95%CI,1.0,1,2,Hospitalization
2021–2022,Substance-related disorders,Female,Agegroup:5–24years–95%CI,51.0,51,55,Hospitalization
2021–2022,Substance-related disorders,Male,Agegroup:5–24years–95%CI,69.0,69,74,Hospitalization
2021–2022,Substance-related disorders,Total,Agegroup:5–24years–95%CI,61.0,61,64,Hospitalization
2021–2022,Schizophrenic and psychotic disorders,Female,Agegroup:5–24years–95%CI,44.0,44,48,Hospitalization
2021–2022,Schizophrenic and psychotic disorders,Male,Agegroup:5–24years–95%CI,91.0,91,97,Hospitalization
2021–2022,Schizophrenic and psychotic disorders,Total,Agegroup:5–24years–95%CI,69.0,69,72,Hospitalization
2021–2022,Mood disorders,Female,Agegroup:5–24years–95%CI,201.0,201,210,Hospitalization
2021–2022,Mood disorders,Male,Agegroup:5–24years–95%CI,83.0,83,89,Hospitalization
2021–2022,Mood disorders,Total,Agegroup:5–24years–95%CI,141.0,141,146,Hospitalization
2021–2022,Anxiety disorders,Female,Agegroup:5–24years–95%CI,62.0,62,66,Hospitalization
2021–2022,Anxiety disorders,Male,Agegroup:5–24years–95%CI,19.0,19,21,Hospitalization
2021–2022,Anxiety disorders,Total,Agegroup:5–24years–95%CI,40.0,40,43,Hospitalization
2021–2022,Personality disorders,Female,Agegroup:5–24years–95%CI,75.0,75,80,Hospitalization
2021–2022,Personality disorders,Male,Agegroup:5–24years–95%CI,17.0,17,20,Hospitalization
2021–2022,Personality disorders,Total,Agegroup:5–24years–95%CI,46.0,46,49,Hospitalization
2021–2022,Other disorders,Female,Agegroup:5–24years–95%CI,228.0,228,237,Hospitalization
2021–2022,Other disorders,Male,Agegroup:5–24years–95%CI,99.0,99,105,Hospitalization
2021–2022,Other disorders,Total,Agegroup:5–24years–95%CI,162.0,162,168,Hospitalization
2021–2022,   Trauma- and stressor-related disorders,Female,Agegroup:5–24years–95%CI,120.0,120,126,Hospitalization
2021–2022,   Trauma- and stressor-related disorders,Male,Agegroup:5–24years–95%CI,43.0,43,47,Hospitalization
2021–2022,   Trauma- and stressor-related disorders,Total,Agegroup:5–24years–95%CI,81.0,81,85,Hospitalization
2021–2022,"   Disruptive, impulse control and conduct disorders",Female,Agegroup:5–24years–95%CI,11.0,11,14,Hospitalization
2021–2022,"   Disruptive, impulse control and conduct disorders",Male,Agegroup:5–24years–95%CI,13.0,13,15,Hospitalization
2021–2022,"   Disruptive, impulse control and conduct disorders",Total,Agegroup:5–24years–95%CI,12.0,12,14,Hospitalization
2021–2022,   Eating and feeding disorders,Female,Agegroup:5–24years–95%CI,46.0,46,50,Hospitalization
2021–2022,   Eating and feeding disorders,Male,Agegroup:5–24years–95%CI,4.0,4,5,Hospitalization
2021–2022,   Eating and feeding disorders,Total,Agegroup:5–24years–95%CI,24.0,24,26,Hospitalization
2021–2022,   Tic disorders,Female,Agegroup:5–24years–95%CI,1.0,1,1,Hospitalization
2021–2022,   Tic disorders,Male,Agegroup:5–24years–95%CI,1.0,1,1,Hospitalization
2021–2022,   Tic disorders,Total,Agegroup:5–24years–95%CI,1.0,1,1,Hospitalization
2021–2022,   ADHD,Female,Agegroup:5–24years–95%CI,11.0,11,13,Hospitalization
2021–2022,   ADHD,Male,Agegroup:5–24years–95%CI,13.0,13,15,Hospitalization
2021–2022,   ADHD,Total,Agegroup:5–24years–95%CI,13.0,13,14,Hospitalization
2022–2023,Neurocognitive disorders,Female,Agegroup:5–24years–95%CI,1.0,1,1,Hospitalization
2022–2023,Neurocognitive disorders,Male,Agegroup:5–24years–95%CI,1.0,1,1,Hospitalization
2022–2023,Neurocognitive disorders,Total,Agegroup:5–24years–95%CI,1.0,1,1,Hospitalization
2022–2023,Substance-related disorders,Female,Agegroup:5–24years–95%CI,48.0,48,52,Hospitalization
2022–2023,Substance-related disorders,Male,Agegroup:5–24years–95%CI,62.0,62,66,Hospitalization
2022–2023,Substance-related disorders,Total,Agegroup:5–24years–95%CI,56.0,56,59,Hospitalization
2022–2023,Schizophrenic and psychotic disorders,Female,Agegroup:5–24years–95%CI,41.0,41,45,Hospitalization
2022–2023,Schizophrenic and psychotic disorders,Male,Agegroup:5–24years–95%CI,80.0,80,86,Hospitalization
2022–2023,Schizophrenic and psychotic disorders,Total,Agegroup:5–24years–95%CI,62.0,62,65,Hospitalization
2022–2023,Mood disorders,Female,Agegroup:5–24years–95%CI,158.0,158,166,Hospitalization
2022–2023,Mood disorders,Male,Agegroup:5–24years–95%CI,77.0,77,82,Hospitalization
2022–2023,Mood disorders,Total,Agegroup:5–24years–95%CI,117.0,117,122,Hospitalization
2022–2023,Anxiety disorders,Female,Agegroup:5–24years–95%CI,48.0,48,52,Hospitalization
2022–2023,Anxiety disorders,Male,Agegroup:5–24years–95%CI,16.0,16,19,Hospitalization
2022–2023,Anxiety disorders,Total,Agegroup:5–24years–95%CI,32.0,32,34,Hospitalization
2022–2023,Personality disorders,Female,Agegroup:5–24years–95%CI,74.0,74,79,Hospitalization
2022–2023,Personality disorders,Male,Agegroup:5–24years–95%CI,17.0,17,19,Hospitalization
2022–2023,Personality disorders,Total,Agegroup:5–24years–95%CI,45.0,45,48,Hospitalization
2022–2023,Other disorders,Female,Agegroup:5–24years–95%CI,193.0,193,202,Hospitalization
2022–2023,Other disorders,Male,Agegroup:5–24years–95%CI,93.0,93,98,Hospitalization
2022–2023,Other disorders,Total,Agegroup:5–24years–95%CI,142.0,142,147,Hospitalization
2022–2023,   Trauma- and stressor-related disorders,Female,Agegroup:5–24years–95%CI,101.0,101,107,Hospitalization
2022–2023,   Trauma- and stressor-related disorders,Male,Agegroup:5–24years–95%CI,40.0,40,43,Hospitalization
2022–2023,   Trauma- and stressor-related disorders,Total,Agegroup:5–24years–95%CI,70.0,70,74,Hospitalization
2022–2023,"   Disruptive, impulse control and conduct disorders",Female,Agegroup:5–24years–95%CI,10.0,10,12,Hospitalization
2022–2023,"   Disruptive, impulse control and conduct disorders",Male,Agegroup:5–24years–95%CI,11.0,11,13,Hospitalization
2022–2023,"   Disruptive, impulse control and conduct disorders",Total,Agegroup:5–24years–95%CI,11.0,11,12,Hospitalization
2022–2023,   Eating and feeding disorders,Female,Agegroup:5–24years–95%CI,36.0,36,40,Hospitalization
2022–2023,   Eating and feeding disorders,Male,Agegroup:5–24years–95%CI,4.0,4,5,Hospitalization
2022–2023,   Eating and feeding disorders,Total,Agegroup:5–24years–95%CI,20.0,20,21,Hospitalization
2022–2023,   Tic disorders,Female,Agegroup:5–24years–95%CI,0.0,0,1,Hospitalization
2022–2023,   Tic disorders,Male,Agegroup:5–24years–95%CI,1.0,1,1,Hospitalization
2022–2023,   Tic disorders,Total,Agegroup:5–24years–95%CI,0.0,0,1,Hospitalization
2022–2023,   ADHD,Female,Agegroup:5–24years–95%CI,12.0,12,14,Hospitalization
2022–2023,   ADHD,Male,Agegroup:5–24years–95%CI,12.0,12,14,Hospitalization
2022–2023,   ADHD,Total,Agegroup:5–24years–95%CI,12.0,12,14,Hospitalization
2023–2024,Neurocognitive disorders,Female,Agegroup:5–24years–95%CI,1.0,1,1,Hospitalization
2023–2024,Neurocognitive disorders,Male,Agegroup:5–24years–95%CI,1.0,1,1,Hospitalization
2023–2024,Neurocognitive disorders,Total,Agegroup:5–24years–95%CI,1.0,1,1,Hospitalization
2023–2024,Substance-related disorders,Female,Agegroup:5–24years–95%CI,45.0,45,49,Hospitalization
2023–2024,Substance-related disorders,Male,Agegroup:5–24years–95%CI,57.0,57,61,Hospitalization
2023–2024,Substance-related disorders,Total,Agegroup:5–24years–95%CI,52.0,52,55,Hospitalization
2023–2024,Schizophrenic and psychotic disorders,Female,Agegroup:5–24years–95%CI,39.0,39,43,Hospitalization
2023–2024,Schizophrenic and psychotic disorders,Male,Agegroup:5–24years–95%CI,73.0,73,78,Hospitalization
2023–2024,Schizophrenic and psychotic disorders,Total,Agegroup:5–24years–95%CI,57.0,57,60,Hospitalization
2023–2024,Mood disorders,Female,Agegroup:5–24years–95%CI,131.0,131,138,Hospitalization
2023–2024,Mood disorders,Male,Agegroup:5–24years–95%CI,65.0,65,70,Hospitalization
2023–2024,Mood disorders,Total,Agegroup:5–24years–95%CI,98.0,98,102,Hospitalization
2023–2024,Anxiety disorders,Female,Agegroup:5–24years–95%CI,37.0,37,40,Hospitalization
2023–2024,Anxiety disorders,Male,Agegroup:5–24years–95%CI,13.0,13,15,Hospitalization
2023–2024,Anxiety disorders,Total,Agegroup:5–24years–95%CI,25.0,25,27,Hospitalization
2023–2024,Personality disorders,Female,Agegroup:5–24years–95%CI,63.0,63,68,Hospitalization
2023–2024,Personality disorders,Male,Agegroup:5–24years–95%CI,15.0,15,17,Hospitalization
2023–2024,Personality disorders,Total,Agegroup:5–24years–95%CI,39.0,39,41,Hospitalization
2023–2024,Other disorders,Female,Agegroup:5–24years–95%CI,182.0,182,190,Hospitalization
2023–2024,Other disorders,Male,Agegroup:5–24years–95%CI,94.0,94,99,Hospitalization
2023–2024,Other disorders,Total,Agegroup:5–24years–95%CI,137.0,137,142,Hospitalization
2023–2024,   Trauma- and stressor-related disorders,Female,Agegroup:5–24years–95%CI,97.0,97,103,Hospitalization
2023–2024,   Trauma- and stressor-related disorders,Male,Agegroup:5–24years–95%CI,39.0,39,43,Hospitalization
2023–2024,   Trauma- and stressor-related disorders,Total,Agegroup:5–24years–95%CI,68.0,68,71,Hospitalization
2023–2024,"   Disruptive, impulse control and conduct disorders",Female,Agegroup:5–24years–95%CI,10.0,10,12,Hospitalization
2023–2024,"   Disruptive, impulse control and conduct disorders",Male,Agegroup:5–24years–95%CI,10.0,10,12,Hospitalization
2023–2024,"   Disruptive, impulse control and conduct disorders",Total,Agegroup:5–24years–95%CI,11.0,11,12,Hospitalization
2023–2024,   Eating and feeding disorders,Female,Agegroup:5–24years–95%CI,33.0,33,36,Hospitalization
2023–2024,   Eating and feeding disorders,Male,Agegroup:5–24years–95%CI,4.0,4,5,Hospitalization
2023–2024,   Eating and feeding disorders,Total,Agegroup:5–24years–95%CI,18.0,18,20,Hospitalization
2023–2024,   Tic disorders,Female,Agegroup:5–24years–95%CI,0.0,0,1,Hospitalization
2023–2024,   Tic disorders,Male,Agegroup:5–24years–95%CI,0.0,0,1,Hospitalization
2023–2024,   Tic disorders,Total,Agegroup:5–24years–95%CI,0.0,0,1,Hospitalization
2023–2024,   ADHD,Female,Agegroup:5–24years–95%CI,11.0,11,13,Hospitalization
2023–2024,   ADHD,Male,Agegroup:5–24years–95%CI,13.0,13,15,Hospitalization
2023–2024,   ADHD,Total,Agegroup:5–24years–95%CI,13.0,13,14,Hospitalization
