ref_date_raw,start_year,geo,sex,indicator,value,ci_low,ci_high,uom,metric_type,quality_flag
2021-04,2021,Alberta,Men,Excellent or very good perceived health,1063000.0,964000.0,1163000.0,number,number,
2021-04,2021,Alberta,Men,Good perceived health,528000.0,434000.0,622000.0,number,number,E
2021-04,2021,Alberta,"Total, all persons",Excellent or very good perceived health,2028000.0,1899000.0,2156000.0,number,number,
2021-04,2021,Alberta,"Total, all persons",Fair or poor perceived health,399000.0,317000.0,480000.0,number,number,E
2021-04,2021,Alberta,"Total, all persons",Good perceived health,1101000.0,980000.0,1222000.0,number,number,
2021-04,2021,Alberta,Women,Excellent or very good perceived health,965000.0,881000.0,1049000.0,number,number,
2021-04,2021,Alberta,Women,Fair or poor perceived health,235000.0,174000.0,296000.0,number,number,E
2021-04,2021,Alberta,Women,Good perceived health,573000.0,494000.0,652000.0,number,number,
2021-04,2021,Atlantic Region,Men,Excellent or very good perceived health,580000.0,536000.0,625000.0,number,number,
2021-04,2021,Atlantic Region,Men,Fair or poor perceived health,139000.0,111000.0,167000.0,number,number,
2021-04,2021,Atlantic Region,Men,Good perceived health,288000.0,247000.0,329000.0,number,number,
2021-04,2021,Atlantic Region,"Total, all persons",Excellent or very good perceived health,1178000.0,1122000.0,1233000.0,number,number,
2021-04,2021,Atlantic Region,"Total, all persons",Fair or poor perceived health,271000.0,234000.0,309000.0,number,number,
2021-04,2021,Atlantic Region,"Total, all persons",Good perceived health,607000.0,554000.0,660000.0,number,number,
2021-04,2021,Atlantic Region,Women,Excellent or very good perceived health,597000.0,559000.0,635000.0,number,number,
2021-04,2021,Atlantic Region,Women,Fair or poor perceived health,133000.0,107000.0,158000.0,number,number,
2021-04,2021,Atlantic Region,Women,Good perceived health,319000.0,284000.0,354000.0,number,number,
2021-04,2021,British Columbia,Men,Excellent or very good perceived health,1243000.0,1147000.0,1340000.0,number,number,
2021-04,2021,British Columbia,Men,Fair or poor perceived health,241000.0,181000.0,302000.0,number,number,E
2021-04,2021,British Columbia,Men,Good perceived health,640000.0,548000.0,732000.0,number,number,
2021-04,2021,British Columbia,"Total, all persons",Excellent or very good perceived health,2441000.0,2303000.0,2579000.0,number,number,
2021-04,2021,British Columbia,"Total, all persons",Fair or poor perceived health,547000.0,455000.0,640000.0,number,number,
2021-04,2021,British Columbia,"Total, all persons",Good perceived health,1345000.0,1216000.0,1474000.0,number,number,
2021-04,2021,British Columbia,Women,Excellent or very good perceived health,1198000.0,1096000.0,1300000.0,number,number,
2021-04,2021,British Columbia,Women,Fair or poor perceived health,306000.0,236000.0,376000.0,number,number,E
2021-04,2021,British Columbia,Women,Good perceived health,705000.0,605000.0,805000.0,number,number,
2021-04,2021,Canada (excluding territories),Men,Excellent or very good perceived health,9341000.0,9061000.0,9620000.0,number,number,
2021-04,2021,Canada (excluding territories),Men,Fair or poor perceived health,1626000.0,1466000.0,1786000.0,number,number,
2021-04,2021,Canada (excluding territories),Men,Good perceived health,4484000.0,4217000.0,4750000.0,number,number,
2021-04,2021,Canada (excluding territories),"Total, all persons",Excellent or very good perceived health,17877000.0,17492000.0,18262000.0,number,number,
2021-04,2021,Canada (excluding territories),"Total, all persons",Fair or poor perceived health,3574000.0,3349000.0,3800000.0,number,number,
2021-04,2021,Canada (excluding territories),"Total, all persons",Good perceived health,9837000.0,9471000.0,10202000.0,number,number,
2021-04,2021,Canada (excluding territories),Women,Excellent or very good perceived health,8536000.0,8269000.0,8803000.0,number,number,
2021-04,2021,Canada (excluding territories),Women,Fair or poor perceived health,1948000.0,1782000.0,2114000.0,number,number,
2021-04,2021,Canada (excluding territories),Women,Good perceived health,5353000.0,5092000.0,5614000.0,number,number,
2021-04,2021,Manitoba,Men,Excellent or very good perceived health,318000.0,285000.0,352000.0,number,number,
2021-04,2021,Manitoba,Men,Good perceived health,155000.0,122000.0,187000.0,number,number,E
2021-04,2021,Manitoba,"Total, all persons",Excellent or very good perceived health,604000.0,557000.0,651000.0,number,number,
2021-04,2021,Manitoba,"Total, all persons",Fair or poor perceived health,127000.0,96000.0,157000.0,number,number,E
2021-04,2021,Manitoba,"Total, all persons",Good perceived health,322000.0,277000.0,366000.0,number,number,
2021-04,2021,Manitoba,Women,Excellent or very good perceived health,286000.0,252000.0,319000.0,number,number,
2021-04,2021,Manitoba,Women,Good perceived health,167000.0,137000.0,197000.0,number,number,E
2021-04,2021,New Brunswick,Men,Excellent or very good perceived health,193000.0,170000.0,217000.0,number,number,
2021-04,2021,New Brunswick,Men,Good perceived health,88000.0,67000.0,108000.0,number,number,E
2021-04,2021,New Brunswick,"Total, all persons",Excellent or very good perceived health,386000.0,356000.0,416000.0,number,number,
2021-04,2021,New Brunswick,"Total, all persons",Fair or poor perceived health,88000.0,68000.0,109000.0,number,number,E
2021-04,2021,New Brunswick,"Total, all persons",Good perceived health,178000.0,151000.0,206000.0,number,number,
2021-04,2021,New Brunswick,Women,Excellent or very good perceived health,193000.0,172000.0,213000.0,number,number,
2021-04,2021,New Brunswick,Women,Good perceived health,91000.0,73000.0,108000.0,number,number,E
2021-04,2021,Newfoundland and Labrador,Men,Excellent or very good perceived health,102000.0,81000.0,124000.0,number,number,E
2021-04,2021,Newfoundland and Labrador,Men,Good perceived health,79000.0,59000.0,98000.0,number,number,E
2021-04,2021,Newfoundland and Labrador,"Total, all persons",Excellent or very good perceived health,236000.0,209000.0,263000.0,number,number,
2021-04,2021,Newfoundland and Labrador,"Total, all persons",Good perceived health,147000.0,122000.0,172000.0,number,number,
2021-04,2021,Newfoundland and Labrador,Women,Excellent or very good perceived health,134000.0,117000.0,150000.0,number,number,E
2021-04,2021,Newfoundland and Labrador,Women,Good perceived health,68000.0,52000.0,84000.0,number,number,E
2021-04,2021,Nova Scotia,Men,Excellent or very good perceived health,248000.0,218000.0,278000.0,number,number,
2021-04,2021,Nova Scotia,Men,Good perceived health,102000.0,74000.0,130000.0,number,number,E
2021-04,2021,Nova Scotia,"Total, all persons",Excellent or very good perceived health,482000.0,443000.0,521000.0,number,number,
2021-04,2021,Nova Scotia,"Total, all persons",Fair or poor perceived health,104000.0,80000.0,128000.0,number,number,E
2021-04,2021,Nova Scotia,"Total, all persons",Good perceived health,239000.0,203000.0,276000.0,number,number,
2021-04,2021,Nova Scotia,Women,Excellent or very good perceived health,234000.0,208000.0,260000.0,number,number,
2021-04,2021,Nova Scotia,Women,Good perceived health,137000.0,112000.0,162000.0,number,number,E
2021-04,2021,Ontario,Men,Excellent or very good perceived health,3496000.0,3296000.0,3696000.0,number,number,
2021-04,2021,Ontario,Men,Fair or poor perceived health,698000.0,576000.0,821000.0,number,number,
2021-04,2021,Ontario,Men,Good perceived health,1857000.0,1666000.0,2048000.0,number,number,
2021-04,2021,Ontario,"Total, all persons",Excellent or very good perceived health,6792000.0,6528000.0,7056000.0,number,number,
2021-04,2021,Ontario,"Total, all persons",Fair or poor perceived health,1470000.0,1303000.0,1637000.0,number,number,
2021-04,2021,Ontario,"Total, all persons",Good perceived health,4072000.0,3816000.0,4328000.0,number,number,
2021-04,2021,Ontario,Women,Excellent or very good perceived health,3296000.0,3111000.0,3481000.0,number,number,
2021-04,2021,Ontario,Women,Fair or poor perceived health,772000.0,656000.0,887000.0,number,number,
2021-04,2021,Ontario,Women,Good perceived health,2215000.0,2037000.0,2393000.0,number,number,
2021-04,2021,Prairies Region,Men,Excellent or very good perceived health,1636000.0,1525000.0,1748000.0,number,number,
2021-04,2021,Prairies Region,Men,Fair or poor perceived health,264000.0,205000.0,323000.0,number,number,E
2021-04,2021,Prairies Region,Men,Good perceived health,823000.0,718000.0,928000.0,number,number,
2021-04,2021,Prairies Region,"Total, all persons",Excellent or very good perceived health,3103000.0,2956000.0,3250000.0,number,number,
2021-04,2021,Prairies Region,"Total, all persons",Fair or poor perceived health,623000.0,534000.0,712000.0,number,number,
2021-04,2021,Prairies Region,"Total, all persons",Good perceived health,1740000.0,1600000.0,1880000.0,number,number,
2021-04,2021,Prairies Region,Women,Excellent or very good perceived health,1467000.0,1369000.0,1565000.0,number,number,
2021-04,2021,Prairies Region,Women,Fair or poor perceived health,359000.0,291000.0,427000.0,number,number,
2021-04,2021,Prairies Region,Women,Good perceived health,917000.0,825000.0,1009000.0,number,number,
2021-04,2021,Prince Edward Island,Men,Excellent or very good perceived health,37000.0,31000.0,42000.0,number,number,E
2021-04,2021,Prince Edward Island,"Total, all persons",Excellent or very good perceived health,73000.0,66000.0,81000.0,number,number,
2021-04,2021,Prince Edward Island,"Total, all persons",Good perceived health,43000.0,36000.0,50000.0,number,number,
2021-04,2021,Prince Edward Island,Women,Excellent or very good perceived health,37000.0,32000.0,42000.0,number,number,
2021-04,2021,Prince Edward Island,Women,Good perceived health,23000.0,18000.0,27000.0,number,number,E
2021-04,2021,Quebec,Men,Excellent or very good perceived health,2385000.0,2265000.0,2504000.0,number,number,
2021-04,2021,Quebec,Men,Fair or poor perceived health,283000.0,219000.0,348000.0,number,number,E
2021-04,2021,Quebec,Men,Good perceived health,876000.0,766000.0,986000.0,number,number,
2021-04,2021,Quebec,"Total, all persons",Excellent or very good perceived health,4363000.0,4183000.0,4543000.0,number,number,
2021-04,2021,Quebec,"Total, all persons",Fair or poor perceived health,662000.0,567000.0,758000.0,number,number,
2021-04,2021,Quebec,"Total, all persons",Good perceived health,2072000.0,1899000.0,2246000.0,number,number,
2021-04,2021,Quebec,Women,Excellent or very good perceived health,1978000.0,1844000.0,2113000.0,number,number,
2021-04,2021,Quebec,Women,Fair or poor perceived health,379000.0,307000.0,451000.0,number,number,
2021-04,2021,Quebec,Women,Good perceived health,1197000.0,1064000.0,1330000.0,number,number,
2021-04,2021,Saskatchewan,Men,Excellent or very good perceived health,255000.0,221000.0,288000.0,number,number,
2021-04,2021,Saskatchewan,Men,Good perceived health,140000.0,109000.0,171000.0,number,number,E
2021-04,2021,Saskatchewan,"Total, all persons",Excellent or very good perceived health,471000.0,424000.0,518000.0,number,number,
2021-04,2021,Saskatchewan,"Total, all persons",Fair or poor perceived health,98000.0,74000.0,122000.0,number,number,E
2021-04,2021,Saskatchewan,"Total, all persons",Good perceived health,317000.0,272000.0,362000.0,number,number,
2021-04,2021,Saskatchewan,Women,Excellent or very good perceived health,216000.0,185000.0,248000.0,number,number,
2021-04,2021,Saskatchewan,Women,Good perceived health,177000.0,146000.0,208000.0,number,number,E
2021-07,2021,Alberta,Men,Excellent or very good perceived health,1068000.0,964000.0,1173000.0,number,number,
2021-07,2021,Alberta,Men,Good perceived health,473000.0,387000.0,559000.0,number,number,
2021-07,2021,Alberta,"Total, all persons",Excellent or very good perceived health,2018000.0,1872000.0,2163000.0,number,number,
2021-07,2021,Alberta,"Total, all persons",Fair or poor perceived health,405000.0,314000.0,496000.0,number,number,E
2021-07,2021,Alberta,"Total, all persons",Good perceived health,1130000.0,991000.0,1270000.0,number,number,
2021-07,2021,Alberta,Women,Excellent or very good perceived health,949000.0,843000.0,1056000.0,number,number,
2021-07,2021,Alberta,Women,Fair or poor perceived health,166000.0,118000.0,214000.0,number,number,E
2021-07,2021,Alberta,Women,Good perceived health,657000.0,546000.0,768000.0,number,number,
2021-07,2021,Atlantic Region,Men,Excellent or very good perceived health,614000.0,575000.0,654000.0,number,number,
2021-07,2021,Atlantic Region,Men,Fair or poor perceived health,122000.0,95000.0,149000.0,number,number,E
2021-07,2021,Atlantic Region,Men,Good perceived health,271000.0,234000.0,308000.0,number,number,
2021-07,2021,Atlantic Region,"Total, all persons",Excellent or very good perceived health,1140000.0,1082000.0,1198000.0,number,number,
2021-07,2021,Atlantic Region,"Total, all persons",Fair or poor perceived health,328000.0,286000.0,371000.0,number,number,
2021-07,2021,Atlantic Region,"Total, all persons",Good perceived health,596000.0,545000.0,648000.0,number,number,
2021-07,2021,Atlantic Region,Women,Excellent or very good perceived health,526000.0,483000.0,569000.0,number,number,
2021-07,2021,Atlantic Region,Women,Fair or poor perceived health,206000.0,174000.0,239000.0,number,number,
2021-07,2021,Atlantic Region,Women,Good perceived health,325000.0,287000.0,363000.0,number,number,
2021-07,2021,British Columbia,Men,Excellent or very good perceived health,1185000.0,1078000.0,1291000.0,number,number,
2021-07,2021,British Columbia,Men,Fair or poor perceived health,295000.0,223000.0,367000.0,number,number,E
2021-07,2021,British Columbia,Men,Good perceived health,650000.0,551000.0,749000.0,number,number,
2021-07,2021,British Columbia,"Total, all persons",Excellent or very good perceived health,2359000.0,2200000.0,2519000.0,number,number,
2021-07,2021,British Columbia,"Total, all persons",Fair or poor perceived health,606000.0,494000.0,718000.0,number,number,
2021-07,2021,British Columbia,"Total, all persons",Good perceived health,1388000.0,1243000.0,1534000.0,number,number,
2021-07,2021,British Columbia,Women,Excellent or very good perceived health,1175000.0,1063000.0,1286000.0,number,number,
2021-07,2021,British Columbia,Women,Fair or poor perceived health,311000.0,228000.0,393000.0,number,number,E
2021-07,2021,British Columbia,Women,Good perceived health,738000.0,634000.0,843000.0,number,number,
2021-07,2021,Canada (excluding territories),Men,Excellent or very good perceived health,8931000.0,8658000.0,9205000.0,number,number,
2021-07,2021,Canada (excluding territories),Men,Fair or poor perceived health,1976000.0,1775000.0,2177000.0,number,number,
2021-07,2021,Canada (excluding territories),Men,Good perceived health,4597000.0,4350000.0,4845000.0,number,number,
2021-07,2021,Canada (excluding territories),"Total, all persons",Excellent or very good perceived health,17397000.0,17011000.0,17783000.0,number,number,
2021-07,2021,Canada (excluding territories),"Total, all persons",Fair or poor perceived health,4194000.0,3925000.0,4464000.0,number,number,
2021-07,2021,Canada (excluding territories),"Total, all persons",Good perceived health,9775000.0,9409000.0,10141000.0,number,number,
2021-07,2021,Canada (excluding territories),Women,Excellent or very good perceived health,8465000.0,8198000.0,8733000.0,number,number,
2021-07,2021,Canada (excluding territories),Women,Fair or poor perceived health,2218000.0,2039000.0,2398000.0,number,number,
2021-07,2021,Canada (excluding territories),Women,Good perceived health,5178000.0,4914000.0,5441000.0,number,number,
2021-07,2021,Manitoba,Men,Excellent or very good perceived health,323000.0,285000.0,361000.0,number,number,
2021-07,2021,Manitoba,Men,Good perceived health,137000.0,104000.0,171000.0,number,number,E
2021-07,2021,Manitoba,"Total, all persons",Excellent or very good perceived health,604000.0,550000.0,657000.0,number,number,
2021-07,2021,Manitoba,"Total, all persons",Fair or poor perceived health,130000.0,97000.0,164000.0,number,number,E
2021-07,2021,Manitoba,"Total, all persons",Good perceived health,321000.0,273000.0,369000.0,number,number,
2021-07,2021,Manitoba,Women,Excellent or very good perceived health,281000.0,242000.0,319000.0,number,number,
2021-07,2021,Manitoba,Women,Good perceived health,184000.0,148000.0,220000.0,number,number,E
2021-07,2021,New Brunswick,Men,Excellent or very good perceived health,183000.0,161000.0,206000.0,number,number,
2021-07,2021,New Brunswick,Men,Good perceived health,90000.0,69000.0,111000.0,number,number,E
2021-07,2021,New Brunswick,"Total, all persons",Excellent or very good perceived health,339000.0,308000.0,369000.0,number,number,
2021-07,2021,New Brunswick,"Total, all persons",Fair or poor perceived health,119000.0,95000.0,144000.0,number,number,E
2021-07,2021,New Brunswick,"Total, all persons",Good perceived health,197000.0,167000.0,226000.0,number,number,
2021-07,2021,New Brunswick,Women,Excellent or very good perceived health,155000.0,133000.0,178000.0,number,number,
2021-07,2021,New Brunswick,Women,Fair or poor perceived health,71000.0,53000.0,89000.0,number,number,E
2021-07,2021,New Brunswick,Women,Good perceived health,107000.0,85000.0,129000.0,number,number,E
2021-07,2021,Newfoundland and Labrador,Men,Excellent or very good perceived health,142000.0,125000.0,159000.0,number,number,E
2021-07,2021,Newfoundland and Labrador,"Total, all persons",Excellent or very good perceived health,257000.0,234000.0,281000.0,number,number,
2021-07,2021,Newfoundland and Labrador,"Total, all persons",Fair or poor perceived health,67000.0,49000.0,85000.0,number,number,E
2021-07,2021,Newfoundland and Labrador,"Total, all persons",Good perceived health,120000.0,100000.0,141000.0,number,number,
2021-07,2021,Newfoundland and Labrador,Women,Excellent or very good perceived health,115000.0,98000.0,132000.0,number,number,
2021-07,2021,Newfoundland and Labrador,Women,Good perceived health,68000.0,54000.0,82000.0,number,number,E
2021-07,2021,Nova Scotia,Men,Excellent or very good perceived health,250000.0,223000.0,277000.0,number,number,
2021-07,2021,Nova Scotia,Men,Good perceived health,110000.0,84000.0,135000.0,number,number,E
2021-07,2021,Nova Scotia,"Total, all persons",Excellent or very good perceived health,466000.0,426000.0,506000.0,number,number,
2021-07,2021,Nova Scotia,"Total, all persons",Fair or poor perceived health,124000.0,95000.0,153000.0,number,number,E
2021-07,2021,Nova Scotia,"Total, all persons",Good perceived health,239000.0,202000.0,277000.0,number,number,
2021-07,2021,Nova Scotia,Women,Excellent or very good perceived health,217000.0,187000.0,247000.0,number,number,
2021-07,2021,Nova Scotia,Women,Good perceived health,130000.0,102000.0,157000.0,number,number,E
2021-07,2021,Ontario,Men,Excellent or very good perceived health,3245000.0,3053000.0,3437000.0,number,number,
2021-07,2021,Ontario,Men,Fair or poor perceived health,905000.0,753000.0,1056000.0,number,number,
2021-07,2021,Ontario,Men,Good perceived health,1928000.0,1743000.0,2112000.0,number,number,
2021-07,2021,Ontario,"Total, all persons",Excellent or very good perceived health,6458000.0,6191000.0,6726000.0,number,number,
2021-07,2021,Ontario,"Total, all persons",Fair or poor perceived health,1932000.0,1735000.0,2128000.0,number,number,
2021-07,2021,Ontario,"Total, all persons",Good perceived health,3969000.0,3715000.0,4223000.0,number,number,
2021-07,2021,Ontario,Women,Excellent or very good perceived health,3213000.0,3029000.0,3397000.0,number,number,
2021-07,2021,Ontario,Women,Fair or poor perceived health,1027000.0,896000.0,1158000.0,number,number,
2021-07,2021,Ontario,Women,Good perceived health,2041000.0,1858000.0,2224000.0,number,number,
2021-07,2021,Prairies Region,Men,Excellent or very good perceived health,1649000.0,1533000.0,1765000.0,number,number,
2021-07,2021,Prairies Region,Men,Fair or poor perceived health,341000.0,259000.0,423000.0,number,number,E
2021-07,2021,Prairies Region,Men,Good perceived health,759000.0,659000.0,860000.0,number,number,
2021-07,2021,Prairies Region,"Total, all persons",Excellent or very good perceived health,3109000.0,2944000.0,3274000.0,number,number,
2021-07,2021,Prairies Region,"Total, all persons",Fair or poor perceived health,650000.0,549000.0,750000.0,number,number,
2021-07,2021,Prairies Region,"Total, all persons",Good perceived health,1737000.0,1579000.0,1896000.0,number,number,
2021-07,2021,Prairies Region,Women,Excellent or very good perceived health,1460000.0,1341000.0,1579000.0,number,number,
2021-07,2021,Prairies Region,Women,Fair or poor perceived health,309000.0,250000.0,368000.0,number,number,
2021-07,2021,Prairies Region,Women,Good perceived health,978000.0,858000.0,1098000.0,number,number,
2021-07,2021,Prince Edward Island,Men,Excellent or very good perceived health,39000.0,34000.0,44000.0,number,number,E
2021-07,2021,Prince Edward Island,Men,Good perceived health,19000.0,14000.0,24000.0,number,number,E
2021-07,2021,Prince Edward Island,"Total, all persons",Excellent or very good perceived health,78000.0,70000.0,85000.0,number,number,
2021-07,2021,Prince Edward Island,"Total, all persons",Fair or poor perceived health,17000.0,13000.0,21000.0,number,number,E
2021-07,2021,Prince Edward Island,"Total, all persons",Good perceived health,40000.0,33000.0,47000.0,number,number,
2021-07,2021,Prince Edward Island,Women,Excellent or very good perceived health,38000.0,33000.0,43000.0,number,number,
2021-07,2021,Prince Edward Island,Women,Good perceived health,21000.0,16000.0,25000.0,number,number,E
2021-07,2021,Quebec,Men,Excellent or very good perceived health,2238000.0,2108000.0,2368000.0,number,number,
2021-07,2021,Quebec,Men,Fair or poor perceived health,313000.0,244000.0,383000.0,number,number,E
2021-07,2021,Quebec,Men,Good perceived health,989000.0,871000.0,1108000.0,number,number,
2021-07,2021,Quebec,"Total, all persons",Excellent or very good perceived health,4330000.0,4157000.0,4503000.0,number,number,
2021-07,2021,Quebec,"Total, all persons",Fair or poor perceived health,679000.0,580000.0,779000.0,number,number,
2021-07,2021,Quebec,"Total, all persons",Good perceived health,2085000.0,1916000.0,2253000.0,number,number,
2021-07,2021,Quebec,Women,Excellent or very good perceived health,2092000.0,1967000.0,2217000.0,number,number,
2021-07,2021,Quebec,Women,Fair or poor perceived health,366000.0,293000.0,438000.0,number,number,E
2021-07,2021,Quebec,Women,Good perceived health,1095000.0,979000.0,1211000.0,number,number,
2021-07,2021,Saskatchewan,Men,Excellent or very good perceived health,258000.0,223000.0,293000.0,number,number,
2021-07,2021,Saskatchewan,Men,Good perceived health,149000.0,115000.0,182000.0,number,number,E
2021-07,2021,Saskatchewan,"Total, all persons",Excellent or very good perceived health,488000.0,439000.0,537000.0,number,number,
2021-07,2021,Saskatchewan,"Total, all persons",Fair or poor perceived health,115000.0,86000.0,143000.0,number,number,E
2021-07,2021,Saskatchewan,"Total, all persons",Good perceived health,286000.0,239000.0,332000.0,number,number,
2021-07,2021,Saskatchewan,Women,Excellent or very good perceived health,230000.0,196000.0,264000.0,number,number,
2021-07,2021,Saskatchewan,Women,Good perceived health,137000.0,105000.0,169000.0,number,number,E
2021-10,2021,Alberta,Men,Excellent or very good perceived health,971000.0,869000.0,1073000.0,number,number,
2021-10,2021,Alberta,Men,Good perceived health,569000.0,472000.0,665000.0,number,number,
2021-10,2021,Alberta,"Total, all persons",Excellent or very good perceived health,1835000.0,1700000.0,1970000.0,number,number,
2021-10,2021,Alberta,"Total, all persons",Fair or poor perceived health,507000.0,415000.0,600000.0,number,number,
2021-10,2021,Alberta,"Total, all persons",Good perceived health,1199000.0,1064000.0,1334000.0,number,number,
2021-10,2021,Alberta,Women,Excellent or very good perceived health,864000.0,773000.0,956000.0,number,number,
2021-10,2021,Alberta,Women,Fair or poor perceived health,279000.0,212000.0,346000.0,number,number,E
2021-10,2021,Alberta,Women,Good perceived health,630000.0,539000.0,721000.0,number,number,
2021-10,2021,Atlantic Region,Men,Excellent or very good perceived health,451000.0,411000.0,490000.0,number,number,
2021-10,2021,Atlantic Region,Men,Fair or poor perceived health,203000.0,171000.0,236000.0,number,number,
2021-10,2021,Atlantic Region,Men,Good perceived health,368000.0,326000.0,410000.0,number,number,
2021-10,2021,Atlantic Region,"Total, all persons",Excellent or very good perceived health,985000.0,929000.0,1040000.0,number,number,
2021-10,2021,Atlantic Region,"Total, all persons",Fair or poor perceived health,377000.0,333000.0,422000.0,number,number,
2021-10,2021,Atlantic Region,"Total, all persons",Good perceived health,711000.0,657000.0,764000.0,number,number,
2021-10,2021,Atlantic Region,Women,Excellent or very good perceived health,534000.0,495000.0,572000.0,number,number,
2021-10,2021,Atlantic Region,Women,Fair or poor perceived health,174000.0,145000.0,203000.0,number,number,
2021-10,2021,Atlantic Region,Women,Good perceived health,342000.0,306000.0,379000.0,number,number,
2021-10,2021,British Columbia,Men,Excellent or very good perceived health,1093000.0,979000.0,1207000.0,number,number,
2021-10,2021,British Columbia,Men,Fair or poor perceived health,366000.0,281000.0,451000.0,number,number,E
2021-10,2021,British Columbia,Men,Good perceived health,712000.0,601000.0,822000.0,number,number,
2021-10,2021,British Columbia,"Total, all persons",Excellent or very good perceived health,2215000.0,2059000.0,2371000.0,number,number,
2021-10,2021,British Columbia,"Total, all persons",Fair or poor perceived health,752000.0,635000.0,868000.0,number,number,
2021-10,2021,British Columbia,"Total, all persons",Good perceived health,1422000.0,1273000.0,1571000.0,number,number,
2021-10,2021,British Columbia,Women,Excellent or very good perceived health,1122000.0,1013000.0,1232000.0,number,number,
2021-10,2021,British Columbia,Women,Fair or poor perceived health,386000.0,305000.0,467000.0,number,number,E
2021-10,2021,British Columbia,Women,Good perceived health,710000.0,608000.0,813000.0,number,number,
2021-10,2021,Canada (excluding territories),Men,Excellent or very good perceived health,8237000.0,7937000.0,8538000.0,number,number,
2021-10,2021,Canada (excluding territories),Men,Fair or poor perceived health,2277000.0,2065000.0,2489000.0,number,number,
2021-10,2021,Canada (excluding territories),Men,Good perceived health,5113000.0,4837000.0,5389000.0,number,number,
2021-10,2021,Canada (excluding territories),"Total, all persons",Excellent or very good perceived health,16395000.0,16006000.0,16785000.0,number,number,
2021-10,2021,Canada (excluding territories),"Total, all persons",Fair or poor perceived health,4749000.0,4467000.0,5031000.0,number,number,
2021-10,2021,Canada (excluding territories),"Total, all persons",Good perceived health,10344000.0,9980000.0,10708000.0,number,number,
2021-10,2021,Canada (excluding territories),Women,Excellent or very good perceived health,8158000.0,7883000.0,8433000.0,number,number,
2021-10,2021,Canada (excluding territories),Women,Fair or poor perceived health,2472000.0,2268000.0,2676000.0,number,number,
2021-10,2021,Canada (excluding territories),Women,Good perceived health,5231000.0,4984000.0,5477000.0,number,number,
2021-10,2021,Manitoba,Men,Excellent or very good perceived health,267000.0,225000.0,308000.0,number,number,E
2021-10,2021,Manitoba,Men,Good perceived health,194000.0,154000.0,235000.0,number,number,E
2021-10,2021,Manitoba,"Total, all persons",Excellent or very good perceived health,526000.0,469000.0,584000.0,number,number,
2021-10,2021,Manitoba,"Total, all persons",Fair or poor perceived health,134000.0,99000.0,169000.0,number,number,E
2021-10,2021,Manitoba,"Total, all persons",Good perceived health,396000.0,340000.0,451000.0,number,number,
2021-10,2021,Manitoba,Women,Excellent or very good perceived health,260000.0,219000.0,300000.0,number,number,
2021-10,2021,Manitoba,Women,Good perceived health,201000.0,163000.0,239000.0,number,number,E
2021-10,2021,New Brunswick,Men,Excellent or very good perceived health,148000.0,126000.0,169000.0,number,number,
2021-10,2021,New Brunswick,Men,Fair or poor perceived health,65000.0,48000.0,82000.0,number,number,E
2021-10,2021,New Brunswick,Men,Good perceived health,112000.0,91000.0,133000.0,number,number,E
2021-10,2021,New Brunswick,"Total, all persons",Excellent or very good perceived health,312000.0,282000.0,341000.0,number,number,
2021-10,2021,New Brunswick,"Total, all persons",Fair or poor perceived health,117000.0,95000.0,139000.0,number,number,E
2021-10,2021,New Brunswick,"Total, all persons",Good perceived health,229000.0,200000.0,258000.0,number,number,
2021-10,2021,New Brunswick,Women,Excellent or very good perceived health,164000.0,143000.0,185000.0,number,number,
2021-10,2021,New Brunswick,Women,Good perceived health,117000.0,96000.0,137000.0,number,number,E
2021-10,2021,Newfoundland and Labrador,Men,Excellent or very good perceived health,112000.0,95000.0,128000.0,number,number,E
2021-10,2021,Newfoundland and Labrador,Men,Good perceived health,78000.0,60000.0,95000.0,number,number,E
2021-10,2021,Newfoundland and Labrador,"Total, all persons",Excellent or very good perceived health,231000.0,208000.0,254000.0,number,number,
2021-10,2021,Newfoundland and Labrador,"Total, all persons",Fair or poor perceived health,74000.0,57000.0,91000.0,number,number,E
2021-10,2021,Newfoundland and Labrador,"Total, all persons",Good perceived health,141000.0,119000.0,163000.0,number,number,
2021-10,2021,Newfoundland and Labrador,Women,Excellent or very good perceived health,119000.0,103000.0,135000.0,number,number,
2021-10,2021,Newfoundland and Labrador,Women,Good perceived health,63000.0,49000.0,77000.0,number,number,E
2021-10,2021,Nova Scotia,Men,Excellent or very good perceived health,155000.0,126000.0,184000.0,number,number,E
2021-10,2021,Nova Scotia,Men,Good perceived health,159000.0,129000.0,189000.0,number,number,E
2021-10,2021,Nova Scotia,"Total, all persons",Excellent or very good perceived health,366000.0,326000.0,406000.0,number,number,
2021-10,2021,Nova Scotia,"Total, all persons",Fair or poor perceived health,169000.0,137000.0,201000.0,number,number,E
2021-10,2021,Nova Scotia,"Total, all persons",Good perceived health,298000.0,260000.0,337000.0,number,number,
2021-10,2021,Nova Scotia,Women,Excellent or very good perceived health,211000.0,184000.0,239000.0,number,number,
2021-10,2021,Nova Scotia,Women,Good perceived health,140000.0,113000.0,166000.0,number,number,E
2021-10,2021,Ontario,Men,Excellent or very good perceived health,3176000.0,2972000.0,3381000.0,number,number,
2021-10,2021,Ontario,Men,Fair or poor perceived health,979000.0,828000.0,1130000.0,number,number,
2021-10,2021,Ontario,Men,Good perceived health,1944000.0,1761000.0,2127000.0,number,number,
2021-10,2021,Ontario,"Total, all persons",Excellent or very good perceived health,6340000.0,6063000.0,6617000.0,number,number,
2021-10,2021,Ontario,"Total, all persons",Fair or poor perceived health,2033000.0,1829000.0,2237000.0,number,number,
2021-10,2021,Ontario,"Total, all persons",Good perceived health,4042000.0,3785000.0,4298000.0,number,number,
2021-10,2021,Ontario,Women,Excellent or very good perceived health,3164000.0,2967000.0,3360000.0,number,number,
2021-10,2021,Ontario,Women,Fair or poor perceived health,1054000.0,909000.0,1199000.0,number,number,
2021-10,2021,Ontario,Women,Good perceived health,2098000.0,1914000.0,2282000.0,number,number,
2021-10,2021,Prairies Region,Men,Excellent or very good perceived health,1498000.0,1386000.0,1610000.0,number,number,
2021-10,2021,Prairies Region,Men,Fair or poor perceived health,358000.0,285000.0,431000.0,number,number,
2021-10,2021,Prairies Region,Men,Good perceived health,893000.0,786000.0,999000.0,number,number,
2021-10,2021,Prairies Region,"Total, all persons",Excellent or very good perceived health,2855000.0,2706000.0,3005000.0,number,number,
2021-10,2021,Prairies Region,"Total, all persons",Fair or poor perceived health,763000.0,659000.0,866000.0,number,number,
2021-10,2021,Prairies Region,"Total, all persons",Good perceived health,1870000.0,1722000.0,2018000.0,number,number,
2021-10,2021,Prairies Region,Women,Excellent or very good perceived health,1357000.0,1253000.0,1461000.0,number,number,
2021-10,2021,Prairies Region,Women,Fair or poor perceived health,404000.0,330000.0,478000.0,number,number,
2021-10,2021,Prairies Region,Women,Good perceived health,977000.0,877000.0,1078000.0,number,number,
2021-10,2021,Prince Edward Island,Men,Excellent or very good perceived health,37000.0,31000.0,42000.0,number,number,
2021-10,2021,Prince Edward Island,Men,Good perceived health,19000.0,14000.0,25000.0,number,number,E
2021-10,2021,Prince Edward Island,"Total, all persons",Excellent or very good perceived health,76000.0,69000.0,84000.0,number,number,
2021-10,2021,Prince Edward Island,"Total, all persons",Fair or poor perceived health,17000.0,12000.0,22000.0,number,number,E
2021-10,2021,Prince Edward Island,"Total, all persons",Good perceived health,42000.0,35000.0,49000.0,number,number,
2021-10,2021,Prince Edward Island,Women,Excellent or very good perceived health,39000.0,35000.0,44000.0,number,number,
2021-10,2021,Prince Edward Island,Women,Good perceived health,23000.0,18000.0,28000.0,number,number,E
2021-10,2021,Quebec,Men,Excellent or very good perceived health,2019000.0,1883000.0,2156000.0,number,number,
2021-10,2021,Quebec,Men,Fair or poor perceived health,371000.0,274000.0,468000.0,number,number,E
2021-10,2021,Quebec,Men,Good perceived health,1196000.0,1062000.0,1331000.0,number,number,
2021-10,2021,Quebec,"Total, all persons",Excellent or very good perceived health,4000000.0,3821000.0,4180000.0,number,number,
2021-10,2021,Quebec,"Total, all persons",Fair or poor perceived health,825000.0,698000.0,951000.0,number,number,
2021-10,2021,Quebec,"Total, all persons",Good perceived health,2299000.0,2128000.0,2471000.0,number,number,
2021-10,2021,Quebec,Women,Excellent or very good perceived health,1981000.0,1858000.0,2103000.0,number,number,
2021-10,2021,Quebec,Women,Fair or poor perceived health,454000.0,368000.0,540000.0,number,number,
2021-10,2021,Quebec,Women,Good perceived health,1103000.0,997000.0,1209000.0,number,number,
2021-10,2021,Saskatchewan,Men,Excellent or very good perceived health,260000.0,230000.0,291000.0,number,number,
2021-10,2021,Saskatchewan,Men,Good perceived health,130000.0,102000.0,158000.0,number,number,E
2021-10,2021,Saskatchewan,"Total, all persons",Excellent or very good perceived health,494000.0,451000.0,536000.0,number,number,
2021-10,2021,Saskatchewan,"Total, all persons",Fair or poor perceived health,121000.0,92000.0,151000.0,number,number,E
2021-10,2021,Saskatchewan,"Total, all persons",Good perceived health,276000.0,238000.0,314000.0,number,number,
2021-10,2021,Saskatchewan,Women,Excellent or very good perceived health,233000.0,204000.0,263000.0,number,number,
2021-10,2021,Saskatchewan,Women,Good perceived health,146000.0,119000.0,173000.0,number,number,E
2022-01,2022,Alberta,Men,Excellent or very good perceived health,960000.0,862000.0,1058000.0,number,number,
2022-01,2022,Alberta,Men,Fair or poor perceived health,248000.0,179000.0,317000.0,number,number,E
2022-01,2022,Alberta,Men,Good perceived health,581000.0,486000.0,675000.0,number,number,
2022-01,2022,Alberta,"Total, all persons",Excellent or very good perceived health,1844000.0,1709000.0,1978000.0,number,number,
2022-01,2022,Alberta,"Total, all persons",Fair or poor perceived health,533000.0,434000.0,631000.0,number,number,
2022-01,2022,Alberta,"Total, all persons",Good perceived health,1201000.0,1070000.0,1332000.0,number,number,
2022-01,2022,Alberta,Women,Excellent or very good perceived health,884000.0,788000.0,980000.0,number,number,
2022-01,2022,Alberta,Women,Fair or poor perceived health,285000.0,211000.0,359000.0,number,number,E
2022-01,2022,Alberta,Women,Good perceived health,620000.0,528000.0,712000.0,number,number,
2022-01,2022,Atlantic Region,Men,Excellent or very good perceived health,540000.0,490000.0,590000.0,number,number,
2022-01,2022,Atlantic Region,Men,Fair or poor perceived health,156000.0,118000.0,195000.0,number,number,
2022-01,2022,Atlantic Region,Men,Good perceived health,320000.0,279000.0,361000.0,number,number,
2022-01,2022,Atlantic Region,"Total, all persons",Excellent or very good perceived health,1081000.0,1016000.0,1146000.0,number,number,
2022-01,2022,Atlantic Region,"Total, all persons",Fair or poor perceived health,344000.0,294000.0,395000.0,number,number,
2022-01,2022,Atlantic Region,"Total, all persons",Good perceived health,658000.0,603000.0,714000.0,number,number,
2022-01,2022,Atlantic Region,Women,Excellent or very good perceived health,542000.0,501000.0,582000.0,number,number,
2022-01,2022,Atlantic Region,Women,Fair or poor perceived health,188000.0,155000.0,221000.0,number,number,
2022-01,2022,Atlantic Region,Women,Good perceived health,339000.0,300000.0,377000.0,number,number,
2022-01,2022,British Columbia,Men,Excellent or very good perceived health,1162000.0,1040000.0,1283000.0,number,number,
2022-01,2022,British Columbia,Men,Fair or poor perceived health,321000.0,244000.0,397000.0,number,number,E
2022-01,2022,British Columbia,Men,Good perceived health,674000.0,559000.0,790000.0,number,number,
2022-01,2022,British Columbia,"Total, all persons",Excellent or very good perceived health,2184000.0,2030000.0,2339000.0,number,number,
2022-01,2022,British Columbia,"Total, all persons",Fair or poor perceived health,671000.0,571000.0,772000.0,number,number,
2022-01,2022,British Columbia,"Total, all persons",Good perceived health,1553000.0,1407000.0,1699000.0,number,number,
2022-01,2022,British Columbia,Women,Excellent or very good perceived health,1023000.0,928000.0,1117000.0,number,number,
2022-01,2022,British Columbia,Women,Fair or poor perceived health,351000.0,281000.0,420000.0,number,number,E
2022-01,2022,British Columbia,Women,Good perceived health,879000.0,788000.0,970000.0,number,number,
2022-01,2022,Canada (excluding territories),Men,Excellent or very good perceived health,8720000.0,8417000.0,9023000.0,number,number,
2022-01,2022,Canada (excluding territories),Men,Fair or poor perceived health,1965000.0,1779000.0,2151000.0,number,number,
2022-01,2022,Canada (excluding territories),Men,Good perceived health,4931000.0,4650000.0,5212000.0,number,number,
2022-01,2022,Canada (excluding territories),"Total, all persons",Excellent or very good perceived health,16958000.0,16549000.0,17366000.0,number,number,
2022-01,2022,Canada (excluding territories),"Total, all persons",Fair or poor perceived health,4268000.0,4001000.0,4535000.0,number,number,
2022-01,2022,Canada (excluding territories),"Total, all persons",Good perceived health,10395000.0,10005000.0,10786000.0,number,number,
2022-01,2022,Canada (excluding territories),Women,Excellent or very good perceived health,8238000.0,7949000.0,8526000.0,number,number,
2022-01,2022,Canada (excluding territories),Women,Fair or poor perceived health,2303000.0,2102000.0,2504000.0,number,number,
2022-01,2022,Canada (excluding territories),Women,Good perceived health,5464000.0,5184000.0,5745000.0,number,number,
2022-01,2022,Manitoba,Men,Excellent or very good perceived health,280000.0,238000.0,322000.0,number,number,
2022-01,2022,Manitoba,Men,Good perceived health,180000.0,138000.0,222000.0,number,number,E
2022-01,2022,Manitoba,"Total, all persons",Excellent or very good perceived health,571000.0,520000.0,622000.0,number,number,
2022-01,2022,Manitoba,"Total, all persons",Fair or poor perceived health,139000.0,107000.0,171000.0,number,number,E
2022-01,2022,Manitoba,"Total, all persons",Good perceived health,346000.0,296000.0,397000.0,number,number,
2022-01,2022,Manitoba,Women,Excellent or very good perceived health,291000.0,258000.0,323000.0,number,number,
2022-01,2022,Manitoba,Women,Good perceived health,166000.0,136000.0,197000.0,number,number,E
2022-01,2022,New Brunswick,Men,Excellent or very good perceived health,169000.0,144000.0,194000.0,number,number,E
2022-01,2022,New Brunswick,Men,Good perceived health,121000.0,96000.0,146000.0,number,number,E
2022-01,2022,New Brunswick,"Total, all persons",Excellent or very good perceived health,347000.0,314000.0,379000.0,number,number,
2022-01,2022,New Brunswick,"Total, all persons",Fair or poor perceived health,102000.0,80000.0,123000.0,number,number,E
2022-01,2022,New Brunswick,"Total, all persons",Good perceived health,213000.0,182000.0,244000.0,number,number,
2022-01,2022,New Brunswick,Women,Excellent or very good perceived health,178000.0,157000.0,198000.0,number,number,
2022-01,2022,New Brunswick,Women,Fair or poor perceived health,65000.0,50000.0,81000.0,number,number,E
2022-01,2022,New Brunswick,Women,Good perceived health,92000.0,73000.0,111000.0,number,number,E
2022-01,2022,Newfoundland and Labrador,Men,Excellent or very good perceived health,125000.0,106000.0,143000.0,number,number,E
2022-01,2022,Newfoundland and Labrador,Men,Good perceived health,60000.0,43000.0,77000.0,number,number,E
2022-01,2022,Newfoundland and Labrador,"Total, all persons",Excellent or very good perceived health,246000.0,221000.0,271000.0,number,number,
2022-01,2022,Newfoundland and Labrador,"Total, all persons",Fair or poor perceived health,75000.0,57000.0,93000.0,number,number,E
2022-01,2022,Newfoundland and Labrador,"Total, all persons",Good perceived health,126000.0,103000.0,148000.0,number,number,
2022-01,2022,Newfoundland and Labrador,Women,Excellent or very good perceived health,121000.0,104000.0,138000.0,number,number,
2022-01,2022,Newfoundland and Labrador,Women,Good perceived health,65000.0,51000.0,80000.0,number,number,E
2022-01,2022,Nova Scotia,Men,Excellent or very good perceived health,214000.0,176000.0,251000.0,number,number,E
2022-01,2022,Nova Scotia,Men,Good perceived health,113000.0,88000.0,138000.0,number,number,E
2022-01,2022,Nova Scotia,"Total, all persons",Excellent or very good perceived health,415000.0,365000.0,464000.0,number,number,
2022-01,2022,Nova Scotia,"Total, all persons",Fair or poor perceived health,150000.0,110000.0,191000.0,number,number,E
2022-01,2022,Nova Scotia,"Total, all persons",Good perceived health,274000.0,235000.0,313000.0,number,number,
2022-01,2022,Nova Scotia,Women,Excellent or very good perceived health,201000.0,171000.0,231000.0,number,number,
2022-01,2022,Nova Scotia,Women,Good perceived health,161000.0,130000.0,191000.0,number,number,
2022-01,2022,Ontario,Men,Excellent or very good perceived health,3421000.0,3206000.0,3636000.0,number,number,
2022-01,2022,Ontario,Men,Fair or poor perceived health,786000.0,650000.0,921000.0,number,number,
2022-01,2022,Ontario,Men,Good perceived health,1945000.0,1750000.0,2139000.0,number,number,
2022-01,2022,Ontario,"Total, all persons",Excellent or very good perceived health,6633000.0,6339000.0,6927000.0,number,number,
2022-01,2022,Ontario,"Total, all persons",Fair or poor perceived health,1756000.0,1559000.0,1953000.0,number,number,
2022-01,2022,Ontario,"Total, all persons",Good perceived health,4085000.0,3817000.0,4354000.0,number,number,
2022-01,2022,Ontario,Women,Excellent or very good perceived health,3212000.0,3007000.0,3417000.0,number,number,
2022-01,2022,Ontario,Women,Fair or poor perceived health,970000.0,818000.0,1123000.0,number,number,
2022-01,2022,Ontario,Women,Good perceived health,2140000.0,1949000.0,2332000.0,number,number,
2022-01,2022,Prairies Region,Men,Excellent or very good perceived health,1496000.0,1384000.0,1608000.0,number,number,
2022-01,2022,Prairies Region,Men,Fair or poor perceived health,361000.0,287000.0,436000.0,number,number,
2022-01,2022,Prairies Region,Men,Good perceived health,892000.0,782000.0,1001000.0,number,number,
2022-01,2022,Prairies Region,"Total, all persons",Excellent or very good perceived health,2873000.0,2722000.0,3024000.0,number,number,
2022-01,2022,Prairies Region,"Total, all persons",Fair or poor perceived health,816000.0,708000.0,924000.0,number,number,
2022-01,2022,Prairies Region,"Total, all persons",Good perceived health,1838000.0,1692000.0,1984000.0,number,number,
2022-01,2022,Prairies Region,Women,Excellent or very good perceived health,1378000.0,1272000.0,1484000.0,number,number,
2022-01,2022,Prairies Region,Women,Fair or poor perceived health,454000.0,373000.0,535000.0,number,number,
2022-01,2022,Prairies Region,Women,Good perceived health,946000.0,843000.0,1049000.0,number,number,
2022-01,2022,Prince Edward Island,Men,Excellent or very good perceived health,32000.0,27000.0,38000.0,number,number,E
2022-01,2022,Prince Edward Island,Men,Good perceived health,25000.0,20000.0,31000.0,number,number,E
2022-01,2022,Prince Edward Island,"Total, all persons",Excellent or very good perceived health,74000.0,67000.0,81000.0,number,number,
2022-01,2022,Prince Edward Island,"Total, all persons",Fair or poor perceived health,17000.0,13000.0,22000.0,number,number,E
2022-01,2022,Prince Edward Island,"Total, all persons",Good perceived health,46000.0,39000.0,53000.0,number,number,
2022-01,2022,Prince Edward Island,Women,Excellent or very good perceived health,42000.0,37000.0,46000.0,number,number,
2022-01,2022,Prince Edward Island,Women,Good perceived health,21000.0,16000.0,25000.0,number,number,E
2022-01,2022,Quebec,Men,Excellent or very good perceived health,2102000.0,1964000.0,2240000.0,number,number,
2022-01,2022,Quebec,Men,Fair or poor perceived health,341000.0,265000.0,417000.0,number,number,E
2022-01,2022,Quebec,Men,Good perceived health,1101000.0,971000.0,1230000.0,number,number,
2022-01,2022,Quebec,"Total, all persons",Excellent or very good perceived health,4186000.0,4005000.0,4367000.0,number,number,
2022-01,2022,Quebec,"Total, all persons",Fair or poor perceived health,681000.0,581000.0,780000.0,number,number,
2022-01,2022,Quebec,"Total, all persons",Good perceived health,2261000.0,2087000.0,2435000.0,number,number,
2022-01,2022,Quebec,Women,Excellent or very good perceived health,2084000.0,1959000.0,2208000.0,number,number,
2022-01,2022,Quebec,Women,Fair or poor perceived health,340000.0,273000.0,406000.0,number,number,E
2022-01,2022,Quebec,Women,Good perceived health,1160000.0,1039000.0,1281000.0,number,number,
2022-01,2022,Saskatchewan,Men,Excellent or very good perceived health,255000.0,221000.0,290000.0,number,number,
2022-01,2022,Saskatchewan,Men,Good perceived health,131000.0,99000.0,162000.0,number,number,E
2022-01,2022,Saskatchewan,"Total, all persons",Excellent or very good perceived health,459000.0,412000.0,505000.0,number,number,
2022-01,2022,Saskatchewan,"Total, all persons",Fair or poor perceived health,144000.0,111000.0,176000.0,number,number,E
2022-01,2022,Saskatchewan,"Total, all persons",Good perceived health,290000.0,246000.0,335000.0,number,number,
2022-01,2022,Saskatchewan,Women,Excellent or very good perceived health,203000.0,173000.0,234000.0,number,number,
2022-01,2022,Saskatchewan,Women,Fair or poor perceived health,94000.0,67000.0,120000.0,number,number,E
2022-01,2022,Saskatchewan,Women,Good perceived health,160000.0,126000.0,194000.0,number,number,E
2022-04,2022,Alberta,Men,Excellent or very good perceived health,834000.0,724000.0,944000.0,number,number,
2022-04,2022,Alberta,Men,Good perceived health,770000.0,659000.0,881000.0,number,number,
2022-04,2022,Alberta,"Total, all persons",Excellent or very good perceived health,1791000.0,1643000.0,1940000.0,number,number,
2022-04,2022,Alberta,"Total, all persons",Fair or poor perceived health,490000.0,401000.0,579000.0,number,number,
2022-04,2022,Alberta,"Total, all persons",Good perceived health,1320000.0,1175000.0,1465000.0,number,number,
2022-04,2022,Alberta,Women,Excellent or very good perceived health,957000.0,862000.0,1052000.0,number,number,
2022-04,2022,Alberta,Women,Fair or poor perceived health,288000.0,223000.0,354000.0,number,number,E
2022-04,2022,Alberta,Women,Good perceived health,550000.0,462000.0,639000.0,number,number,
2022-04,2022,Atlantic Region,Men,Excellent or very good perceived health,510000.0,465000.0,556000.0,number,number,
2022-04,2022,Atlantic Region,Men,Fair or poor perceived health,168000.0,136000.0,199000.0,number,number,
2022-04,2022,Atlantic Region,Men,Good perceived health,353000.0,309000.0,396000.0,number,number,
2022-04,2022,Atlantic Region,"Total, all persons",Excellent or very good perceived health,1036000.0,972000.0,1099000.0,number,number,
2022-04,2022,Atlantic Region,"Total, all persons",Fair or poor perceived health,336000.0,294000.0,378000.0,number,number,
2022-04,2022,Atlantic Region,"Total, all persons",Good perceived health,723000.0,663000.0,783000.0,number,number,
2022-04,2022,Atlantic Region,Women,Excellent or very good perceived health,526000.0,481000.0,571000.0,number,number,
2022-04,2022,Atlantic Region,Women,Fair or poor perceived health,169000.0,142000.0,195000.0,number,number,
2022-04,2022,Atlantic Region,Women,Good perceived health,370000.0,328000.0,412000.0,number,number,
2022-04,2022,British Columbia,Men,Excellent or very good perceived health,1050000.0,933000.0,1167000.0,number,number,
2022-04,2022,British Columbia,Men,Fair or poor perceived health,391000.0,303000.0,478000.0,number,number,E
2022-04,2022,British Columbia,Men,Good perceived health,733000.0,623000.0,842000.0,number,number,
2022-04,2022,British Columbia,"Total, all persons",Excellent or very good perceived health,2082000.0,1931000.0,2233000.0,number,number,
2022-04,2022,British Columbia,"Total, all persons",Fair or poor perceived health,784000.0,668000.0,900000.0,number,number,
2022-04,2022,British Columbia,"Total, all persons",Good perceived health,1561000.0,1413000.0,1708000.0,number,number,
2022-04,2022,British Columbia,Women,Excellent or very good perceived health,1032000.0,927000.0,1136000.0,number,number,
2022-04,2022,British Columbia,Women,Fair or poor perceived health,393000.0,317000.0,470000.0,number,number,
2022-04,2022,British Columbia,Women,Good perceived health,828000.0,731000.0,925000.0,number,number,
2022-04,2022,Canada (excluding territories),Men,Excellent or very good perceived health,8006000.0,7706000.0,8306000.0,number,number,
2022-04,2022,Canada (excluding territories),Men,Fair or poor perceived health,2080000.0,1885000.0,2274000.0,number,number,
2022-04,2022,Canada (excluding territories),Men,Good perceived health,5596000.0,5304000.0,5888000.0,number,number,
2022-04,2022,Canada (excluding territories),"Total, all persons",Excellent or very good perceived health,16043000.0,15628000.0,16458000.0,number,number,
2022-04,2022,Canada (excluding territories),"Total, all persons",Fair or poor perceived health,4614000.0,4341000.0,4887000.0,number,number,
2022-04,2022,Canada (excluding territories),"Total, all persons",Good perceived health,11082000.0,10673000.0,11490000.0,number,number,
2022-04,2022,Canada (excluding territories),Women,Excellent or very good perceived health,8037000.0,7747000.0,8327000.0,number,number,
2022-04,2022,Canada (excluding territories),Women,Fair or poor perceived health,2534000.0,2335000.0,2733000.0,number,number,
2022-04,2022,Canada (excluding territories),Women,Good perceived health,5486000.0,5211000.0,5761000.0,number,number,
2022-04,2022,Manitoba,Men,Excellent or very good perceived health,283000.0,239000.0,327000.0,number,number,E
2022-04,2022,Manitoba,Men,Good perceived health,178000.0,136000.0,219000.0,number,number,E
2022-04,2022,Manitoba,"Total, all persons",Excellent or very good perceived health,551000.0,492000.0,609000.0,number,number,
2022-04,2022,Manitoba,"Total, all persons",Fair or poor perceived health,136000.0,102000.0,169000.0,number,number,E
2022-04,2022,Manitoba,"Total, all persons",Good perceived health,378000.0,323000.0,434000.0,number,number,
2022-04,2022,Manitoba,Women,Excellent or very good perceived health,268000.0,229000.0,307000.0,number,number,
2022-04,2022,Manitoba,Women,Good perceived health,201000.0,164000.0,238000.0,number,number,E
2022-04,2022,New Brunswick,Men,Excellent or very good perceived health,135000.0,105000.0,164000.0,number,number,E
2022-04,2022,New Brunswick,Men,Good perceived health,130000.0,101000.0,158000.0,number,number,E
2022-04,2022,New Brunswick,"Total, all persons",Excellent or very good perceived health,298000.0,262000.0,335000.0,number,number,
2022-04,2022,New Brunswick,"Total, all persons",Fair or poor perceived health,116000.0,88000.0,144000.0,number,number,E
2022-04,2022,New Brunswick,"Total, all persons",Good perceived health,251000.0,216000.0,286000.0,number,number,
2022-04,2022,New Brunswick,Women,Excellent or very good perceived health,164000.0,141000.0,186000.0,number,number,
2022-04,2022,New Brunswick,Women,Good perceived health,121000.0,101000.0,141000.0,number,number,E
2022-04,2022,Newfoundland and Labrador,Men,Excellent or very good perceived health,123000.0,104000.0,142000.0,number,number,
2022-04,2022,Newfoundland and Labrador,Men,Good perceived health,66000.0,48000.0,83000.0,number,number,E
2022-04,2022,Newfoundland and Labrador,"Total, all persons",Excellent or very good perceived health,242000.0,216000.0,268000.0,number,number,
2022-04,2022,Newfoundland and Labrador,"Total, all persons",Fair or poor perceived health,67000.0,52000.0,82000.0,number,number,E
2022-04,2022,Newfoundland and Labrador,"Total, all persons",Good perceived health,139000.0,116000.0,162000.0,number,number,
2022-04,2022,Newfoundland and Labrador,Women,Excellent or very good perceived health,119000.0,102000.0,136000.0,number,number,
2022-04,2022,Newfoundland and Labrador,Women,Good perceived health,73000.0,58000.0,89000.0,number,number,E
2022-04,2022,Nova Scotia,Men,Excellent or very good perceived health,214000.0,186000.0,243000.0,number,number,E
2022-04,2022,Nova Scotia,Men,Good perceived health,139000.0,110000.0,167000.0,number,number,E
2022-04,2022,Nova Scotia,"Total, all persons",Excellent or very good perceived health,418000.0,373000.0,463000.0,number,number,
2022-04,2022,Nova Scotia,"Total, all persons",Fair or poor perceived health,134000.0,106000.0,162000.0,number,number,E
2022-04,2022,Nova Scotia,"Total, all persons",Good perceived health,291000.0,248000.0,334000.0,number,number,
2022-04,2022,Nova Scotia,Women,Excellent or very good perceived health,203000.0,169000.0,238000.0,number,number,
2022-04,2022,Nova Scotia,Women,Good perceived health,153000.0,119000.0,186000.0,number,number,E
2022-04,2022,Ontario,Men,Excellent or very good perceived health,3014000.0,2810000.0,3219000.0,number,number,
2022-04,2022,Ontario,Men,Fair or poor perceived health,815000.0,685000.0,945000.0,number,number,
2022-04,2022,Ontario,Men,Good perceived health,2300000.0,2097000.0,2502000.0,number,number,
2022-04,2022,Ontario,"Total, all persons",Excellent or very good perceived health,6006000.0,5719000.0,6293000.0,number,number,
2022-04,2022,Ontario,"Total, all persons",Fair or poor perceived health,1988000.0,1785000.0,2191000.0,number,number,
2022-04,2022,Ontario,"Total, all persons",Good perceived health,4507000.0,4233000.0,4781000.0,number,number,
2022-04,2022,Ontario,Women,Excellent or very good perceived health,2992000.0,2791000.0,3193000.0,number,number,
2022-04,2022,Ontario,Women,Fair or poor perceived health,1173000.0,1016000.0,1331000.0,number,number,
2022-04,2022,Ontario,Women,Good perceived health,2207000.0,2023000.0,2391000.0,number,number,
2022-04,2022,Prairies Region,Men,Excellent or very good perceived health,1368000.0,1244000.0,1492000.0,number,number,
2022-04,2022,Prairies Region,Men,Fair or poor perceived health,319000.0,249000.0,388000.0,number,number,
2022-04,2022,Prairies Region,Men,Good perceived health,1104000.0,980000.0,1227000.0,number,number,
2022-04,2022,Prairies Region,"Total, all persons",Excellent or very good perceived health,2795000.0,2630000.0,2960000.0,number,number,
2022-04,2022,Prairies Region,"Total, all persons",Fair or poor perceived health,752000.0,652000.0,852000.0,number,number,
2022-04,2022,Prairies Region,"Total, all persons",Good perceived health,2017000.0,1856000.0,2178000.0,number,number,
2022-04,2022,Prairies Region,Women,Excellent or very good perceived health,1427000.0,1322000.0,1531000.0,number,number,
2022-04,2022,Prairies Region,Women,Fair or poor perceived health,433000.0,361000.0,505000.0,number,number,
2022-04,2022,Prairies Region,Women,Good perceived health,913000.0,813000.0,1014000.0,number,number,
2022-04,2022,Prince Edward Island,Men,Excellent or very good perceived health,38000.0,33000.0,43000.0,number,number,E
2022-04,2022,Prince Edward Island,Men,Good perceived health,19000.0,14000.0,23000.0,number,number,E
2022-04,2022,Prince Edward Island,"Total, all persons",Excellent or very good perceived health,78000.0,71000.0,85000.0,number,number,
2022-04,2022,Prince Edward Island,"Total, all persons",Fair or poor perceived health,19000.0,15000.0,24000.0,number,number,E
2022-04,2022,Prince Edward Island,"Total, all persons",Good perceived health,41000.0,35000.0,48000.0,number,number,
2022-04,2022,Prince Edward Island,Women,Excellent or very good perceived health,40000.0,35000.0,44000.0,number,number,
2022-04,2022,Prince Edward Island,Women,Good perceived health,23000.0,18000.0,27000.0,number,number,E
2022-04,2022,Quebec,Men,Excellent or very good perceived health,2063000.0,1935000.0,2192000.0,number,number,
2022-04,2022,Quebec,Men,Fair or poor perceived health,388000.0,300000.0,476000.0,number,number,E
2022-04,2022,Quebec,Men,Good perceived health,1107000.0,988000.0,1226000.0,number,number,
2022-04,2022,Quebec,"Total, all persons",Excellent or very good perceived health,4125000.0,3942000.0,4308000.0,number,number,
2022-04,2022,Quebec,"Total, all persons",Fair or poor perceived health,753000.0,642000.0,865000.0,number,number,
2022-04,2022,Quebec,"Total, all persons",Good perceived health,2275000.0,2105000.0,2444000.0,number,number,
2022-04,2022,Quebec,Women,Excellent or very good perceived health,2061000.0,1932000.0,2190000.0,number,number,
2022-04,2022,Quebec,Women,Fair or poor perceived health,366000.0,295000.0,436000.0,number,number,E
2022-04,2022,Quebec,Women,Good perceived health,1167000.0,1047000.0,1288000.0,number,number,
2022-04,2022,Saskatchewan,Men,Excellent or very good perceived health,252000.0,220000.0,283000.0,number,number,
2022-04,2022,Saskatchewan,Men,Good perceived health,156000.0,124000.0,188000.0,number,number,E
2022-04,2022,Saskatchewan,"Total, all persons",Excellent or very good perceived health,453000.0,410000.0,496000.0,number,number,
2022-04,2022,Saskatchewan,"Total, all persons",Fair or poor perceived health,127000.0,97000.0,156000.0,number,number,E
2022-04,2022,Saskatchewan,"Total, all persons",Good perceived health,318000.0,275000.0,361000.0,number,number,
2022-04,2022,Saskatchewan,Women,Excellent or very good perceived health,201000.0,171000.0,232000.0,number,number,
2022-04,2022,Saskatchewan,Women,Good perceived health,162000.0,133000.0,191000.0,number,number,E
2022-07,2022,Alberta,Men,Excellent or very good perceived health,1067000.0,963000.0,1172000.0,number,number,
2022-07,2022,Alberta,Men,Good perceived health,552000.0,460000.0,644000.0,number,number,
2022-07,2022,Alberta,"Total, all persons",Excellent or very good perceived health,2056000.0,1915000.0,2197000.0,number,number,
2022-07,2022,Alberta,"Total, all persons",Fair or poor perceived health,465000.0,370000.0,561000.0,number,number,E
2022-07,2022,Alberta,"Total, all persons",Good perceived health,1113000.0,985000.0,1241000.0,number,number,
2022-07,2022,Alberta,Women,Excellent or very good perceived health,989000.0,895000.0,1082000.0,number,number,
2022-07,2022,Alberta,Women,Fair or poor perceived health,267000.0,197000.0,338000.0,number,number,E
2022-07,2022,Alberta,Women,Good perceived health,561000.0,472000.0,650000.0,number,number,
2022-07,2022,Atlantic Region,Men,Excellent or very good perceived health,540000.0,493000.0,586000.0,number,number,
2022-07,2022,Atlantic Region,Men,Fair or poor perceived health,155000.0,119000.0,191000.0,number,number,
2022-07,2022,Atlantic Region,Men,Good perceived health,334000.0,291000.0,377000.0,number,number,
2022-07,2022,Atlantic Region,"Total, all persons",Excellent or very good perceived health,1116000.0,1054000.0,1177000.0,number,number,
2022-07,2022,Atlantic Region,"Total, all persons",Fair or poor perceived health,311000.0,265000.0,356000.0,number,number,
2022-07,2022,Atlantic Region,"Total, all persons",Good perceived health,678000.0,621000.0,735000.0,number,number,
2022-07,2022,Atlantic Region,Women,Excellent or very good perceived health,576000.0,532000.0,620000.0,number,number,
2022-07,2022,Atlantic Region,Women,Fair or poor perceived health,155000.0,127000.0,184000.0,number,number,
2022-07,2022,Atlantic Region,Women,Good perceived health,343000.0,305000.0,382000.0,number,number,
2022-07,2022,British Columbia,Men,Excellent or very good perceived health,1244000.0,1120000.0,1368000.0,number,number,
2022-07,2022,British Columbia,Men,Good perceived health,730000.0,608000.0,853000.0,number,number,
2022-07,2022,British Columbia,"Total, all persons",Excellent or very good perceived health,2460000.0,2293000.0,2627000.0,number,number,
2022-07,2022,British Columbia,"Total, all persons",Fair or poor perceived health,524000.0,424000.0,624000.0,number,number,
2022-07,2022,British Columbia,"Total, all persons",Good perceived health,1454000.0,1294000.0,1613000.0,number,number,
2022-07,2022,British Columbia,Women,Excellent or very good perceived health,1216000.0,1097000.0,1336000.0,number,number,
2022-07,2022,British Columbia,Women,Fair or poor perceived health,285000.0,215000.0,355000.0,number,number,E
2022-07,2022,British Columbia,Women,Good perceived health,723000.0,613000.0,833000.0,number,number,
2022-07,2022,Canada (excluding territories),Men,Excellent or very good perceived health,9411000.0,9118000.0,9704000.0,number,number,
2022-07,2022,Canada (excluding territories),Men,Fair or poor perceived health,1743000.0,1564000.0,1921000.0,number,number,
2022-07,2022,Canada (excluding territories),Men,Good perceived health,4667000.0,4382000.0,4953000.0,number,number,
2022-07,2022,Canada (excluding territories),"Total, all persons",Excellent or very good perceived health,18451000.0,18040000.0,18862000.0,number,number,
2022-07,2022,Canada (excluding territories),"Total, all persons",Fair or poor perceived health,3788000.0,3528000.0,4049000.0,number,number,
2022-07,2022,Canada (excluding territories),"Total, all persons",Good perceived health,9623000.0,9236000.0,10011000.0,number,number,
2022-07,2022,Canada (excluding territories),Women,Excellent or very good perceived health,9040000.0,8744000.0,9337000.0,number,number,
2022-07,2022,Canada (excluding territories),Women,Fair or poor perceived health,2046000.0,1860000.0,2231000.0,number,number,
2022-07,2022,Canada (excluding territories),Women,Good perceived health,4956000.0,4685000.0,5227000.0,number,number,
2022-07,2022,Manitoba,Men,Excellent or very good perceived health,334000.0,295000.0,372000.0,number,number,
2022-07,2022,Manitoba,Men,Good perceived health,146000.0,111000.0,180000.0,number,number,E
2022-07,2022,Manitoba,"Total, all persons",Excellent or very good perceived health,621000.0,563000.0,678000.0,number,number,
2022-07,2022,Manitoba,"Total, all persons",Good perceived health,330000.0,276000.0,384000.0,number,number,
2022-07,2022,Manitoba,Women,Excellent or very good perceived health,287000.0,243000.0,331000.0,number,number,
2022-07,2022,Manitoba,Women,Good perceived health,184000.0,143000.0,225000.0,number,number,E
2022-07,2022,New Brunswick,Men,Excellent or very good perceived health,174000.0,149000.0,199000.0,number,number,E
2022-07,2022,New Brunswick,Men,Good perceived health,107000.0,82000.0,133000.0,number,number,E
2022-07,2022,New Brunswick,"Total, all persons",Excellent or very good perceived health,344000.0,309000.0,380000.0,number,number,
2022-07,2022,New Brunswick,"Total, all persons",Fair or poor perceived health,106000.0,83000.0,130000.0,number,number,E
2022-07,2022,New Brunswick,"Total, all persons",Good perceived health,220000.0,186000.0,254000.0,number,number,
2022-07,2022,New Brunswick,Women,Excellent or very good perceived health,171000.0,146000.0,195000.0,number,number,
2022-07,2022,New Brunswick,Women,Good perceived health,113000.0,91000.0,135000.0,number,number,E
2022-07,2022,Newfoundland and Labrador,Men,Excellent or very good perceived health,129000.0,111000.0,147000.0,number,number,E
2022-07,2022,Newfoundland and Labrador,"Total, all persons",Excellent or very good perceived health,258000.0,234000.0,282000.0,number,number,
2022-07,2022,Newfoundland and Labrador,"Total, all persons",Fair or poor perceived health,58000.0,43000.0,73000.0,number,number,E
2022-07,2022,Newfoundland and Labrador,"Total, all persons",Good perceived health,133000.0,111000.0,155000.0,number,number,
2022-07,2022,Newfoundland and Labrador,Women,Excellent or very good perceived health,129000.0,114000.0,145000.0,number,number,
2022-07,2022,Newfoundland and Labrador,Women,Good perceived health,71000.0,57000.0,85000.0,number,number,E
2022-07,2022,Nova Scotia,Men,Excellent or very good perceived health,200000.0,166000.0,235000.0,number,number,
2022-07,2022,Nova Scotia,Men,Good perceived health,140000.0,109000.0,171000.0,number,number,E
2022-07,2022,Nova Scotia,"Total, all persons",Excellent or very good perceived health,435000.0,389000.0,480000.0,number,number,
2022-07,2022,Nova Scotia,"Total, all persons",Fair or poor perceived health,132000.0,95000.0,168000.0,number,number,E
2022-07,2022,Nova Scotia,"Total, all persons",Good perceived health,278000.0,236000.0,320000.0,number,number,
2022-07,2022,Nova Scotia,Women,Excellent or very good perceived health,234000.0,202000.0,266000.0,number,number,
2022-07,2022,Nova Scotia,Women,Good perceived health,138000.0,109000.0,167000.0,number,number,E
2022-07,2022,Ontario,Men,Excellent or very good perceived health,3606000.0,3411000.0,3801000.0,number,number,
2022-07,2022,Ontario,Men,Fair or poor perceived health,791000.0,659000.0,923000.0,number,number,
2022-07,2022,Ontario,Men,Good perceived health,1791000.0,1600000.0,1982000.0,number,number,
2022-07,2022,Ontario,"Total, all persons",Excellent or very good perceived health,7128000.0,6846000.0,7411000.0,number,number,
2022-07,2022,Ontario,"Total, all persons",Fair or poor perceived health,1676000.0,1484000.0,1869000.0,number,number,
2022-07,2022,Ontario,"Total, all persons",Good perceived health,3743000.0,3478000.0,4007000.0,number,number,
2022-07,2022,Ontario,Women,Excellent or very good perceived health,3522000.0,3320000.0,3725000.0,number,number,
2022-07,2022,Ontario,Women,Fair or poor perceived health,886000.0,749000.0,1023000.0,number,number,
2022-07,2022,Ontario,Women,Good perceived health,1952000.0,1773000.0,2131000.0,number,number,
2022-07,2022,Prairies Region,Men,Excellent or very good perceived health,1663000.0,1544000.0,1782000.0,number,number,
2022-07,2022,Prairies Region,Men,Fair or poor perceived health,283000.0,210000.0,355000.0,number,number,E
2022-07,2022,Prairies Region,Men,Good perceived health,838000.0,732000.0,943000.0,number,number,
2022-07,2022,Prairies Region,"Total, all persons",Excellent or very good perceived health,3185000.0,3025000.0,3345000.0,number,number,
2022-07,2022,Prairies Region,"Total, all persons",Fair or poor perceived health,671000.0,568000.0,775000.0,number,number,
2022-07,2022,Prairies Region,"Total, all persons",Good perceived health,1743000.0,1594000.0,1893000.0,number,number,
2022-07,2022,Prairies Region,Women,Excellent or very good perceived health,1522000.0,1406000.0,1638000.0,number,number,
2022-07,2022,Prairies Region,Women,Fair or poor perceived health,389000.0,313000.0,464000.0,number,number,
2022-07,2022,Prairies Region,Women,Good perceived health,906000.0,801000.0,1010000.0,number,number,
2022-07,2022,Prince Edward Island,Men,Excellent or very good perceived health,37000.0,31000.0,42000.0,number,number,E
2022-07,2022,Prince Edward Island,Men,Good perceived health,25000.0,20000.0,30000.0,number,number,E
2022-07,2022,Prince Edward Island,"Total, all persons",Excellent or very good perceived health,79000.0,71000.0,86000.0,number,number,
2022-07,2022,Prince Edward Island,"Total, all persons",Fair or poor perceived health,15000.0,10000.0,19000.0,number,number,E
2022-07,2022,Prince Edward Island,"Total, all persons",Good perceived health,47000.0,39000.0,54000.0,number,number,
2022-07,2022,Prince Edward Island,Women,Excellent or very good perceived health,42000.0,36000.0,47000.0,number,number,
2022-07,2022,Prince Edward Island,Women,Good perceived health,22000.0,16000.0,27000.0,number,number,E
2022-07,2022,Quebec,Men,Excellent or very good perceived health,2358000.0,2239000.0,2477000.0,number,number,
2022-07,2022,Quebec,Men,Fair or poor perceived health,275000.0,207000.0,343000.0,number,number,E
2022-07,2022,Quebec,Men,Good perceived health,974000.0,854000.0,1094000.0,number,number,
2022-07,2022,Quebec,"Total, all persons",Excellent or very good perceived health,4562000.0,4387000.0,4737000.0,number,number,
2022-07,2022,Quebec,"Total, all persons",Fair or poor perceived health,606000.0,508000.0,703000.0,number,number,
2022-07,2022,Quebec,"Total, all persons",Good perceived health,2006000.0,1834000.0,2178000.0,number,number,
2022-07,2022,Quebec,Women,Excellent or very good perceived health,2204000.0,2071000.0,2336000.0,number,number,
2022-07,2022,Quebec,Women,Fair or poor perceived health,331000.0,259000.0,402000.0,number,number,E
2022-07,2022,Quebec,Women,Good perceived health,1032000.0,909000.0,1155000.0,number,number,
2022-07,2022,Saskatchewan,Men,Excellent or very good perceived health,262000.0,217000.0,307000.0,number,number,
2022-07,2022,Saskatchewan,Men,Good perceived health,140000.0,105000.0,175000.0,number,number,E
2022-07,2022,Saskatchewan,"Total, all persons",Excellent or very good perceived health,508000.0,461000.0,555000.0,number,number,
2022-07,2022,Saskatchewan,"Total, all persons",Fair or poor perceived health,94000.0,70000.0,119000.0,number,number,E
2022-07,2022,Saskatchewan,"Total, all persons",Good perceived health,300000.0,254000.0,347000.0,number,number,
2022-07,2022,Saskatchewan,Women,Excellent or very good perceived health,246000.0,198000.0,295000.0,number,number,
2022-07,2022,Saskatchewan,Women,Good perceived health,161000.0,129000.0,193000.0,number,number,E
2022-10,2022,Alberta,Men,Excellent or very good perceived health,914000.0,805000.0,1023000.0,number,number,
2022-10,2022,Alberta,Men,Fair or poor perceived health,289000.0,211000.0,367000.0,number,number,E
2022-10,2022,Alberta,Men,Good perceived health,604000.0,500000.0,709000.0,number,number,
2022-10,2022,Alberta,"Total, all persons",Excellent or very good perceived health,1813000.0,1655000.0,1971000.0,number,number,
2022-10,2022,Alberta,"Total, all persons",Fair or poor perceived health,591000.0,475000.0,706000.0,number,number,
2022-10,2022,Alberta,"Total, all persons",Good perceived health,1246000.0,1096000.0,1397000.0,number,number,
2022-10,2022,Alberta,Women,Excellent or very good perceived health,899000.0,784000.0,1015000.0,number,number,
2022-10,2022,Alberta,Women,Fair or poor perceived health,302000.0,219000.0,384000.0,number,number,E
2022-10,2022,Alberta,Women,Good perceived health,642000.0,531000.0,753000.0,number,number,
2022-10,2022,Atlantic Region,Men,Excellent or very good perceived health,490000.0,442000.0,537000.0,number,number,
2022-10,2022,Atlantic Region,Men,Fair or poor perceived health,208000.0,171000.0,246000.0,number,number,
2022-10,2022,Atlantic Region,Men,Good perceived health,349000.0,302000.0,396000.0,number,number,
2022-10,2022,Atlantic Region,"Total, all persons",Excellent or very good perceived health,959000.0,895000.0,1023000.0,number,number,
2022-10,2022,Atlantic Region,"Total, all persons",Fair or poor perceived health,385000.0,334000.0,435000.0,number,number,
2022-10,2022,Atlantic Region,"Total, all persons",Good perceived health,773000.0,711000.0,836000.0,number,number,
2022-10,2022,Atlantic Region,Women,Excellent or very good perceived health,469000.0,425000.0,514000.0,number,number,
2022-10,2022,Atlantic Region,Women,Fair or poor perceived health,177000.0,145000.0,209000.0,number,number,
2022-10,2022,Atlantic Region,Women,Good perceived health,424000.0,382000.0,466000.0,number,number,
2022-10,2022,British Columbia,Men,Excellent or very good perceived health,1127000.0,1006000.0,1249000.0,number,number,
2022-10,2022,British Columbia,Men,Fair or poor perceived health,335000.0,247000.0,422000.0,number,number,E
2022-10,2022,British Columbia,Men,Good perceived health,711000.0,600000.0,822000.0,number,number,
2022-10,2022,British Columbia,"Total, all persons",Excellent or very good perceived health,2145000.0,1979000.0,2311000.0,number,number,
2022-10,2022,British Columbia,"Total, all persons",Fair or poor perceived health,790000.0,662000.0,918000.0,number,number,
2022-10,2022,British Columbia,"Total, all persons",Good perceived health,1510000.0,1350000.0,1670000.0,number,number,
2022-10,2022,British Columbia,Women,Excellent or very good perceived health,1018000.0,899000.0,1137000.0,number,number,
2022-10,2022,British Columbia,Women,Fair or poor perceived health,456000.0,360000.0,551000.0,number,number,E
2022-10,2022,British Columbia,Women,Good perceived health,799000.0,685000.0,913000.0,number,number,
2022-10,2022,Canada (excluding territories),Men,Excellent or very good perceived health,8138000.0,7805000.0,8472000.0,number,number,
2022-10,2022,Canada (excluding territories),Men,Fair or poor perceived health,2364000.0,2127000.0,2600000.0,number,number,
2022-10,2022,Canada (excluding territories),Men,Good perceived health,5327000.0,5003000.0,5650000.0,number,number,
2022-10,2022,Canada (excluding territories),"Total, all persons",Excellent or very good perceived health,15903000.0,15436000.0,16370000.0,number,number,
2022-10,2022,Canada (excluding territories),"Total, all persons",Fair or poor perceived health,5163000.0,4832000.0,5494000.0,number,number,
2022-10,2022,Canada (excluding territories),"Total, all persons",Good perceived health,10925000.0,10483000.0,11368000.0,number,number,
2022-10,2022,Canada (excluding territories),Women,Excellent or very good perceived health,7765000.0,7428000.0,8102000.0,number,number,
2022-10,2022,Canada (excluding territories),Women,Fair or poor perceived health,2800000.0,2560000.0,3039000.0,number,number,
2022-10,2022,Canada (excluding territories),Women,Good perceived health,5599000.0,5286000.0,5911000.0,number,number,
2022-10,2022,Manitoba,Men,Excellent or very good perceived health,309000.0,265000.0,352000.0,number,number,E
2022-10,2022,Manitoba,Men,Good perceived health,155000.0,118000.0,193000.0,number,number,E
2022-10,2022,Manitoba,"Total, all persons",Excellent or very good perceived health,564000.0,504000.0,623000.0,number,number,
2022-10,2022,Manitoba,"Total, all persons",Fair or poor perceived health,158000.0,116000.0,199000.0,number,number,E
2022-10,2022,Manitoba,"Total, all persons",Good perceived health,351000.0,295000.0,407000.0,number,number,
2022-10,2022,Manitoba,Women,Excellent or very good perceived health,255000.0,211000.0,299000.0,number,number,
2022-10,2022,Manitoba,Women,Good perceived health,196000.0,154000.0,237000.0,number,number,E
2022-10,2022,New Brunswick,Men,Excellent or very good perceived health,138000.0,112000.0,165000.0,number,number,E
2022-10,2022,New Brunswick,Men,Good perceived health,109000.0,87000.0,132000.0,number,number,E
2022-10,2022,New Brunswick,"Total, all persons",Excellent or very good perceived health,278000.0,241000.0,315000.0,number,number,
2022-10,2022,New Brunswick,"Total, all persons",Fair or poor perceived health,142000.0,111000.0,174000.0,number,number,E
2022-10,2022,New Brunswick,"Total, all persons",Good perceived health,253000.0,219000.0,287000.0,number,number,
2022-10,2022,New Brunswick,Women,Excellent or very good perceived health,140000.0,115000.0,165000.0,number,number,E
2022-10,2022,New Brunswick,Women,Good perceived health,144000.0,119000.0,169000.0,number,number,E
2022-10,2022,Newfoundland and Labrador,Men,Excellent or very good perceived health,108000.0,89000.0,127000.0,number,number,E
2022-10,2022,Newfoundland and Labrador,Men,Good perceived health,75000.0,57000.0,93000.0,number,number,E
2022-10,2022,Newfoundland and Labrador,"Total, all persons",Excellent or very good perceived health,219000.0,193000.0,244000.0,number,number,
2022-10,2022,Newfoundland and Labrador,"Total, all persons",Fair or poor perceived health,83000.0,65000.0,100000.0,number,number,E
2022-10,2022,Newfoundland and Labrador,"Total, all persons",Good perceived health,146000.0,124000.0,169000.0,number,number,
2022-10,2022,Newfoundland and Labrador,Women,Excellent or very good perceived health,111000.0,94000.0,128000.0,number,number,
2022-10,2022,Newfoundland and Labrador,Women,Good perceived health,71000.0,57000.0,86000.0,number,number,E
2022-10,2022,Nova Scotia,Men,Excellent or very good perceived health,213000.0,177000.0,248000.0,number,number,E
2022-10,2022,Nova Scotia,Men,Good perceived health,140000.0,104000.0,177000.0,number,number,E
2022-10,2022,Nova Scotia,"Total, all persons",Excellent or very good perceived health,401000.0,355000.0,448000.0,number,number,
2022-10,2022,Nova Scotia,"Total, all persons",Fair or poor perceived health,136000.0,104000.0,167000.0,number,number,E
2022-10,2022,Nova Scotia,"Total, all persons",Good perceived health,318000.0,273000.0,363000.0,number,number,
2022-10,2022,Nova Scotia,Women,Excellent or very good perceived health,189000.0,158000.0,219000.0,number,number,
2022-10,2022,Nova Scotia,Women,Good perceived health,178000.0,150000.0,205000.0,number,number,
2022-10,2022,Ontario,Men,Excellent or very good perceived health,2992000.0,2759000.0,3225000.0,number,number,
2022-10,2022,Ontario,Men,Fair or poor perceived health,1056000.0,882000.0,1231000.0,number,number,
2022-10,2022,Ontario,Men,Good perceived health,2195000.0,1952000.0,2439000.0,number,number,
2022-10,2022,Ontario,"Total, all persons",Excellent or very good perceived health,6051000.0,5724000.0,6378000.0,number,number,
2022-10,2022,Ontario,"Total, all persons",Fair or poor perceived health,2279000.0,2035000.0,2524000.0,number,number,
2022-10,2022,Ontario,"Total, all persons",Good perceived health,4275000.0,3959000.0,4591000.0,number,number,
2022-10,2022,Ontario,Women,Excellent or very good perceived health,3060000.0,2823000.0,3296000.0,number,number,
2022-10,2022,Ontario,Women,Fair or poor perceived health,1223000.0,1047000.0,1399000.0,number,number,
2022-10,2022,Ontario,Women,Good perceived health,2080000.0,1860000.0,2300000.0,number,number,
2022-10,2022,Prairies Region,Men,Excellent or very good perceived health,1407000.0,1284000.0,1531000.0,number,number,
2022-10,2022,Prairies Region,Men,Fair or poor perceived health,432000.0,348000.0,515000.0,number,number,
2022-10,2022,Prairies Region,Men,Good perceived health,962000.0,844000.0,1080000.0,number,number,
2022-10,2022,Prairies Region,"Total, all persons",Excellent or very good perceived health,2758000.0,2578000.0,2938000.0,number,number,
2022-10,2022,Prairies Region,"Total, all persons",Fair or poor perceived health,883000.0,757000.0,1010000.0,number,number,
2022-10,2022,Prairies Region,"Total, all persons",Good perceived health,1988000.0,1820000.0,2157000.0,number,number,
2022-10,2022,Prairies Region,Women,Excellent or very good perceived health,1351000.0,1221000.0,1480000.0,number,number,
2022-10,2022,Prairies Region,Women,Fair or poor perceived health,452000.0,362000.0,541000.0,number,number,
2022-10,2022,Prairies Region,Women,Good perceived health,1026000.0,903000.0,1150000.0,number,number,
2022-10,2022,Prince Edward Island,Men,Excellent or very good perceived health,31000.0,23000.0,39000.0,number,number,E
2022-10,2022,Prince Edward Island,Men,Good perceived health,25000.0,18000.0,31000.0,number,number,E
2022-10,2022,Prince Edward Island,"Total, all persons",Excellent or very good perceived health,61000.0,51000.0,71000.0,number,number,
2022-10,2022,Prince Edward Island,"Total, all persons",Fair or poor perceived health,24000.0,16000.0,31000.0,number,number,E
2022-10,2022,Prince Edward Island,"Total, all persons",Good perceived health,56000.0,47000.0,65000.0,number,number,
2022-10,2022,Prince Edward Island,Women,Excellent or very good perceived health,30000.0,24000.0,36000.0,number,number,E
2022-10,2022,Prince Edward Island,Women,Good perceived health,31000.0,25000.0,37000.0,number,number,E
2022-10,2022,Quebec,Men,Excellent or very good perceived health,2122000.0,1962000.0,2282000.0,number,number,
2022-10,2022,Quebec,Men,Fair or poor perceived health,333000.0,250000.0,416000.0,number,number,E
2022-10,2022,Quebec,Men,Good perceived health,1109000.0,953000.0,1265000.0,number,number,
2022-10,2022,Quebec,"Total, all persons",Excellent or very good perceived health,3990000.0,3773000.0,4206000.0,number,number,
2022-10,2022,Quebec,"Total, all persons",Fair or poor perceived health,826000.0,693000.0,959000.0,number,number,
2022-10,2022,Quebec,"Total, all persons",Good perceived health,2378000.0,2164000.0,2593000.0,number,number,
2022-10,2022,Quebec,Women,Excellent or very good perceived health,1868000.0,1713000.0,2022000.0,number,number,
2022-10,2022,Quebec,Women,Fair or poor perceived health,493000.0,383000.0,603000.0,number,number,E
2022-10,2022,Quebec,Women,Good perceived health,1269000.0,1130000.0,1409000.0,number,number,
2022-10,2022,Saskatchewan,Men,Excellent or very good perceived health,185000.0,150000.0,220000.0,number,number,E
2022-10,2022,Saskatchewan,Men,Good perceived health,202000.0,167000.0,238000.0,number,number,E
2022-10,2022,Saskatchewan,"Total, all persons",Excellent or very good perceived health,381000.0,333000.0,429000.0,number,number,
2022-10,2022,Saskatchewan,"Total, all persons",Fair or poor perceived health,135000.0,105000.0,165000.0,number,number,E
2022-10,2022,Saskatchewan,"Total, all persons",Good perceived health,391000.0,343000.0,439000.0,number,number,
2022-10,2022,Saskatchewan,Women,Excellent or very good perceived health,196000.0,163000.0,230000.0,number,number,E
2022-10,2022,Saskatchewan,Women,Good perceived health,189000.0,156000.0,222000.0,number,number,E
2023-04,2023,Alberta,Men,Excellent or very good perceived health,964000.0,851000.0,1077000.0,number,number,
2023-04,2023,Alberta,Men,Fair or poor perceived health,297000.0,220000.0,374000.0,number,number,E
2023-04,2023,Alberta,Men,Good perceived health,599000.0,490000.0,709000.0,number,number,
2023-04,2023,Alberta,"Total, all persons",Excellent or very good perceived health,1833000.0,1668000.0,1999000.0,number,number,
2023-04,2023,Alberta,"Total, all persons",Fair or poor perceived health,588000.0,478000.0,699000.0,number,number,
2023-04,2023,Alberta,"Total, all persons",Good perceived health,1313000.0,1152000.0,1473000.0,number,number,
2023-04,2023,Alberta,Women,Excellent or very good perceived health,869000.0,746000.0,992000.0,number,number,
2023-04,2023,Alberta,Women,Fair or poor perceived health,291000.0,209000.0,374000.0,number,number,E
2023-04,2023,Alberta,Women,Good perceived health,713000.0,592000.0,834000.0,number,number,
2023-04,2023,Atlantic Region,Men,Excellent or very good perceived health,484000.0,429000.0,539000.0,number,number,
2023-04,2023,Atlantic Region,Men,Fair or poor perceived health,177000.0,139000.0,216000.0,number,number,
2023-04,2023,Atlantic Region,Men,Good perceived health,385000.0,333000.0,437000.0,number,number,
2023-04,2023,Atlantic Region,"Total, all persons",Excellent or very good perceived health,994000.0,923000.0,1064000.0,number,number,
2023-04,2023,Atlantic Region,"Total, all persons",Fair or poor perceived health,390000.0,340000.0,441000.0,number,number,
2023-04,2023,Atlantic Region,"Total, all persons",Good perceived health,762000.0,694000.0,831000.0,number,number,
2023-04,2023,Atlantic Region,Women,Excellent or very good perceived health,509000.0,463000.0,556000.0,number,number,
2023-04,2023,Atlantic Region,Women,Fair or poor perceived health,213000.0,180000.0,246000.0,number,number,
2023-04,2023,Atlantic Region,Women,Good perceived health,377000.0,331000.0,423000.0,number,number,
2023-04,2023,British Columbia,Men,Excellent or very good perceived health,1079000.0,952000.0,1207000.0,number,number,
2023-04,2023,British Columbia,Men,Fair or poor perceived health,380000.0,278000.0,482000.0,number,number,E
2023-04,2023,British Columbia,Men,Good perceived health,755000.0,634000.0,875000.0,number,number,
2023-04,2023,British Columbia,"Total, all persons",Excellent or very good perceived health,2035000.0,1859000.0,2211000.0,number,number,
2023-04,2023,British Columbia,"Total, all persons",Fair or poor perceived health,826000.0,688000.0,963000.0,number,number,
2023-04,2023,British Columbia,"Total, all persons",Good perceived health,1636000.0,1467000.0,1806000.0,number,number,
2023-04,2023,British Columbia,Women,Excellent or very good perceived health,956000.0,831000.0,1080000.0,number,number,
2023-04,2023,British Columbia,Women,Fair or poor perceived health,446000.0,347000.0,546000.0,number,number,E
2023-04,2023,British Columbia,Women,Good perceived health,881000.0,759000.0,1004000.0,number,number,
2023-04,2023,Canada (excluding territories),Men,Excellent or very good perceived health,7957000.0,7619000.0,8295000.0,number,number,
2023-04,2023,Canada (excluding territories),Men,Fair or poor perceived health,2490000.0,2256000.0,2724000.0,number,number,
2023-04,2023,Canada (excluding territories),Men,Good perceived health,5636000.0,5307000.0,5964000.0,number,number,
2023-04,2023,Canada (excluding territories),"Total, all persons",Excellent or very good perceived health,15482000.0,15014000.0,15951000.0,number,number,
2023-04,2023,Canada (excluding territories),"Total, all persons",Fair or poor perceived health,5040000.0,4710000.0,5370000.0,number,number,
2023-04,2023,Canada (excluding territories),"Total, all persons",Good perceived health,11854000.0,11401000.0,12308000.0,number,number,
2023-04,2023,Canada (excluding territories),Women,Excellent or very good perceived health,7526000.0,7197000.0,7854000.0,number,number,
2023-04,2023,Canada (excluding territories),Women,Fair or poor perceived health,2550000.0,2315000.0,2785000.0,number,number,
2023-04,2023,Canada (excluding territories),Women,Good perceived health,6219000.0,5892000.0,6545000.0,number,number,
2023-04,2023,Manitoba,Men,Excellent or very good perceived health,258000.0,212000.0,304000.0,number,number,E
2023-04,2023,Manitoba,Men,Good perceived health,183000.0,138000.0,229000.0,number,number,E
2023-04,2023,Manitoba,"Total, all persons",Excellent or very good perceived health,529000.0,468000.0,591000.0,number,number,
2023-04,2023,Manitoba,"Total, all persons",Fair or poor perceived health,178000.0,134000.0,223000.0,number,number,E
2023-04,2023,Manitoba,"Total, all persons",Good perceived health,379000.0,320000.0,439000.0,number,number,
2023-04,2023,Manitoba,Women,Excellent or very good perceived health,271000.0,231000.0,312000.0,number,number,
2023-04,2023,Manitoba,Women,Good perceived health,196000.0,157000.0,235000.0,number,number,E
2023-04,2023,New Brunswick,Men,Excellent or very good perceived health,139000.0,105000.0,172000.0,number,number,E
2023-04,2023,New Brunswick,Men,Good perceived health,140000.0,105000.0,174000.0,number,number,E
2023-04,2023,New Brunswick,"Total, all persons",Excellent or very good perceived health,306000.0,263000.0,348000.0,number,number,
2023-04,2023,New Brunswick,"Total, all persons",Fair or poor perceived health,108000.0,77000.0,140000.0,number,number,E
2023-04,2023,New Brunswick,"Total, all persons",Good perceived health,267000.0,223000.0,311000.0,number,number,
2023-04,2023,New Brunswick,Women,Excellent or very good perceived health,167000.0,140000.0,194000.0,number,number,E
2023-04,2023,New Brunswick,Women,Good perceived health,128000.0,100000.0,155000.0,number,number,E
2023-04,2023,Newfoundland and Labrador,Men,Excellent or very good perceived health,107000.0,88000.0,125000.0,number,number,E
2023-04,2023,Newfoundland and Labrador,Men,Good perceived health,83000.0,65000.0,101000.0,number,number,E
2023-04,2023,Newfoundland and Labrador,"Total, all persons",Excellent or very good perceived health,229000.0,205000.0,252000.0,number,number,
2023-04,2023,Newfoundland and Labrador,"Total, all persons",Fair or poor perceived health,93000.0,72000.0,114000.0,number,number,E
2023-04,2023,Newfoundland and Labrador,"Total, all persons",Good perceived health,133000.0,111000.0,154000.0,number,number,
2023-04,2023,Newfoundland and Labrador,Women,Excellent or very good perceived health,122000.0,106000.0,138000.0,number,number,
2023-04,2023,Newfoundland and Labrador,Women,Fair or poor perceived health,58000.0,42000.0,74000.0,number,number,E
2023-04,2023,Newfoundland and Labrador,Women,Good perceived health,50000.0,38000.0,61000.0,number,number,E
2023-04,2023,Nova Scotia,Men,Excellent or very good perceived health,202000.0,162000.0,242000.0,number,number,E
2023-04,2023,Nova Scotia,Men,Good perceived health,143000.0,110000.0,177000.0,number,number,E
2023-04,2023,Nova Scotia,"Total, all persons",Excellent or very good perceived health,395000.0,345000.0,445000.0,number,number,
2023-04,2023,Nova Scotia,"Total, all persons",Fair or poor perceived health,163000.0,130000.0,196000.0,number,number,E
2023-04,2023,Nova Scotia,"Total, all persons",Good perceived health,309000.0,261000.0,357000.0,number,number,
2023-04,2023,Nova Scotia,Women,Excellent or very good perceived health,194000.0,160000.0,227000.0,number,number,
2023-04,2023,Nova Scotia,Women,Fair or poor perceived health,91000.0,67000.0,115000.0,number,number,E
2023-04,2023,Nova Scotia,Women,Good perceived health,165000.0,128000.0,202000.0,number,number,E
2023-04,2023,Ontario,Men,Excellent or very good perceived health,2992000.0,2750000.0,3233000.0,number,number,
2023-04,2023,Ontario,Men,Fair or poor perceived health,978000.0,812000.0,1144000.0,number,number,
2023-04,2023,Ontario,Men,Good perceived health,2334000.0,2091000.0,2577000.0,number,number,
2023-04,2023,Ontario,"Total, all persons",Excellent or very good perceived health,5651000.0,5319000.0,5982000.0,number,number,
2023-04,2023,Ontario,"Total, all persons",Fair or poor perceived health,2064000.0,1828000.0,2299000.0,number,number,
2023-04,2023,Ontario,"Total, all persons",Good perceived health,5038000.0,4701000.0,5375000.0,number,number,
2023-04,2023,Ontario,Women,Excellent or very good perceived health,2659000.0,2431000.0,2888000.0,number,number,
2023-04,2023,Ontario,Women,Fair or poor perceived health,1086000.0,922000.0,1249000.0,number,number,
2023-04,2023,Ontario,Women,Good perceived health,2704000.0,2471000.0,2937000.0,number,number,
2023-04,2023,Prairies Region,Men,Excellent or very good perceived health,1435000.0,1306000.0,1564000.0,number,number,
2023-04,2023,Prairies Region,Men,Fair or poor perceived health,494000.0,406000.0,583000.0,number,number,
2023-04,2023,Prairies Region,Men,Good perceived health,934000.0,810000.0,1058000.0,number,number,
2023-04,2023,Prairies Region,"Total, all persons",Excellent or very good perceived health,2809000.0,2621000.0,2996000.0,number,number,
2023-04,2023,Prairies Region,"Total, all persons",Fair or poor perceived health,914000.0,791000.0,1038000.0,number,number,
2023-04,2023,Prairies Region,"Total, all persons",Good perceived health,2010000.0,1832000.0,2188000.0,number,number,
2023-04,2023,Prairies Region,Women,Excellent or very good perceived health,1374000.0,1240000.0,1507000.0,number,number,
2023-04,2023,Prairies Region,Women,Fair or poor perceived health,420000.0,333000.0,508000.0,number,number,
2023-04,2023,Prairies Region,Women,Good perceived health,1076000.0,946000.0,1206000.0,number,number,
2023-04,2023,Prince Edward Island,Men,Excellent or very good perceived health,38000.0,30000.0,45000.0,number,number,E
2023-04,2023,Prince Edward Island,"Total, all persons",Excellent or very good perceived health,64000.0,54000.0,74000.0,number,number,
2023-04,2023,Prince Edward Island,"Total, all persons",Fair or poor perceived health,26000.0,18000.0,34000.0,number,number,E
2023-04,2023,Prince Edward Island,"Total, all persons",Good perceived health,54000.0,45000.0,63000.0,number,number,
2023-04,2023,Prince Edward Island,Women,Excellent or very good perceived health,26000.0,20000.0,33000.0,number,number,E
2023-04,2023,Prince Edward Island,Women,Good perceived health,34000.0,27000.0,42000.0,number,number,E
2023-04,2023,Quebec,Men,Excellent or very good perceived health,1967000.0,1824000.0,2109000.0,number,number,
2023-04,2023,Quebec,Men,Fair or poor perceived health,461000.0,367000.0,554000.0,number,number,E
2023-04,2023,Quebec,Men,Good perceived health,1227000.0,1092000.0,1362000.0,number,number,
2023-04,2023,Quebec,"Total, all persons",Excellent or very good perceived health,3994000.0,3795000.0,4194000.0,number,number,
2023-04,2023,Quebec,"Total, all persons",Fair or poor perceived health,846000.0,725000.0,967000.0,number,number,
2023-04,2023,Quebec,"Total, all persons",Good perceived health,2408000.0,2216000.0,2599000.0,number,number,
2023-04,2023,Quebec,Women,Excellent or very good perceived health,2028000.0,1889000.0,2166000.0,number,number,
2023-04,2023,Quebec,Women,Fair or poor perceived health,385000.0,308000.0,462000.0,number,number,E
2023-04,2023,Quebec,Women,Good perceived health,1181000.0,1045000.0,1317000.0,number,number,
2023-04,2023,Saskatchewan,Men,Excellent or very good perceived health,213000.0,176000.0,250000.0,number,number,E
2023-04,2023,Saskatchewan,Men,Good perceived health,151000.0,117000.0,186000.0,number,number,E
2023-04,2023,Saskatchewan,"Total, all persons",Excellent or very good perceived health,446000.0,398000.0,494000.0,number,number,
2023-04,2023,Saskatchewan,"Total, all persons",Fair or poor perceived health,147000.0,113000.0,181000.0,number,number,E
2023-04,2023,Saskatchewan,"Total, all persons",Good perceived health,318000.0,272000.0,364000.0,number,number,
2023-04,2023,Saskatchewan,Women,Excellent or very good perceived health,233000.0,202000.0,264000.0,number,number,
2023-04,2023,Saskatchewan,Women,Good perceived health,167000.0,137000.0,197000.0,number,number,
2023-07,2023,Alberta,Men,Excellent or very good perceived health,954000.0,837000.0,1071000.0,number,number,
2023-07,2023,Alberta,Men,Fair or poor perceived health,280000.0,213000.0,347000.0,number,number,E
2023-07,2023,Alberta,Men,Good perceived health,637000.0,524000.0,751000.0,number,number,
2023-07,2023,Alberta,"Total, all persons",Excellent or very good perceived health,1924000.0,1771000.0,2078000.0,number,number,
2023-07,2023,Alberta,"Total, all persons",Fair or poor perceived health,597000.0,496000.0,699000.0,number,number,
2023-07,2023,Alberta,"Total, all persons",Good perceived health,1267000.0,1121000.0,1412000.0,number,number,
2023-07,2023,Alberta,Women,Excellent or very good perceived health,970000.0,864000.0,1076000.0,number,number,
2023-07,2023,Alberta,Women,Fair or poor perceived health,317000.0,243000.0,391000.0,number,number,E
2023-07,2023,Alberta,Women,Good perceived health,629000.0,533000.0,725000.0,number,number,
2023-07,2023,Atlantic Region,Men,Excellent or very good perceived health,517000.0,464000.0,571000.0,number,number,
2023-07,2023,Atlantic Region,Men,Fair or poor perceived health,213000.0,171000.0,255000.0,number,number,
2023-07,2023,Atlantic Region,Men,Good perceived health,346000.0,292000.0,399000.0,number,number,
2023-07,2023,Atlantic Region,"Total, all persons",Excellent or very good perceived health,1008000.0,938000.0,1078000.0,number,number,
2023-07,2023,Atlantic Region,"Total, all persons",Fair or poor perceived health,421000.0,366000.0,477000.0,number,number,
2023-07,2023,Atlantic Region,"Total, all persons",Good perceived health,740000.0,673000.0,806000.0,number,number,
2023-07,2023,Atlantic Region,Women,Excellent or very good perceived health,490000.0,444000.0,537000.0,number,number,
2023-07,2023,Atlantic Region,Women,Fair or poor perceived health,208000.0,172000.0,245000.0,number,number,
2023-07,2023,Atlantic Region,Women,Good perceived health,394000.0,353000.0,435000.0,number,number,
2023-07,2023,British Columbia,Men,Excellent or very good perceived health,897000.0,778000.0,1016000.0,number,number,
2023-07,2023,British Columbia,Men,Fair or poor perceived health,424000.0,327000.0,521000.0,number,number,E
2023-07,2023,British Columbia,Men,Good perceived health,926000.0,805000.0,1047000.0,number,number,
2023-07,2023,British Columbia,"Total, all persons",Excellent or very good perceived health,1910000.0,1741000.0,2079000.0,number,number,
2023-07,2023,British Columbia,"Total, all persons",Fair or poor perceived health,879000.0,745000.0,1014000.0,number,number,
2023-07,2023,British Columbia,"Total, all persons",Good perceived health,1753000.0,1584000.0,1923000.0,number,number,
2023-07,2023,British Columbia,Women,Excellent or very good perceived health,1013000.0,896000.0,1130000.0,number,number,
2023-07,2023,British Columbia,Women,Fair or poor perceived health,455000.0,356000.0,554000.0,number,number,E
2023-07,2023,British Columbia,Women,Good perceived health,827000.0,713000.0,942000.0,number,number,
2023-07,2023,Canada (excluding territories),Men,Excellent or very good perceived health,7842000.0,7531000.0,8152000.0,number,number,
2023-07,2023,Canada (excluding territories),Men,Fair or poor perceived health,2627000.0,2403000.0,2851000.0,number,number,
2023-07,2023,Canada (excluding territories),Men,Good perceived health,5746000.0,5446000.0,6046000.0,number,number,
2023-07,2023,Canada (excluding territories),"Total, all persons",Excellent or very good perceived health,15373000.0,14945000.0,15801000.0,number,number,
2023-07,2023,Canada (excluding territories),"Total, all persons",Fair or poor perceived health,5481000.0,5159000.0,5802000.0,number,number,
2023-07,2023,Canada (excluding territories),"Total, all persons",Good perceived health,11823000.0,11399000.0,12247000.0,number,number,
2023-07,2023,Canada (excluding territories),Women,Excellent or very good perceived health,7531000.0,7233000.0,7829000.0,number,number,
2023-07,2023,Canada (excluding territories),Women,Fair or poor perceived health,2854000.0,2621000.0,3086000.0,number,number,
2023-07,2023,Canada (excluding territories),Women,Good perceived health,6077000.0,5780000.0,6374000.0,number,number,
2023-07,2023,Manitoba,Men,Excellent or very good perceived health,236000.0,190000.0,281000.0,number,number,E
2023-07,2023,Manitoba,Men,Good perceived health,226000.0,182000.0,271000.0,number,number,E
2023-07,2023,Manitoba,"Total, all persons",Excellent or very good perceived health,461000.0,402000.0,519000.0,number,number,
2023-07,2023,Manitoba,"Total, all persons",Fair or poor perceived health,197000.0,151000.0,244000.0,number,number,E
2023-07,2023,Manitoba,"Total, all persons",Good perceived health,438000.0,380000.0,495000.0,number,number,
2023-07,2023,Manitoba,Women,Excellent or very good perceived health,225000.0,186000.0,264000.0,number,number,
2023-07,2023,Manitoba,Women,Good perceived health,212000.0,174000.0,249000.0,number,number,E
2023-07,2023,New Brunswick,Men,Excellent or very good perceived health,164000.0,135000.0,193000.0,number,number,E
2023-07,2023,New Brunswick,Men,Good perceived health,118000.0,85000.0,151000.0,number,number,E
2023-07,2023,New Brunswick,"Total, all persons",Excellent or very good perceived health,313000.0,272000.0,354000.0,number,number,
2023-07,2023,New Brunswick,"Total, all persons",Fair or poor perceived health,132000.0,104000.0,161000.0,number,number,E
2023-07,2023,New Brunswick,"Total, all persons",Good perceived health,246000.0,207000.0,285000.0,number,number,
2023-07,2023,New Brunswick,Women,Excellent or very good perceived health,149000.0,121000.0,177000.0,number,number,E
2023-07,2023,New Brunswick,Women,Good perceived health,128000.0,104000.0,152000.0,number,number,E
2023-07,2023,Newfoundland and Labrador,Men,Excellent or very good perceived health,120000.0,101000.0,139000.0,number,number,E
2023-07,2023,Newfoundland and Labrador,Men,Good perceived health,60000.0,43000.0,78000.0,number,number,E
2023-07,2023,Newfoundland and Labrador,"Total, all persons",Excellent or very good perceived health,237000.0,212000.0,263000.0,number,number,
2023-07,2023,Newfoundland and Labrador,"Total, all persons",Fair or poor perceived health,87000.0,66000.0,108000.0,number,number,E
2023-07,2023,Newfoundland and Labrador,"Total, all persons",Good perceived health,133000.0,108000.0,157000.0,number,number,
2023-07,2023,Newfoundland and Labrador,Women,Excellent or very good perceived health,117000.0,100000.0,134000.0,number,number,
2023-07,2023,Newfoundland and Labrador,Women,Good perceived health,72000.0,56000.0,89000.0,number,number,E
2023-07,2023,Nova Scotia,Men,Excellent or very good perceived health,198000.0,160000.0,237000.0,number,number,E
2023-07,2023,Nova Scotia,Men,Good perceived health,142000.0,105000.0,179000.0,number,number,E
2023-07,2023,Nova Scotia,"Total, all persons",Excellent or very good perceived health,389000.0,339000.0,439000.0,number,number,
2023-07,2023,Nova Scotia,"Total, all persons",Fair or poor perceived health,178000.0,136000.0,220000.0,number,number,E
2023-07,2023,Nova Scotia,"Total, all persons",Good perceived health,309000.0,261000.0,356000.0,number,number,
2023-07,2023,Nova Scotia,Women,Excellent or very good perceived health,190000.0,159000.0,222000.0,number,number,
2023-07,2023,Nova Scotia,Women,Good perceived health,167000.0,138000.0,195000.0,number,number,E
2023-07,2023,Ontario,Men,Excellent or very good perceived health,3135000.0,2922000.0,3348000.0,number,number,
2023-07,2023,Ontario,Men,Fair or poor perceived health,1045000.0,892000.0,1198000.0,number,number,
2023-07,2023,Ontario,Men,Good perceived health,2189000.0,1993000.0,2386000.0,number,number,
2023-07,2023,Ontario,"Total, all persons",Excellent or very good perceived health,6007000.0,5703000.0,6312000.0,number,number,
2023-07,2023,Ontario,"Total, all persons",Fair or poor perceived health,2222000.0,2001000.0,2442000.0,number,number,
2023-07,2023,Ontario,"Total, all persons",Good perceived health,4653000.0,4365000.0,4941000.0,number,number,
2023-07,2023,Ontario,Women,Excellent or very good perceived health,2872000.0,2665000.0,3079000.0,number,number,
2023-07,2023,Ontario,Women,Fair or poor perceived health,1177000.0,1019000.0,1334000.0,number,number,
2023-07,2023,Ontario,Women,Good perceived health,2464000.0,2258000.0,2669000.0,number,number,
2023-07,2023,Prairies Region,Men,Excellent or very good perceived health,1411000.0,1278000.0,1544000.0,number,number,
2023-07,2023,Prairies Region,Men,Fair or poor perceived health,443000.0,368000.0,518000.0,number,number,
2023-07,2023,Prairies Region,Men,Good perceived health,1040000.0,912000.0,1168000.0,number,number,
2023-07,2023,Prairies Region,"Total, all persons",Excellent or very good perceived health,2783000.0,2614000.0,2952000.0,number,number,
2023-07,2023,Prairies Region,"Total, all persons",Fair or poor perceived health,970000.0,857000.0,1082000.0,number,number,
2023-07,2023,Prairies Region,"Total, all persons",Good perceived health,2059000.0,1896000.0,2223000.0,number,number,
2023-07,2023,Prairies Region,Women,Excellent or very good perceived health,1372000.0,1257000.0,1488000.0,number,number,
2023-07,2023,Prairies Region,Women,Fair or poor perceived health,527000.0,442000.0,611000.0,number,number,
2023-07,2023,Prairies Region,Women,Good perceived health,1019000.0,910000.0,1127000.0,number,number,
2023-07,2023,Prince Edward Island,Men,Excellent or very good perceived health,35000.0,28000.0,43000.0,number,number,E
2023-07,2023,Prince Edward Island,Men,Good perceived health,26000.0,19000.0,32000.0,number,number,E
2023-07,2023,Prince Edward Island,"Total, all persons",Excellent or very good perceived health,69000.0,60000.0,79000.0,number,number,
2023-07,2023,Prince Edward Island,"Total, all persons",Fair or poor perceived health,24000.0,18000.0,30000.0,number,number,E
2023-07,2023,Prince Edward Island,"Total, all persons",Good perceived health,52000.0,43000.0,61000.0,number,number,
2023-07,2023,Prince Edward Island,Women,Excellent or very good perceived health,34000.0,27000.0,41000.0,number,number,
2023-07,2023,Prince Edward Island,Women,Good perceived health,27000.0,20000.0,33000.0,number,number,E
2023-07,2023,Quebec,Men,Excellent or very good perceived health,1881000.0,1738000.0,2023000.0,number,number,
2023-07,2023,Quebec,Men,Fair or poor perceived health,502000.0,404000.0,600000.0,number,number,E
2023-07,2023,Quebec,Men,Good perceived health,1245000.0,1107000.0,1383000.0,number,number,
2023-07,2023,Quebec,"Total, all persons",Excellent or very good perceived health,3665000.0,3464000.0,3865000.0,number,number,
2023-07,2023,Quebec,"Total, all persons",Fair or poor perceived health,988000.0,848000.0,1129000.0,number,number,
2023-07,2023,Quebec,"Total, all persons",Good perceived health,2618000.0,2424000.0,2812000.0,number,number,
2023-07,2023,Quebec,Women,Excellent or very good perceived health,1784000.0,1649000.0,1919000.0,number,number,
2023-07,2023,Quebec,Women,Fair or poor perceived health,487000.0,380000.0,593000.0,number,number,E
2023-07,2023,Quebec,Women,Good perceived health,1373000.0,1241000.0,1505000.0,number,number,
2023-07,2023,Saskatchewan,Men,Excellent or very good perceived health,221000.0,186000.0,257000.0,number,number,E
2023-07,2023,Saskatchewan,Men,Good perceived health,176000.0,141000.0,212000.0,number,number,E
2023-07,2023,Saskatchewan,"Total, all persons",Excellent or very good perceived health,398000.0,351000.0,444000.0,number,number,
2023-07,2023,Saskatchewan,"Total, all persons",Fair or poor perceived health,175000.0,138000.0,212000.0,number,number,E
2023-07,2023,Saskatchewan,"Total, all persons",Good perceived health,355000.0,307000.0,403000.0,number,number,
2023-07,2023,Saskatchewan,Women,Excellent or very good perceived health,177000.0,146000.0,208000.0,number,number,
2023-07,2023,Saskatchewan,Women,Good perceived health,178000.0,147000.0,210000.0,number,number,E
