REF_DATE,GEO,DGUID,Age group,Sex,Indicators,Characteristics,UOM,UOM_ID,SCALAR_FACTOR,SCALAR_ID,VECTOR,COORDINATE,VALUE,STATUS,SYMBOL,TERMINATED,DECIMALS
2019/2020,Newfoundland and Labrador,2021A000210,"Total, 18 years and over",Both sexes,"Perceived mental health, very good or excellent",Percent,Percent,239,units,0,v1806947204,2.1.1.3.4,68.6,,,,1
2021/2022,Newfoundland and Labrador,2021A000210,"Total, 18 years and over",Both sexes,"Perceived mental health, very good or excellent",Percent,Percent,239,units,0,v1806947204,2.1.1.3.4,58.3,,,,1
2023/2024,Newfoundland and Labrador,2021A000210,"Total, 18 years and over",Both sexes,"Perceived mental health, very good or excellent",Percent,Percent,239,units,0,v1806947204,2.1.1.3.4,53.5,,,,1
2019/2020,Newfoundland and Labrador,2021A000210,"Total, 18 years and over",Both sexes,"Perceived mental health, fair or poor",Percent,Percent,239,units,0,v1806947211,2.1.1.4.4,8,,,,1
2021/2022,Newfoundland and Labrador,2021A000210,"Total, 18 years and over",Both sexes,"Perceived mental health, fair or poor",Percent,Percent,239,units,0,v1806947211,2.1.1.4.4,13.2,,,,1
2023/2024,Newfoundland and Labrador,2021A000210,"Total, 18 years and over",Both sexes,"Perceived mental health, fair or poor",Percent,Percent,239,units,0,v1806947211,2.1.1.4.4,16.5,,,,1
2019/2020,Newfoundland and Labrador,2021A000210,"Total, 18 years and over",Both sexes,"Perceived life stress, most days quite a bit or extremely stressful",Percent,Percent,239,units,0,v1806947218,2.1.1.5.4,13.7,,,,1
2021/2022,Newfoundland and Labrador,2021A000210,"Total, 18 years and over",Both sexes,"Perceived life stress, most days quite a bit or extremely stressful",Percent,Percent,239,units,0,v1806947218,2.1.1.5.4,17,,,,1
2023/2024,Newfoundland and Labrador,2021A000210,"Total, 18 years and over",Both sexes,"Perceived life stress, most days quite a bit or extremely stressful",Percent,Percent,239,units,0,v1806947218,2.1.1.5.4,17.2,,,,1
2019/2020,Newfoundland and Labrador,2021A000210,"Total, 18 years and over",Both sexes,Mood disorder,Percent,Percent,239,units,0,v1806947260,2.1.1.11.4,10.1,,,,1
2021/2022,Newfoundland and Labrador,2021A000210,"Total, 18 years and over",Both sexes,Mood disorder,Percent,Percent,239,units,0,v1806947260,2.1.1.11.4,12.7,,,,1
2023/2024,Newfoundland and Labrador,2021A000210,"Total, 18 years and over",Both sexes,Mood disorder,Percent,Percent,239,units,0,v1806947260,2.1.1.11.4,15.2,,,,1
2019/2020,Newfoundland and Labrador,2021A000210,"Total, 18 years and over",Both sexes,Anxiety disorder,Percent,Percent,239,units,0,v1806947267,2.1.1.12.4,11.8,,,,1
2021/2022,Newfoundland and Labrador,2021A000210,"Total, 18 years and over",Both sexes,Anxiety disorder,Percent,Percent,239,units,0,v1806947267,2.1.1.12.4,16.4,,,,1
2023/2024,Newfoundland and Labrador,2021A000210,"Total, 18 years and over",Both sexes,Anxiety disorder,Percent,Percent,239,units,0,v1806947267,2.1.1.12.4,,..,,,1
2019/2020,Newfoundland and Labrador,2021A000210,"Total, 18 years and over",Both sexes,"Cannabis use, past 12 months",Percent,Percent,239,units,0,v1806947288,2.1.1.15.4,23.2,,,,1
2021/2022,Newfoundland and Labrador,2021A000210,"Total, 18 years and over",Both sexes,"Cannabis use, past 12 months",Percent,Percent,239,units,0,v1806947288,2.1.1.15.4,24.7,,,,1
2023/2024,Newfoundland and Labrador,2021A000210,"Total, 18 years and over",Both sexes,"Cannabis use, past 12 months",Percent,Percent,239,units,0,v1806947288,2.1.1.15.4,23.8,,,,1
2019/2020,Newfoundland and Labrador,2021A000210,"Total, 18 years and over",Both sexes,Heavy drinking,Percent,Percent,239,units,0,v1806947316,2.1.1.19.4,23.6,,,,1
2021/2022,Newfoundland and Labrador,2021A000210,"Total, 18 years and over",Both sexes,Heavy drinking,Percent,Percent,239,units,0,v1806947316,2.1.1.19.4,25.1,,,,1
2023/2024,Newfoundland and Labrador,2021A000210,"Total, 18 years and over",Both sexes,Heavy drinking,Percent,Percent,239,units,0,v1806947316,2.1.1.19.4,22.9,,,,1
2019/2020,Newfoundland and Labrador,2021A000210,"Total, 18 years and over",Both sexes,"Sense of belonging to local community, somewhat strong or very strong",Percent,Percent,239,units,0,v1806947344,2.1.1.23.4,79.3,,,,1
2021/2022,Newfoundland and Labrador,2021A000210,"Total, 18 years and over",Both sexes,"Sense of belonging to local community, somewhat strong or very strong",Percent,Percent,239,units,0,v1806947344,2.1.1.23.4,76.6,,,,1
2023/2024,Newfoundland and Labrador,2021A000210,"Total, 18 years and over",Both sexes,"Sense of belonging to local community, somewhat strong or very strong",Percent,Percent,239,units,0,v1806947344,2.1.1.23.4,72.7,,,,1
2019/2020,Newfoundland and Labrador,2021A000210,"Total, 18 years and over",Males,"Perceived mental health, very good or excellent",Percent,Percent,239,units,0,v1806947379,2.1.2.3.4,70.2,,,,1
2021/2022,Newfoundland and Labrador,2021A000210,"Total, 18 years and over",Males,"Perceived mental health, very good or excellent",Percent,Percent,239,units,0,v1806947379,2.1.2.3.4,59.6,,,,1
2023/2024,Newfoundland and Labrador,2021A000210,"Total, 18 years and over",Males,"Perceived mental health, very good or excellent",Percent,Percent,239,units,0,v1806947379,2.1.2.3.4,55.8,,,,1
2019/2020,Newfoundland and Labrador,2021A000210,"Total, 18 years and over",Males,"Perceived mental health, fair or poor",Percent,Percent,239,units,0,v1806947386,2.1.2.4.4,8,,,,1
2021/2022,Newfoundland and Labrador,2021A000210,"Total, 18 years and over",Males,"Perceived mental health, fair or poor",Percent,Percent,239,units,0,v1806947386,2.1.2.4.4,12.3,,,,1
2023/2024,Newfoundland and Labrador,2021A000210,"Total, 18 years and over",Males,"Perceived mental health, fair or poor",Percent,Percent,239,units,0,v1806947386,2.1.2.4.4,14.8,,,,1
2019/2020,Newfoundland and Labrador,2021A000210,"Total, 18 years and over",Males,"Perceived life stress, most days quite a bit or extremely stressful",Percent,Percent,239,units,0,v1806947393,2.1.2.5.4,14.3,,,,1
2021/2022,Newfoundland and Labrador,2021A000210,"Total, 18 years and over",Males,"Perceived life stress, most days quite a bit or extremely stressful",Percent,Percent,239,units,0,v1806947393,2.1.2.5.4,15.8,,,,1
2023/2024,Newfoundland and Labrador,2021A000210,"Total, 18 years and over",Males,"Perceived life stress, most days quite a bit or extremely stressful",Percent,Percent,239,units,0,v1806947393,2.1.2.5.4,15.7,,,,1
2019/2020,Newfoundland and Labrador,2021A000210,"Total, 18 years and over",Males,Mood disorder,Percent,Percent,239,units,0,v1806947435,2.1.2.11.4,8.7,,,,1
2021/2022,Newfoundland and Labrador,2021A000210,"Total, 18 years and over",Males,Mood disorder,Percent,Percent,239,units,0,v1806947435,2.1.2.11.4,10.1,,,,1
2023/2024,Newfoundland and Labrador,2021A000210,"Total, 18 years and over",Males,Mood disorder,Percent,Percent,239,units,0,v1806947435,2.1.2.11.4,12.8,,,,1
2019/2020,Newfoundland and Labrador,2021A000210,"Total, 18 years and over",Males,Anxiety disorder,Percent,Percent,239,units,0,v1806947442,2.1.2.12.4,9.9,,,,1
2021/2022,Newfoundland and Labrador,2021A000210,"Total, 18 years and over",Males,Anxiety disorder,Percent,Percent,239,units,0,v1806947442,2.1.2.12.4,13.3,,,,1
2023/2024,Newfoundland and Labrador,2021A000210,"Total, 18 years and over",Males,Anxiety disorder,Percent,Percent,239,units,0,v1806947442,2.1.2.12.4,,..,,,1
2019/2020,Newfoundland and Labrador,2021A000210,"Total, 18 years and over",Males,"Cannabis use, past 12 months",Percent,Percent,239,units,0,v1806947463,2.1.2.15.4,27.5,,,,1
2021/2022,Newfoundland and Labrador,2021A000210,"Total, 18 years and over",Males,"Cannabis use, past 12 months",Percent,Percent,239,units,0,v1806947463,2.1.2.15.4,27.3,,,,1
2023/2024,Newfoundland and Labrador,2021A000210,"Total, 18 years and over",Males,"Cannabis use, past 12 months",Percent,Percent,239,units,0,v1806947463,2.1.2.15.4,26.5,,,,1
2019/2020,Newfoundland and Labrador,2021A000210,"Total, 18 years and over",Males,Heavy drinking,Percent,Percent,239,units,0,v1806947491,2.1.2.19.4,30.3,,,,1
2021/2022,Newfoundland and Labrador,2021A000210,"Total, 18 years and over",Males,Heavy drinking,Percent,Percent,239,units,0,v1806947491,2.1.2.19.4,32.5,,,,1
2023/2024,Newfoundland and Labrador,2021A000210,"Total, 18 years and over",Males,Heavy drinking,Percent,Percent,239,units,0,v1806947491,2.1.2.19.4,29.7,,,,1
2019/2020,Newfoundland and Labrador,2021A000210,"Total, 18 years and over",Males,"Sense of belonging to local community, somewhat strong or very strong",Percent,Percent,239,units,0,v1806947505,2.1.2.23.4,78,,,,1
2021/2022,Newfoundland and Labrador,2021A000210,"Total, 18 years and over",Males,"Sense of belonging to local community, somewhat strong or very strong",Percent,Percent,239,units,0,v1806947505,2.1.2.23.4,77.2,,,,1
2023/2024,Newfoundland and Labrador,2021A000210,"Total, 18 years and over",Males,"Sense of belonging to local community, somewhat strong or very strong",Percent,Percent,239,units,0,v1806947505,2.1.2.23.4,74,,,,1
2019/2020,Newfoundland and Labrador,2021A000210,"Total, 18 years and over",Females,"Perceived mental health, very good or excellent",Percent,Percent,239,units,0,v1806947540,2.1.3.3.4,67.1,,,,1
2021/2022,Newfoundland and Labrador,2021A000210,"Total, 18 years and over",Females,"Perceived mental health, very good or excellent",Percent,Percent,239,units,0,v1806947540,2.1.3.3.4,57,,,,1
2023/2024,Newfoundland and Labrador,2021A000210,"Total, 18 years and over",Females,"Perceived mental health, very good or excellent",Percent,Percent,239,units,0,v1806947540,2.1.3.3.4,51.3,,,,1
2019/2020,Newfoundland and Labrador,2021A000210,"Total, 18 years and over",Females,"Perceived mental health, fair or poor",Percent,Percent,239,units,0,v1806947547,2.1.3.4.4,8,,,,1
2021/2022,Newfoundland and Labrador,2021A000210,"Total, 18 years and over",Females,"Perceived mental health, fair or poor",Percent,Percent,239,units,0,v1806947547,2.1.3.4.4,14,,,,1
2023/2024,Newfoundland and Labrador,2021A000210,"Total, 18 years and over",Females,"Perceived mental health, fair or poor",Percent,Percent,239,units,0,v1806947547,2.1.3.4.4,18.1,,,,1
2019/2020,Newfoundland and Labrador,2021A000210,"Total, 18 years and over",Females,"Perceived life stress, most days quite a bit or extremely stressful",Percent,Percent,239,units,0,v1806947554,2.1.3.5.4,13.1,,,,1
2021/2022,Newfoundland and Labrador,2021A000210,"Total, 18 years and over",Females,"Perceived life stress, most days quite a bit or extremely stressful",Percent,Percent,239,units,0,v1806947554,2.1.3.5.4,18.2,,,,1
2023/2024,Newfoundland and Labrador,2021A000210,"Total, 18 years and over",Females,"Perceived life stress, most days quite a bit or extremely stressful",Percent,Percent,239,units,0,v1806947554,2.1.3.5.4,18.7,,,,1
2019/2020,Newfoundland and Labrador,2021A000210,"Total, 18 years and over",Females,Mood disorder,Percent,Percent,239,units,0,v1806947596,2.1.3.11.4,11.5,,,,1
2021/2022,Newfoundland and Labrador,2021A000210,"Total, 18 years and over",Females,Mood disorder,Percent,Percent,239,units,0,v1806947596,2.1.3.11.4,15.1,,,,1
2023/2024,Newfoundland and Labrador,2021A000210,"Total, 18 years and over",Females,Mood disorder,Percent,Percent,239,units,0,v1806947596,2.1.3.11.4,17.5,,,,1
2019/2020,Newfoundland and Labrador,2021A000210,"Total, 18 years and over",Females,Anxiety disorder,Percent,Percent,239,units,0,v1806947603,2.1.3.12.4,13.6,,,,1
2021/2022,Newfoundland and Labrador,2021A000210,"Total, 18 years and over",Females,Anxiety disorder,Percent,Percent,239,units,0,v1806947603,2.1.3.12.4,19.3,,,,1
2023/2024,Newfoundland and Labrador,2021A000210,"Total, 18 years and over",Females,Anxiety disorder,Percent,Percent,239,units,0,v1806947603,2.1.3.12.4,,..,,,1
2019/2020,Newfoundland and Labrador,2021A000210,"Total, 18 years and over",Females,"Cannabis use, past 12 months",Percent,Percent,239,units,0,v1806947624,2.1.3.15.4,19.3,,,,1
2021/2022,Newfoundland and Labrador,2021A000210,"Total, 18 years and over",Females,"Cannabis use, past 12 months",Percent,Percent,239,units,0,v1806947624,2.1.3.15.4,22.3,,,,1
2023/2024,Newfoundland and Labrador,2021A000210,"Total, 18 years and over",Females,"Cannabis use, past 12 months",Percent,Percent,239,units,0,v1806947624,2.1.3.15.4,21.3,,,,1
2019/2020,Newfoundland and Labrador,2021A000210,"Total, 18 years and over",Females,Heavy drinking,Percent,Percent,239,units,0,v1806947652,2.1.3.19.4,17.2,,,,1
2021/2022,Newfoundland and Labrador,2021A000210,"Total, 18 years and over",Females,Heavy drinking,Percent,Percent,239,units,0,v1806947652,2.1.3.19.4,18.1,,,,1
2023/2024,Newfoundland and Labrador,2021A000210,"Total, 18 years and over",Females,Heavy drinking,Percent,Percent,239,units,0,v1806947652,2.1.3.19.4,16.5,,,,1
2019/2020,Newfoundland and Labrador,2021A000210,"Total, 18 years and over",Females,"Sense of belonging to local community, somewhat strong or very strong",Percent,Percent,239,units,0,v1806947680,2.1.3.23.4,80.6,,,,1
2021/2022,Newfoundland and Labrador,2021A000210,"Total, 18 years and over",Females,"Sense of belonging to local community, somewhat strong or very strong",Percent,Percent,239,units,0,v1806947680,2.1.3.23.4,76.2,,,,1
2023/2024,Newfoundland and Labrador,2021A000210,"Total, 18 years and over",Females,"Sense of belonging to local community, somewhat strong or very strong",Percent,Percent,239,units,0,v1806947680,2.1.3.23.4,71.6,,,,1
2019/2020,Prince Edward Island,2021A000211,"Total, 18 years and over",Both sexes,"Perceived mental health, very good or excellent",Percent,Percent,239,units,0,v1806964359,8.1.1.3.4,63.3,,,,1
2021/2022,Prince Edward Island,2021A000211,"Total, 18 years and over",Both sexes,"Perceived mental health, very good or excellent",Percent,Percent,239,units,0,v1806964359,8.1.1.3.4,55.8,,,,1
2023/2024,Prince Edward Island,2021A000211,"Total, 18 years and over",Both sexes,"Perceived mental health, very good or excellent",Percent,Percent,239,units,0,v1806964359,8.1.1.3.4,49.7,,,,1
2019/2020,Prince Edward Island,2021A000211,"Total, 18 years and over",Both sexes,"Perceived mental health, fair or poor",Percent,Percent,239,units,0,v1806964366,8.1.1.4.4,10.4,,,,1
2021/2022,Prince Edward Island,2021A000211,"Total, 18 years and over",Both sexes,"Perceived mental health, fair or poor",Percent,Percent,239,units,0,v1806964366,8.1.1.4.4,14.6,,,,1
2023/2024,Prince Edward Island,2021A000211,"Total, 18 years and over",Both sexes,"Perceived mental health, fair or poor",Percent,Percent,239,units,0,v1806964366,8.1.1.4.4,17.2,,,,1
2019/2020,Prince Edward Island,2021A000211,"Total, 18 years and over",Both sexes,"Perceived life stress, most days quite a bit or extremely stressful",Percent,Percent,239,units,0,v1806964373,8.1.1.5.4,19.2,,,,1
2021/2022,Prince Edward Island,2021A000211,"Total, 18 years and over",Both sexes,"Perceived life stress, most days quite a bit or extremely stressful",Percent,Percent,239,units,0,v1806964373,8.1.1.5.4,19.6,,,,1
2023/2024,Prince Edward Island,2021A000211,"Total, 18 years and over",Both sexes,"Perceived life stress, most days quite a bit or extremely stressful",Percent,Percent,239,units,0,v1806964373,8.1.1.5.4,19,,,,1
2019/2020,Prince Edward Island,2021A000211,"Total, 18 years and over",Both sexes,Mood disorder,Percent,Percent,239,units,0,v1806964415,8.1.1.11.4,12.2,,,,1
2021/2022,Prince Edward Island,2021A000211,"Total, 18 years and over",Both sexes,Mood disorder,Percent,Percent,239,units,0,v1806964415,8.1.1.11.4,10.7,,,,1
2023/2024,Prince Edward Island,2021A000211,"Total, 18 years and over",Both sexes,Mood disorder,Percent,Percent,239,units,0,v1806964415,8.1.1.11.4,13.7,,,,1
2019/2020,Prince Edward Island,2021A000211,"Total, 18 years and over",Both sexes,Anxiety disorder,Percent,Percent,239,units,0,v1806964422,8.1.1.12.4,12.4,,,,1
2021/2022,Prince Edward Island,2021A000211,"Total, 18 years and over",Both sexes,Anxiety disorder,Percent,Percent,239,units,0,v1806964422,8.1.1.12.4,12.9,,,,1
2023/2024,Prince Edward Island,2021A000211,"Total, 18 years and over",Both sexes,Anxiety disorder,Percent,Percent,239,units,0,v1806964422,8.1.1.12.4,,..,,,1
2019/2020,Prince Edward Island,2021A000211,"Total, 18 years and over",Both sexes,"Cannabis use, past 12 months",Percent,Percent,239,units,0,v1806964443,8.1.1.15.4,26,,,,1
2021/2022,Prince Edward Island,2021A000211,"Total, 18 years and over",Both sexes,"Cannabis use, past 12 months",Percent,Percent,239,units,0,v1806964443,8.1.1.15.4,31,,,,1
2023/2024,Prince Edward Island,2021A000211,"Total, 18 years and over",Both sexes,"Cannabis use, past 12 months",Percent,Percent,239,units,0,v1806964443,8.1.1.15.4,24.1,,,,1
2019/2020,Prince Edward Island,2021A000211,"Total, 18 years and over",Both sexes,Heavy drinking,Percent,Percent,239,units,0,v1806964471,8.1.1.19.4,21.3,,,,1
2021/2022,Prince Edward Island,2021A000211,"Total, 18 years and over",Both sexes,Heavy drinking,Percent,Percent,239,units,0,v1806964471,8.1.1.19.4,22.7,,,,1
2023/2024,Prince Edward Island,2021A000211,"Total, 18 years and over",Both sexes,Heavy drinking,Percent,Percent,239,units,0,v1806964471,8.1.1.19.4,22.5,,,,1
2019/2020,Prince Edward Island,2021A000211,"Total, 18 years and over",Both sexes,"Sense of belonging to local community, somewhat strong or very strong",Percent,Percent,239,units,0,v1806964499,8.1.1.23.4,75.4,,,,1
2021/2022,Prince Edward Island,2021A000211,"Total, 18 years and over",Both sexes,"Sense of belonging to local community, somewhat strong or very strong",Percent,Percent,239,units,0,v1806964499,8.1.1.23.4,72.7,,,,1
2023/2024,Prince Edward Island,2021A000211,"Total, 18 years and over",Both sexes,"Sense of belonging to local community, somewhat strong or very strong",Percent,Percent,239,units,0,v1806964499,8.1.1.23.4,67.4,,,,1
2019/2020,Prince Edward Island,2021A000211,"Total, 18 years and over",Males,"Perceived mental health, very good or excellent",Percent,Percent,239,units,0,v1806964534,8.1.2.3.4,68,,,,1
2021/2022,Prince Edward Island,2021A000211,"Total, 18 years and over",Males,"Perceived mental health, very good or excellent",Percent,Percent,239,units,0,v1806964534,8.1.2.3.4,56.2,,,,1
2023/2024,Prince Edward Island,2021A000211,"Total, 18 years and over",Males,"Perceived mental health, very good or excellent",Percent,Percent,239,units,0,v1806964534,8.1.2.3.4,53.7,,,,1
2019/2020,Prince Edward Island,2021A000211,"Total, 18 years and over",Males,"Perceived mental health, fair or poor",Percent,Percent,239,units,0,v1806964541,8.1.2.4.4,9.3,,,,1
2021/2022,Prince Edward Island,2021A000211,"Total, 18 years and over",Males,"Perceived mental health, fair or poor",Percent,Percent,239,units,0,v1806964541,8.1.2.4.4,11.8,,,,1
2023/2024,Prince Edward Island,2021A000211,"Total, 18 years and over",Males,"Perceived mental health, fair or poor",Percent,Percent,239,units,0,v1806964541,8.1.2.4.4,16.9,,,,1
2019/2020,Prince Edward Island,2021A000211,"Total, 18 years and over",Males,"Perceived life stress, most days quite a bit or extremely stressful",Percent,Percent,239,units,0,v1806964548,8.1.2.5.4,17.2,,,,1
2021/2022,Prince Edward Island,2021A000211,"Total, 18 years and over",Males,"Perceived life stress, most days quite a bit or extremely stressful",Percent,Percent,239,units,0,v1806964548,8.1.2.5.4,18.1,,,,1
2023/2024,Prince Edward Island,2021A000211,"Total, 18 years and over",Males,"Perceived life stress, most days quite a bit or extremely stressful",Percent,Percent,239,units,0,v1806964548,8.1.2.5.4,15.9,,,,1
2019/2020,Prince Edward Island,2021A000211,"Total, 18 years and over",Males,Mood disorder,Percent,Percent,239,units,0,v1806964590,8.1.2.11.4,6.8,,,,1
2021/2022,Prince Edward Island,2021A000211,"Total, 18 years and over",Males,Mood disorder,Percent,Percent,239,units,0,v1806964590,8.1.2.11.4,7.5,,,,1
2023/2024,Prince Edward Island,2021A000211,"Total, 18 years and over",Males,Mood disorder,Percent,Percent,239,units,0,v1806964590,8.1.2.11.4,10.7,,,,1
2019/2020,Prince Edward Island,2021A000211,"Total, 18 years and over",Males,Anxiety disorder,Percent,Percent,239,units,0,v1806964597,8.1.2.12.4,10.3,,,,1
2021/2022,Prince Edward Island,2021A000211,"Total, 18 years and over",Males,Anxiety disorder,Percent,Percent,239,units,0,v1806964597,8.1.2.12.4,9.4,,,,1
2023/2024,Prince Edward Island,2021A000211,"Total, 18 years and over",Males,Anxiety disorder,Percent,Percent,239,units,0,v1806964597,8.1.2.12.4,,..,,,1
2019/2020,Prince Edward Island,2021A000211,"Total, 18 years and over",Males,"Cannabis use, past 12 months",Percent,Percent,239,units,0,v1806964618,8.1.2.15.4,32,,,,1
2021/2022,Prince Edward Island,2021A000211,"Total, 18 years and over",Males,"Cannabis use, past 12 months",Percent,Percent,239,units,0,v1806964618,8.1.2.15.4,38.9,,,,1
2023/2024,Prince Edward Island,2021A000211,"Total, 18 years and over",Males,"Cannabis use, past 12 months",Percent,Percent,239,units,0,v1806964618,8.1.2.15.4,30.9,,,,1
2019/2020,Prince Edward Island,2021A000211,"Total, 18 years and over",Males,Heavy drinking,Percent,Percent,239,units,0,v1806964646,8.1.2.19.4,29.9,,,,1
2021/2022,Prince Edward Island,2021A000211,"Total, 18 years and over",Males,Heavy drinking,Percent,Percent,239,units,0,v1806964646,8.1.2.19.4,27.1,,,,1
2023/2024,Prince Edward Island,2021A000211,"Total, 18 years and over",Males,Heavy drinking,Percent,Percent,239,units,0,v1806964646,8.1.2.19.4,25.6,,,,1
2019/2020,Prince Edward Island,2021A000211,"Total, 18 years and over",Males,"Sense of belonging to local community, somewhat strong or very strong",Percent,Percent,239,units,0,v1806964660,8.1.2.23.4,79.2,,,,1
2021/2022,Prince Edward Island,2021A000211,"Total, 18 years and over",Males,"Sense of belonging to local community, somewhat strong or very strong",Percent,Percent,239,units,0,v1806964660,8.1.2.23.4,75.9,,,,1
2023/2024,Prince Edward Island,2021A000211,"Total, 18 years and over",Males,"Sense of belonging to local community, somewhat strong or very strong",Percent,Percent,239,units,0,v1806964660,8.1.2.23.4,69,,,,1
2019/2020,Prince Edward Island,2021A000211,"Total, 18 years and over",Females,"Perceived mental health, very good or excellent",Percent,Percent,239,units,0,v1806964695,8.1.3.3.4,58.8,,,,1
2021/2022,Prince Edward Island,2021A000211,"Total, 18 years and over",Females,"Perceived mental health, very good or excellent",Percent,Percent,239,units,0,v1806964695,8.1.3.3.4,55.5,,,,1
2023/2024,Prince Edward Island,2021A000211,"Total, 18 years and over",Females,"Perceived mental health, very good or excellent",Percent,Percent,239,units,0,v1806964695,8.1.3.3.4,46,,,,1
2019/2020,Prince Edward Island,2021A000211,"Total, 18 years and over",Females,"Perceived mental health, fair or poor",Percent,Percent,239,units,0,v1806964702,8.1.3.4.4,11.4,,,,1
2021/2022,Prince Edward Island,2021A000211,"Total, 18 years and over",Females,"Perceived mental health, fair or poor",Percent,Percent,239,units,0,v1806964702,8.1.3.4.4,17.3,,,,1
2023/2024,Prince Edward Island,2021A000211,"Total, 18 years and over",Females,"Perceived mental health, fair or poor",Percent,Percent,239,units,0,v1806964702,8.1.3.4.4,17.4,,,,1
2019/2020,Prince Edward Island,2021A000211,"Total, 18 years and over",Females,"Perceived life stress, most days quite a bit or extremely stressful",Percent,Percent,239,units,0,v1806964709,8.1.3.5.4,21,,,,1
2021/2022,Prince Edward Island,2021A000211,"Total, 18 years and over",Females,"Perceived life stress, most days quite a bit or extremely stressful",Percent,Percent,239,units,0,v1806964709,8.1.3.5.4,21.1,,,,1
2023/2024,Prince Edward Island,2021A000211,"Total, 18 years and over",Females,"Perceived life stress, most days quite a bit or extremely stressful",Percent,Percent,239,units,0,v1806964709,8.1.3.5.4,22.1,,,,1
2019/2020,Prince Edward Island,2021A000211,"Total, 18 years and over",Females,Mood disorder,Percent,Percent,239,units,0,v1806964751,8.1.3.11.4,17.3,,,,1
2021/2022,Prince Edward Island,2021A000211,"Total, 18 years and over",Females,Mood disorder,Percent,Percent,239,units,0,v1806964751,8.1.3.11.4,13.8,,,,1
2023/2024,Prince Edward Island,2021A000211,"Total, 18 years and over",Females,Mood disorder,Percent,Percent,239,units,0,v1806964751,8.1.3.11.4,16.6,,,,1
2019/2020,Prince Edward Island,2021A000211,"Total, 18 years and over",Females,Anxiety disorder,Percent,Percent,239,units,0,v1806964758,8.1.3.12.4,14.3,,,,1
2021/2022,Prince Edward Island,2021A000211,"Total, 18 years and over",Females,Anxiety disorder,Percent,Percent,239,units,0,v1806964758,8.1.3.12.4,16.2,,,,1
2023/2024,Prince Edward Island,2021A000211,"Total, 18 years and over",Females,Anxiety disorder,Percent,Percent,239,units,0,v1806964758,8.1.3.12.4,,..,,,1
2019/2020,Prince Edward Island,2021A000211,"Total, 18 years and over",Females,"Cannabis use, past 12 months",Percent,Percent,239,units,0,v1806964779,8.1.3.15.4,20.3,,,,1
2021/2022,Prince Edward Island,2021A000211,"Total, 18 years and over",Females,"Cannabis use, past 12 months",Percent,Percent,239,units,0,v1806964779,8.1.3.15.4,23.5,,,,1
2023/2024,Prince Edward Island,2021A000211,"Total, 18 years and over",Females,"Cannabis use, past 12 months",Percent,Percent,239,units,0,v1806964779,8.1.3.15.4,17.6,,,,1
2019/2020,Prince Edward Island,2021A000211,"Total, 18 years and over",Females,Heavy drinking,Percent,Percent,239,units,0,v1806964807,8.1.3.19.4,13,,,,1
2021/2022,Prince Edward Island,2021A000211,"Total, 18 years and over",Females,Heavy drinking,Percent,Percent,239,units,0,v1806964807,8.1.3.19.4,18.5,,,,1
2023/2024,Prince Edward Island,2021A000211,"Total, 18 years and over",Females,Heavy drinking,Percent,Percent,239,units,0,v1806964807,8.1.3.19.4,19.4,,,,1
2019/2020,Prince Edward Island,2021A000211,"Total, 18 years and over",Females,"Sense of belonging to local community, somewhat strong or very strong",Percent,Percent,239,units,0,v1806964835,8.1.3.23.4,71.7,,,,1
2021/2022,Prince Edward Island,2021A000211,"Total, 18 years and over",Females,"Sense of belonging to local community, somewhat strong or very strong",Percent,Percent,239,units,0,v1806964835,8.1.3.23.4,69.7,,,,1
2023/2024,Prince Edward Island,2021A000211,"Total, 18 years and over",Females,"Sense of belonging to local community, somewhat strong or very strong",Percent,Percent,239,units,0,v1806964835,8.1.3.23.4,65.9,,,,1
2019/2020,Nova Scotia,2021A000212,"Total, 18 years and over",Both sexes,"Perceived mental health, very good or excellent",Percent,Percent,239,units,0,v1806969469,10.1.1.3.4,64.5,,,,1
2021/2022,Nova Scotia,2021A000212,"Total, 18 years and over",Both sexes,"Perceived mental health, very good or excellent",Percent,Percent,239,units,0,v1806969469,10.1.1.3.4,54.5,,,,1
2023/2024,Nova Scotia,2021A000212,"Total, 18 years and over",Both sexes,"Perceived mental health, very good or excellent",Percent,Percent,239,units,0,v1806969469,10.1.1.3.4,47.8,,,,1
2019/2020,Nova Scotia,2021A000212,"Total, 18 years and over",Both sexes,"Perceived mental health, fair or poor",Percent,Percent,239,units,0,v1806969476,10.1.1.4.4,12.9,,,,1
2021/2022,Nova Scotia,2021A000212,"Total, 18 years and over",Both sexes,"Perceived mental health, fair or poor",Percent,Percent,239,units,0,v1806969476,10.1.1.4.4,14.7,,,,1
2023/2024,Nova Scotia,2021A000212,"Total, 18 years and over",Both sexes,"Perceived mental health, fair or poor",Percent,Percent,239,units,0,v1806969476,10.1.1.4.4,19.7,,,,1
2019/2020,Nova Scotia,2021A000212,"Total, 18 years and over",Both sexes,"Perceived life stress, most days quite a bit or extremely stressful",Percent,Percent,239,units,0,v1806969483,10.1.1.5.4,19,,,,1
2021/2022,Nova Scotia,2021A000212,"Total, 18 years and over",Both sexes,"Perceived life stress, most days quite a bit or extremely stressful",Percent,Percent,239,units,0,v1806969483,10.1.1.5.4,20.6,,,,1
2023/2024,Nova Scotia,2021A000212,"Total, 18 years and over",Both sexes,"Perceived life stress, most days quite a bit or extremely stressful",Percent,Percent,239,units,0,v1806969483,10.1.1.5.4,23.2,,,,1
2019/2020,Nova Scotia,2021A000212,"Total, 18 years and over",Both sexes,Mood disorder,Percent,Percent,239,units,0,v1806969525,10.1.1.11.4,15.2,,,,1
2021/2022,Nova Scotia,2021A000212,"Total, 18 years and over",Both sexes,Mood disorder,Percent,Percent,239,units,0,v1806969525,10.1.1.11.4,13.5,,,,1
2023/2024,Nova Scotia,2021A000212,"Total, 18 years and over",Both sexes,Mood disorder,Percent,Percent,239,units,0,v1806969525,10.1.1.11.4,17.6,,,,1
2019/2020,Nova Scotia,2021A000212,"Total, 18 years and over",Both sexes,Anxiety disorder,Percent,Percent,239,units,0,v1806969532,10.1.1.12.4,15.3,,,,1
2021/2022,Nova Scotia,2021A000212,"Total, 18 years and over",Both sexes,Anxiety disorder,Percent,Percent,239,units,0,v1806969532,10.1.1.12.4,16.2,,,,1
2023/2024,Nova Scotia,2021A000212,"Total, 18 years and over",Both sexes,Anxiety disorder,Percent,Percent,239,units,0,v1806969532,10.1.1.12.4,21.7,,,,1
2019/2020,Nova Scotia,2021A000212,"Total, 18 years and over",Both sexes,"Cannabis use, past 12 months",Percent,Percent,239,units,0,v1806969553,10.1.1.15.4,30,,,,1
2021/2022,Nova Scotia,2021A000212,"Total, 18 years and over",Both sexes,"Cannabis use, past 12 months",Percent,Percent,239,units,0,v1806969553,10.1.1.15.4,31.4,,,,1
2023/2024,Nova Scotia,2021A000212,"Total, 18 years and over",Both sexes,"Cannabis use, past 12 months",Percent,Percent,239,units,0,v1806969553,10.1.1.15.4,31.2,,,,1
2019/2020,Nova Scotia,2021A000212,"Total, 18 years and over",Both sexes,Heavy drinking,Percent,Percent,239,units,0,v1806969581,10.1.1.19.4,21.6,,,,1
2021/2022,Nova Scotia,2021A000212,"Total, 18 years and over",Both sexes,Heavy drinking,Percent,Percent,239,units,0,v1806969581,10.1.1.19.4,21.8,,,,1
2023/2024,Nova Scotia,2021A000212,"Total, 18 years and over",Both sexes,Heavy drinking,Percent,Percent,239,units,0,v1806969581,10.1.1.19.4,22.2,,,,1
2019/2020,Nova Scotia,2021A000212,"Total, 18 years and over",Both sexes,"Sense of belonging to local community, somewhat strong or very strong",Percent,Percent,239,units,0,v1806969609,10.1.1.23.4,75.7,,,,1
2021/2022,Nova Scotia,2021A000212,"Total, 18 years and over",Both sexes,"Sense of belonging to local community, somewhat strong or very strong",Percent,Percent,239,units,0,v1806969609,10.1.1.23.4,71.6,,,,1
2023/2024,Nova Scotia,2021A000212,"Total, 18 years and over",Both sexes,"Sense of belonging to local community, somewhat strong or very strong",Percent,Percent,239,units,0,v1806969609,10.1.1.23.4,62.8,,,,1
2019/2020,Nova Scotia,2021A000212,"Total, 18 years and over",Males,"Perceived mental health, very good or excellent",Percent,Percent,239,units,0,v1806969644,10.1.2.3.4,69.4,,,,1
2021/2022,Nova Scotia,2021A000212,"Total, 18 years and over",Males,"Perceived mental health, very good or excellent",Percent,Percent,239,units,0,v1806969644,10.1.2.3.4,58.1,,,,1
2023/2024,Nova Scotia,2021A000212,"Total, 18 years and over",Males,"Perceived mental health, very good or excellent",Percent,Percent,239,units,0,v1806969644,10.1.2.3.4,50,,,,1
2019/2020,Nova Scotia,2021A000212,"Total, 18 years and over",Males,"Perceived mental health, fair or poor",Percent,Percent,239,units,0,v1806969651,10.1.2.4.4,11,,,,1
2021/2022,Nova Scotia,2021A000212,"Total, 18 years and over",Males,"Perceived mental health, fair or poor",Percent,Percent,239,units,0,v1806969651,10.1.2.4.4,12.9,,,,1
2023/2024,Nova Scotia,2021A000212,"Total, 18 years and over",Males,"Perceived mental health, fair or poor",Percent,Percent,239,units,0,v1806969651,10.1.2.4.4,18.4,,,,1
2019/2020,Nova Scotia,2021A000212,"Total, 18 years and over",Males,"Perceived life stress, most days quite a bit or extremely stressful",Percent,Percent,239,units,0,v1806969658,10.1.2.5.4,16.8,,,,1
2021/2022,Nova Scotia,2021A000212,"Total, 18 years and over",Males,"Perceived life stress, most days quite a bit or extremely stressful",Percent,Percent,239,units,0,v1806969658,10.1.2.5.4,18.1,,,,1
2023/2024,Nova Scotia,2021A000212,"Total, 18 years and over",Males,"Perceived life stress, most days quite a bit or extremely stressful",Percent,Percent,239,units,0,v1806969658,10.1.2.5.4,20.3,,,,1
2019/2020,Nova Scotia,2021A000212,"Total, 18 years and over",Males,Mood disorder,Percent,Percent,239,units,0,v1806969700,10.1.2.11.4,10.5,,,,1
2021/2022,Nova Scotia,2021A000212,"Total, 18 years and over",Males,Mood disorder,Percent,Percent,239,units,0,v1806969700,10.1.2.11.4,9.6,,,,1
2023/2024,Nova Scotia,2021A000212,"Total, 18 years and over",Males,Mood disorder,Percent,Percent,239,units,0,v1806969700,10.1.2.11.4,14.6,,,,1
2019/2020,Nova Scotia,2021A000212,"Total, 18 years and over",Males,Anxiety disorder,Percent,Percent,239,units,0,v1806969707,10.1.2.12.4,10.9,,,,1
2021/2022,Nova Scotia,2021A000212,"Total, 18 years and over",Males,Anxiety disorder,Percent,Percent,239,units,0,v1806969707,10.1.2.12.4,11.7,,,,1
2023/2024,Nova Scotia,2021A000212,"Total, 18 years and over",Males,Anxiety disorder,Percent,Percent,239,units,0,v1806969707,10.1.2.12.4,17.1,,,,1
2019/2020,Nova Scotia,2021A000212,"Total, 18 years and over",Males,"Cannabis use, past 12 months",Percent,Percent,239,units,0,v1806969728,10.1.2.15.4,34.4,,,,1
2021/2022,Nova Scotia,2021A000212,"Total, 18 years and over",Males,"Cannabis use, past 12 months",Percent,Percent,239,units,0,v1806969728,10.1.2.15.4,36.1,,,,1
2023/2024,Nova Scotia,2021A000212,"Total, 18 years and over",Males,"Cannabis use, past 12 months",Percent,Percent,239,units,0,v1806969728,10.1.2.15.4,36,,,,1
2019/2020,Nova Scotia,2021A000212,"Total, 18 years and over",Males,Heavy drinking,Percent,Percent,239,units,0,v1806969756,10.1.2.19.4,25.2,,,,1
2021/2022,Nova Scotia,2021A000212,"Total, 18 years and over",Males,Heavy drinking,Percent,Percent,239,units,0,v1806969756,10.1.2.19.4,27.5,,,,1
2023/2024,Nova Scotia,2021A000212,"Total, 18 years and over",Males,Heavy drinking,Percent,Percent,239,units,0,v1806969756,10.1.2.19.4,27.4,,,,1
2019/2020,Nova Scotia,2021A000212,"Total, 18 years and over",Males,"Sense of belonging to local community, somewhat strong or very strong",Percent,Percent,239,units,0,v1806969770,10.1.2.23.4,76,,,,1
2021/2022,Nova Scotia,2021A000212,"Total, 18 years and over",Males,"Sense of belonging to local community, somewhat strong or very strong",Percent,Percent,239,units,0,v1806969770,10.1.2.23.4,72.2,,,,1
2023/2024,Nova Scotia,2021A000212,"Total, 18 years and over",Males,"Sense of belonging to local community, somewhat strong or very strong",Percent,Percent,239,units,0,v1806969770,10.1.2.23.4,62.2,,,,1
2019/2020,Nova Scotia,2021A000212,"Total, 18 years and over",Females,"Perceived mental health, very good or excellent",Percent,Percent,239,units,0,v1806969805,10.1.3.3.4,60.1,,,,1
2021/2022,Nova Scotia,2021A000212,"Total, 18 years and over",Females,"Perceived mental health, very good or excellent",Percent,Percent,239,units,0,v1806969805,10.1.3.3.4,51.1,,,,1
2023/2024,Nova Scotia,2021A000212,"Total, 18 years and over",Females,"Perceived mental health, very good or excellent",Percent,Percent,239,units,0,v1806969805,10.1.3.3.4,45.8,,,,1
2019/2020,Nova Scotia,2021A000212,"Total, 18 years and over",Females,"Perceived mental health, fair or poor",Percent,Percent,239,units,0,v1806969812,10.1.3.4.4,14.6,,,,1
2021/2022,Nova Scotia,2021A000212,"Total, 18 years and over",Females,"Perceived mental health, fair or poor",Percent,Percent,239,units,0,v1806969812,10.1.3.4.4,16.3,,,,1
2023/2024,Nova Scotia,2021A000212,"Total, 18 years and over",Females,"Perceived mental health, fair or poor",Percent,Percent,239,units,0,v1806969812,10.1.3.4.4,20.9,,,,1
2019/2020,Nova Scotia,2021A000212,"Total, 18 years and over",Females,"Perceived life stress, most days quite a bit or extremely stressful",Percent,Percent,239,units,0,v1806969819,10.1.3.5.4,21,,,,1
2021/2022,Nova Scotia,2021A000212,"Total, 18 years and over",Females,"Perceived life stress, most days quite a bit or extremely stressful",Percent,Percent,239,units,0,v1806969819,10.1.3.5.4,22.9,,,,1
2023/2024,Nova Scotia,2021A000212,"Total, 18 years and over",Females,"Perceived life stress, most days quite a bit or extremely stressful",Percent,Percent,239,units,0,v1806969819,10.1.3.5.4,25.9,,,,1
2019/2020,Nova Scotia,2021A000212,"Total, 18 years and over",Females,Mood disorder,Percent,Percent,239,units,0,v1806969861,10.1.3.11.4,19.6,,,,1
2021/2022,Nova Scotia,2021A000212,"Total, 18 years and over",Females,Mood disorder,Percent,Percent,239,units,0,v1806969861,10.1.3.11.4,17.1,,,,1
2023/2024,Nova Scotia,2021A000212,"Total, 18 years and over",Females,Mood disorder,Percent,Percent,239,units,0,v1806969861,10.1.3.11.4,20.4,,,,1
2019/2020,Nova Scotia,2021A000212,"Total, 18 years and over",Females,Anxiety disorder,Percent,Percent,239,units,0,v1806969868,10.1.3.12.4,19.5,,,,1
2021/2022,Nova Scotia,2021A000212,"Total, 18 years and over",Females,Anxiety disorder,Percent,Percent,239,units,0,v1806969868,10.1.3.12.4,20.4,,,,1
2023/2024,Nova Scotia,2021A000212,"Total, 18 years and over",Females,Anxiety disorder,Percent,Percent,239,units,0,v1806969868,10.1.3.12.4,26,,,,1
2019/2020,Nova Scotia,2021A000212,"Total, 18 years and over",Females,"Cannabis use, past 12 months",Percent,Percent,239,units,0,v1806969889,10.1.3.15.4,26,,,,1
2021/2022,Nova Scotia,2021A000212,"Total, 18 years and over",Females,"Cannabis use, past 12 months",Percent,Percent,239,units,0,v1806969889,10.1.3.15.4,27.2,,,,1
2023/2024,Nova Scotia,2021A000212,"Total, 18 years and over",Females,"Cannabis use, past 12 months",Percent,Percent,239,units,0,v1806969889,10.1.3.15.4,26.7,,,,1
2019/2020,Nova Scotia,2021A000212,"Total, 18 years and over",Females,Heavy drinking,Percent,Percent,239,units,0,v1806969917,10.1.3.19.4,18.3,,,,1
2021/2022,Nova Scotia,2021A000212,"Total, 18 years and over",Females,Heavy drinking,Percent,Percent,239,units,0,v1806969917,10.1.3.19.4,16.5,,,,1
2023/2024,Nova Scotia,2021A000212,"Total, 18 years and over",Females,Heavy drinking,Percent,Percent,239,units,0,v1806969917,10.1.3.19.4,17.3,,,,1
2019/2020,Nova Scotia,2021A000212,"Total, 18 years and over",Females,"Sense of belonging to local community, somewhat strong or very strong",Percent,Percent,239,units,0,v1806969945,10.1.3.23.4,75.4,,,,1
2021/2022,Nova Scotia,2021A000212,"Total, 18 years and over",Females,"Sense of belonging to local community, somewhat strong or very strong",Percent,Percent,239,units,0,v1806969945,10.1.3.23.4,71.2,,,,1
2023/2024,Nova Scotia,2021A000212,"Total, 18 years and over",Females,"Sense of belonging to local community, somewhat strong or very strong",Percent,Percent,239,units,0,v1806969945,10.1.3.23.4,63.3,,,,1
2019/2020,New Brunswick,2021A000213,"Total, 18 years and over",Both sexes,"Perceived mental health, very good or excellent",Percent,Percent,239,units,0,v1806983704,15.1.1.3.4,61.1,,,,1
2021/2022,New Brunswick,2021A000213,"Total, 18 years and over",Both sexes,"Perceived mental health, very good or excellent",Percent,Percent,239,units,0,v1806983704,15.1.1.3.4,53.9,,,,1
2023/2024,New Brunswick,2021A000213,"Total, 18 years and over",Both sexes,"Perceived mental health, very good or excellent",Percent,Percent,239,units,0,v1806983704,15.1.1.3.4,49.2,,,,1
2019/2020,New Brunswick,2021A000213,"Total, 18 years and over",Both sexes,"Perceived mental health, fair or poor",Percent,Percent,239,units,0,v1806983711,15.1.1.4.4,10.8,,,,1
2021/2022,New Brunswick,2021A000213,"Total, 18 years and over",Both sexes,"Perceived mental health, fair or poor",Percent,Percent,239,units,0,v1806983711,15.1.1.4.4,14.8,,,,1
2023/2024,New Brunswick,2021A000213,"Total, 18 years and over",Both sexes,"Perceived mental health, fair or poor",Percent,Percent,239,units,0,v1806983711,15.1.1.4.4,17.4,,,,1
2019/2020,New Brunswick,2021A000213,"Total, 18 years and over",Both sexes,"Perceived life stress, most days quite a bit or extremely stressful",Percent,Percent,239,units,0,v1806983718,15.1.1.5.4,19.1,,,,1
2021/2022,New Brunswick,2021A000213,"Total, 18 years and over",Both sexes,"Perceived life stress, most days quite a bit or extremely stressful",Percent,Percent,239,units,0,v1806983718,15.1.1.5.4,20.4,,,,1
2023/2024,New Brunswick,2021A000213,"Total, 18 years and over",Both sexes,"Perceived life stress, most days quite a bit or extremely stressful",Percent,Percent,239,units,0,v1806983718,15.1.1.5.4,23,,,,1
2019/2020,New Brunswick,2021A000213,"Total, 18 years and over",Both sexes,Mood disorder,Percent,Percent,239,units,0,v1806983760,15.1.1.11.4,12,,,,1
2021/2022,New Brunswick,2021A000213,"Total, 18 years and over",Both sexes,Mood disorder,Percent,Percent,239,units,0,v1806983760,15.1.1.11.4,13.1,,,,1
2023/2024,New Brunswick,2021A000213,"Total, 18 years and over",Both sexes,Mood disorder,Percent,Percent,239,units,0,v1806983760,15.1.1.11.4,15.7,,,,1
2019/2020,New Brunswick,2021A000213,"Total, 18 years and over",Both sexes,Anxiety disorder,Percent,Percent,239,units,0,v1806983767,15.1.1.12.4,13.5,,,,1
2021/2022,New Brunswick,2021A000213,"Total, 18 years and over",Both sexes,Anxiety disorder,Percent,Percent,239,units,0,v1806983767,15.1.1.12.4,15.8,,,,1
2023/2024,New Brunswick,2021A000213,"Total, 18 years and over",Both sexes,Anxiety disorder,Percent,Percent,239,units,0,v1806983767,15.1.1.12.4,,..,,,1
2019/2020,New Brunswick,2021A000213,"Total, 18 years and over",Both sexes,"Cannabis use, past 12 months",Percent,Percent,239,units,0,v1806983788,15.1.1.15.4,24.6,,,,1
2021/2022,New Brunswick,2021A000213,"Total, 18 years and over",Both sexes,"Cannabis use, past 12 months",Percent,Percent,239,units,0,v1806983788,15.1.1.15.4,24.7,,,,1
2023/2024,New Brunswick,2021A000213,"Total, 18 years and over",Both sexes,"Cannabis use, past 12 months",Percent,Percent,239,units,0,v1806983788,15.1.1.15.4,25.2,,,,1
2019/2020,New Brunswick,2021A000213,"Total, 18 years and over",Both sexes,Heavy drinking,Percent,Percent,239,units,0,v1806983816,15.1.1.19.4,19.7,,,,1
2021/2022,New Brunswick,2021A000213,"Total, 18 years and over",Both sexes,Heavy drinking,Percent,Percent,239,units,0,v1806983816,15.1.1.19.4,21.1,,,,1
2023/2024,New Brunswick,2021A000213,"Total, 18 years and over",Both sexes,Heavy drinking,Percent,Percent,239,units,0,v1806983816,15.1.1.19.4,21.1,,,,1
2019/2020,New Brunswick,2021A000213,"Total, 18 years and over",Both sexes,"Sense of belonging to local community, somewhat strong or very strong",Percent,Percent,239,units,0,v1806983844,15.1.1.23.4,72.5,,,,1
2021/2022,New Brunswick,2021A000213,"Total, 18 years and over",Both sexes,"Sense of belonging to local community, somewhat strong or very strong",Percent,Percent,239,units,0,v1806983844,15.1.1.23.4,72.5,,,,1
2023/2024,New Brunswick,2021A000213,"Total, 18 years and over",Both sexes,"Sense of belonging to local community, somewhat strong or very strong",Percent,Percent,239,units,0,v1806983844,15.1.1.23.4,63,,,,1
2019/2020,New Brunswick,2021A000213,"Total, 18 years and over",Males,"Perceived mental health, very good or excellent",Percent,Percent,239,units,0,v1806983879,15.1.2.3.4,64.4,,,,1
2021/2022,New Brunswick,2021A000213,"Total, 18 years and over",Males,"Perceived mental health, very good or excellent",Percent,Percent,239,units,0,v1806983879,15.1.2.3.4,58,,,,1
2023/2024,New Brunswick,2021A000213,"Total, 18 years and over",Males,"Perceived mental health, very good or excellent",Percent,Percent,239,units,0,v1806983879,15.1.2.3.4,49.7,,,,1
2019/2020,New Brunswick,2021A000213,"Total, 18 years and over",Males,"Perceived mental health, fair or poor",Percent,Percent,239,units,0,v1806983886,15.1.2.4.4,12.1,,,,1
2021/2022,New Brunswick,2021A000213,"Total, 18 years and over",Males,"Perceived mental health, fair or poor",Percent,Percent,239,units,0,v1806983886,15.1.2.4.4,12.4,,,,1
2023/2024,New Brunswick,2021A000213,"Total, 18 years and over",Males,"Perceived mental health, fair or poor",Percent,Percent,239,units,0,v1806983886,15.1.2.4.4,16.2,,,,1
2019/2020,New Brunswick,2021A000213,"Total, 18 years and over",Males,"Perceived life stress, most days quite a bit or extremely stressful",Percent,Percent,239,units,0,v1806983893,15.1.2.5.4,16.2,,,,1
2021/2022,New Brunswick,2021A000213,"Total, 18 years and over",Males,"Perceived life stress, most days quite a bit or extremely stressful",Percent,Percent,239,units,0,v1806983893,15.1.2.5.4,18,,,,1
2023/2024,New Brunswick,2021A000213,"Total, 18 years and over",Males,"Perceived life stress, most days quite a bit or extremely stressful",Percent,Percent,239,units,0,v1806983893,15.1.2.5.4,22.3,,,,1
2019/2020,New Brunswick,2021A000213,"Total, 18 years and over",Males,Mood disorder,Percent,Percent,239,units,0,v1806983935,15.1.2.11.4,10.1,,,,1
2021/2022,New Brunswick,2021A000213,"Total, 18 years and over",Males,Mood disorder,Percent,Percent,239,units,0,v1806983935,15.1.2.11.4,10.4,,,,1
2023/2024,New Brunswick,2021A000213,"Total, 18 years and over",Males,Mood disorder,Percent,Percent,239,units,0,v1806983935,15.1.2.11.4,12.3,,,,1
2019/2020,New Brunswick,2021A000213,"Total, 18 years and over",Males,Anxiety disorder,Percent,Percent,239,units,0,v1806983942,15.1.2.12.4,11.9,,,,1
2021/2022,New Brunswick,2021A000213,"Total, 18 years and over",Males,Anxiety disorder,Percent,Percent,239,units,0,v1806983942,15.1.2.12.4,11.9,,,,1
2023/2024,New Brunswick,2021A000213,"Total, 18 years and over",Males,Anxiety disorder,Percent,Percent,239,units,0,v1806983942,15.1.2.12.4,,..,,,1
2019/2020,New Brunswick,2021A000213,"Total, 18 years and over",Males,"Cannabis use, past 12 months",Percent,Percent,239,units,0,v1806983963,15.1.2.15.4,30.6,,,,1
2021/2022,New Brunswick,2021A000213,"Total, 18 years and over",Males,"Cannabis use, past 12 months",Percent,Percent,239,units,0,v1806983963,15.1.2.15.4,28.6,,,,1
2023/2024,New Brunswick,2021A000213,"Total, 18 years and over",Males,"Cannabis use, past 12 months",Percent,Percent,239,units,0,v1806983963,15.1.2.15.4,27.7,,,,1
2019/2020,New Brunswick,2021A000213,"Total, 18 years and over",Males,Heavy drinking,Percent,Percent,239,units,0,v1806983991,15.1.2.19.4,26.8,,,,1
2021/2022,New Brunswick,2021A000213,"Total, 18 years and over",Males,Heavy drinking,Percent,Percent,239,units,0,v1806983991,15.1.2.19.4,25.7,,,,1
2023/2024,New Brunswick,2021A000213,"Total, 18 years and over",Males,Heavy drinking,Percent,Percent,239,units,0,v1806983991,15.1.2.19.4,26.7,,,,1
2019/2020,New Brunswick,2021A000213,"Total, 18 years and over",Males,"Sense of belonging to local community, somewhat strong or very strong",Percent,Percent,239,units,0,v1806984005,15.1.2.23.4,71.8,,,,1
2021/2022,New Brunswick,2021A000213,"Total, 18 years and over",Males,"Sense of belonging to local community, somewhat strong or very strong",Percent,Percent,239,units,0,v1806984005,15.1.2.23.4,72.9,,,,1
2023/2024,New Brunswick,2021A000213,"Total, 18 years and over",Males,"Sense of belonging to local community, somewhat strong or very strong",Percent,Percent,239,units,0,v1806984005,15.1.2.23.4,61.1,,,,1
2019/2020,New Brunswick,2021A000213,"Total, 18 years and over",Females,"Perceived mental health, very good or excellent",Percent,Percent,239,units,0,v1806984040,15.1.3.3.4,58,,,,1
2021/2022,New Brunswick,2021A000213,"Total, 18 years and over",Females,"Perceived mental health, very good or excellent",Percent,Percent,239,units,0,v1806984040,15.1.3.3.4,50,,,,1
2023/2024,New Brunswick,2021A000213,"Total, 18 years and over",Females,"Perceived mental health, very good or excellent",Percent,Percent,239,units,0,v1806984040,15.1.3.3.4,48.8,,,,1
2019/2020,New Brunswick,2021A000213,"Total, 18 years and over",Females,"Perceived mental health, fair or poor",Percent,Percent,239,units,0,v1806984047,15.1.3.4.4,9.6,,,,1
2021/2022,New Brunswick,2021A000213,"Total, 18 years and over",Females,"Perceived mental health, fair or poor",Percent,Percent,239,units,0,v1806984047,15.1.3.4.4,17.1,,,,1
2023/2024,New Brunswick,2021A000213,"Total, 18 years and over",Females,"Perceived mental health, fair or poor",Percent,Percent,239,units,0,v1806984047,15.1.3.4.4,18.4,,,,1
2019/2020,New Brunswick,2021A000213,"Total, 18 years and over",Females,"Perceived life stress, most days quite a bit or extremely stressful",Percent,Percent,239,units,0,v1806984054,15.1.3.5.4,21.9,,,,1
2021/2022,New Brunswick,2021A000213,"Total, 18 years and over",Females,"Perceived life stress, most days quite a bit or extremely stressful",Percent,Percent,239,units,0,v1806984054,15.1.3.5.4,22.7,,,,1
2023/2024,New Brunswick,2021A000213,"Total, 18 years and over",Females,"Perceived life stress, most days quite a bit or extremely stressful",Percent,Percent,239,units,0,v1806984054,15.1.3.5.4,23.7,,,,1
2019/2020,New Brunswick,2021A000213,"Total, 18 years and over",Females,Mood disorder,Percent,Percent,239,units,0,v1806984096,15.1.3.11.4,13.8,,,,1
2021/2022,New Brunswick,2021A000213,"Total, 18 years and over",Females,Mood disorder,Percent,Percent,239,units,0,v1806984096,15.1.3.11.4,15.7,,,,1
2023/2024,New Brunswick,2021A000213,"Total, 18 years and over",Females,Mood disorder,Percent,Percent,239,units,0,v1806984096,15.1.3.11.4,18.9,,,,1
2019/2020,New Brunswick,2021A000213,"Total, 18 years and over",Females,Anxiety disorder,Percent,Percent,239,units,0,v1806984103,15.1.3.12.4,15.2,,,,1
2021/2022,New Brunswick,2021A000213,"Total, 18 years and over",Females,Anxiety disorder,Percent,Percent,239,units,0,v1806984103,15.1.3.12.4,19.6,,,,1
2023/2024,New Brunswick,2021A000213,"Total, 18 years and over",Females,Anxiety disorder,Percent,Percent,239,units,0,v1806984103,15.1.3.12.4,,..,,,1
2019/2020,New Brunswick,2021A000213,"Total, 18 years and over",Females,"Cannabis use, past 12 months",Percent,Percent,239,units,0,v1806984124,15.1.3.15.4,19.1,,,,1
2021/2022,New Brunswick,2021A000213,"Total, 18 years and over",Females,"Cannabis use, past 12 months",Percent,Percent,239,units,0,v1806984124,15.1.3.15.4,21.1,,,,1
2023/2024,New Brunswick,2021A000213,"Total, 18 years and over",Females,"Cannabis use, past 12 months",Percent,Percent,239,units,0,v1806984124,15.1.3.15.4,22.8,,,,1
2019/2020,New Brunswick,2021A000213,"Total, 18 years and over",Females,Heavy drinking,Percent,Percent,239,units,0,v1806984152,15.1.3.19.4,12.9,,,,1
2021/2022,New Brunswick,2021A000213,"Total, 18 years and over",Females,Heavy drinking,Percent,Percent,239,units,0,v1806984152,15.1.3.19.4,16.8,,,,1
2023/2024,New Brunswick,2021A000213,"Total, 18 years and over",Females,Heavy drinking,Percent,Percent,239,units,0,v1806984152,15.1.3.19.4,15.8,,,,1
2019/2020,New Brunswick,2021A000213,"Total, 18 years and over",Females,"Sense of belonging to local community, somewhat strong or very strong",Percent,Percent,239,units,0,v1806984180,15.1.3.23.4,73.2,,,,1
2021/2022,New Brunswick,2021A000213,"Total, 18 years and over",Females,"Sense of belonging to local community, somewhat strong or very strong",Percent,Percent,239,units,0,v1806984180,15.1.3.23.4,72.2,,,,1
2023/2024,New Brunswick,2021A000213,"Total, 18 years and over",Females,"Sense of belonging to local community, somewhat strong or very strong",Percent,Percent,239,units,0,v1806984180,15.1.3.23.4,64.7,,,,1
2019/2020,Quebec,2021A000224,"Total, 18 years and over",Both sexes,"Perceived mental health, very good or excellent",Percent,Percent,239,units,0,v1807006699,23.1.1.3.4,71.4,,,,1
2021/2022,Quebec,2021A000224,"Total, 18 years and over",Both sexes,"Perceived mental health, very good or excellent",Percent,Percent,239,units,0,v1807006699,23.1.1.3.4,65.2,,,,1
2023/2024,Quebec,2021A000224,"Total, 18 years and over",Both sexes,"Perceived mental health, very good or excellent",Percent,Percent,239,units,0,v1807006699,23.1.1.3.4,63.6,,,,1
2019/2020,Quebec,2021A000224,"Total, 18 years and over",Both sexes,"Perceived mental health, fair or poor",Percent,Percent,239,units,0,v1807006706,23.1.1.4.4,6,,,,1
2021/2022,Quebec,2021A000224,"Total, 18 years and over",Both sexes,"Perceived mental health, fair or poor",Percent,Percent,239,units,0,v1807006706,23.1.1.4.4,8.3,,,,1
2023/2024,Quebec,2021A000224,"Total, 18 years and over",Both sexes,"Perceived mental health, fair or poor",Percent,Percent,239,units,0,v1807006706,23.1.1.4.4,8.8,,,,1
2019/2020,Quebec,2021A000224,"Total, 18 years and over",Both sexes,"Perceived life stress, most days quite a bit or extremely stressful",Percent,Percent,239,units,0,v1807006713,23.1.1.5.4,23.3,,,,1
2021/2022,Quebec,2021A000224,"Total, 18 years and over",Both sexes,"Perceived life stress, most days quite a bit or extremely stressful",Percent,Percent,239,units,0,v1807006713,23.1.1.5.4,21.4,,,,1
2023/2024,Quebec,2021A000224,"Total, 18 years and over",Both sexes,"Perceived life stress, most days quite a bit or extremely stressful",Percent,Percent,239,units,0,v1807006713,23.1.1.5.4,20.9,,,,1
2019/2020,Quebec,2021A000224,"Total, 18 years and over",Both sexes,Mood disorder,Percent,Percent,239,units,0,v1807006755,23.1.1.11.4,6.2,,,,1
2021/2022,Quebec,2021A000224,"Total, 18 years and over",Both sexes,Mood disorder,Percent,Percent,239,units,0,v1807006755,23.1.1.11.4,7.3,,,,1
2023/2024,Quebec,2021A000224,"Total, 18 years and over",Both sexes,Mood disorder,Percent,Percent,239,units,0,v1807006755,23.1.1.11.4,9.6,,,,1
2019/2020,Quebec,2021A000224,"Total, 18 years and over",Both sexes,Anxiety disorder,Percent,Percent,239,units,0,v1807006762,23.1.1.12.4,8.4,,,,1
2021/2022,Quebec,2021A000224,"Total, 18 years and over",Both sexes,Anxiety disorder,Percent,Percent,239,units,0,v1807006762,23.1.1.12.4,11.2,,,,1
2023/2024,Quebec,2021A000224,"Total, 18 years and over",Both sexes,Anxiety disorder,Percent,Percent,239,units,0,v1807006762,23.1.1.12.4,,..,,,1
2019/2020,Quebec,2021A000224,"Total, 18 years and over",Both sexes,"Cannabis use, past 12 months",Percent,Percent,239,units,0,v1807006783,23.1.1.15.4,16.8,,,,1
2021/2022,Quebec,2021A000224,"Total, 18 years and over",Both sexes,"Cannabis use, past 12 months",Percent,Percent,239,units,0,v1807006783,23.1.1.15.4,16.2,,,,1
2023/2024,Quebec,2021A000224,"Total, 18 years and over",Both sexes,"Cannabis use, past 12 months",Percent,Percent,239,units,0,v1807006783,23.1.1.15.4,15.6,,,,1
2019/2020,Quebec,2021A000224,"Total, 18 years and over",Both sexes,Heavy drinking,Percent,Percent,239,units,0,v1807006811,23.1.1.19.4,19.8,,,,1
2021/2022,Quebec,2021A000224,"Total, 18 years and over",Both sexes,Heavy drinking,Percent,Percent,239,units,0,v1807006811,23.1.1.19.4,19.7,,,,1
2023/2024,Quebec,2021A000224,"Total, 18 years and over",Both sexes,Heavy drinking,Percent,Percent,239,units,0,v1807006811,23.1.1.19.4,22.1,,,,1
2019/2020,Quebec,2021A000224,"Total, 18 years and over",Both sexes,"Sense of belonging to local community, somewhat strong or very strong",Percent,Percent,239,units,0,v1807006839,23.1.1.23.4,62.9,,,,1
2021/2022,Quebec,2021A000224,"Total, 18 years and over",Both sexes,"Sense of belonging to local community, somewhat strong or very strong",Percent,Percent,239,units,0,v1807006839,23.1.1.23.4,61.6,,,,1
2023/2024,Quebec,2021A000224,"Total, 18 years and over",Both sexes,"Sense of belonging to local community, somewhat strong or very strong",Percent,Percent,239,units,0,v1807006839,23.1.1.23.4,56.6,,,,1
2019/2020,Quebec,2021A000224,"Total, 18 years and over",Males,"Perceived mental health, very good or excellent",Percent,Percent,239,units,0,v1807006874,23.1.2.3.4,75.1,,,,1
2021/2022,Quebec,2021A000224,"Total, 18 years and over",Males,"Perceived mental health, very good or excellent",Percent,Percent,239,units,0,v1807006874,23.1.2.3.4,68,,,,1
2023/2024,Quebec,2021A000224,"Total, 18 years and over",Males,"Perceived mental health, very good or excellent",Percent,Percent,239,units,0,v1807006874,23.1.2.3.4,66.8,,,,1
2019/2020,Quebec,2021A000224,"Total, 18 years and over",Males,"Perceived mental health, fair or poor",Percent,Percent,239,units,0,v1807006881,23.1.2.4.4,5.7,,,,1
2021/2022,Quebec,2021A000224,"Total, 18 years and over",Males,"Perceived mental health, fair or poor",Percent,Percent,239,units,0,v1807006881,23.1.2.4.4,8.1,,,,1
2023/2024,Quebec,2021A000224,"Total, 18 years and over",Males,"Perceived mental health, fair or poor",Percent,Percent,239,units,0,v1807006881,23.1.2.4.4,8,,,,1
2019/2020,Quebec,2021A000224,"Total, 18 years and over",Males,"Perceived life stress, most days quite a bit or extremely stressful",Percent,Percent,239,units,0,v1807006888,23.1.2.5.4,22,,,,1
2021/2022,Quebec,2021A000224,"Total, 18 years and over",Males,"Perceived life stress, most days quite a bit or extremely stressful",Percent,Percent,239,units,0,v1807006888,23.1.2.5.4,18.6,,,,1
2023/2024,Quebec,2021A000224,"Total, 18 years and over",Males,"Perceived life stress, most days quite a bit or extremely stressful",Percent,Percent,239,units,0,v1807006888,23.1.2.5.4,18.8,,,,1
2019/2020,Quebec,2021A000224,"Total, 18 years and over",Males,Mood disorder,Percent,Percent,239,units,0,v1807006930,23.1.2.11.4,4.6,,,,1
2021/2022,Quebec,2021A000224,"Total, 18 years and over",Males,Mood disorder,Percent,Percent,239,units,0,v1807006930,23.1.2.11.4,5.8,,,,1
2023/2024,Quebec,2021A000224,"Total, 18 years and over",Males,Mood disorder,Percent,Percent,239,units,0,v1807006930,23.1.2.11.4,7.3,,,,1
2019/2020,Quebec,2021A000224,"Total, 18 years and over",Males,Anxiety disorder,Percent,Percent,239,units,0,v1807006937,23.1.2.12.4,5.7,,,,1
2021/2022,Quebec,2021A000224,"Total, 18 years and over",Males,Anxiety disorder,Percent,Percent,239,units,0,v1807006937,23.1.2.12.4,8.5,,,,1
2023/2024,Quebec,2021A000224,"Total, 18 years and over",Males,Anxiety disorder,Percent,Percent,239,units,0,v1807006937,23.1.2.12.4,,..,,,1
2019/2020,Quebec,2021A000224,"Total, 18 years and over",Males,"Cannabis use, past 12 months",Percent,Percent,239,units,0,v1807006958,23.1.2.15.4,22.4,,,,1
2021/2022,Quebec,2021A000224,"Total, 18 years and over",Males,"Cannabis use, past 12 months",Percent,Percent,239,units,0,v1807006958,23.1.2.15.4,20.5,,,,1
2023/2024,Quebec,2021A000224,"Total, 18 years and over",Males,"Cannabis use, past 12 months",Percent,Percent,239,units,0,v1807006958,23.1.2.15.4,19.6,,,,1
2019/2020,Quebec,2021A000224,"Total, 18 years and over",Males,Heavy drinking,Percent,Percent,239,units,0,v1807006986,23.1.2.19.4,23.9,,,,1
2021/2022,Quebec,2021A000224,"Total, 18 years and over",Males,Heavy drinking,Percent,Percent,239,units,0,v1807006986,23.1.2.19.4,22.4,,,,1
2023/2024,Quebec,2021A000224,"Total, 18 years and over",Males,Heavy drinking,Percent,Percent,239,units,0,v1807006986,23.1.2.19.4,25.3,,,,1
2019/2020,Quebec,2021A000224,"Total, 18 years and over",Males,"Sense of belonging to local community, somewhat strong or very strong",Percent,Percent,239,units,0,v1807007000,23.1.2.23.4,61.6,,,,1
2021/2022,Quebec,2021A000224,"Total, 18 years and over",Males,"Sense of belonging to local community, somewhat strong or very strong",Percent,Percent,239,units,0,v1807007000,23.1.2.23.4,61.3,,,,1
2023/2024,Quebec,2021A000224,"Total, 18 years and over",Males,"Sense of belonging to local community, somewhat strong or very strong",Percent,Percent,239,units,0,v1807007000,23.1.2.23.4,56.2,,,,1
2019/2020,Quebec,2021A000224,"Total, 18 years and over",Females,"Perceived mental health, very good or excellent",Percent,Percent,239,units,0,v1807007035,23.1.3.3.4,67.8,,,,1
2021/2022,Quebec,2021A000224,"Total, 18 years and over",Females,"Perceived mental health, very good or excellent",Percent,Percent,239,units,0,v1807007035,23.1.3.3.4,62.4,,,,1
2023/2024,Quebec,2021A000224,"Total, 18 years and over",Females,"Perceived mental health, very good or excellent",Percent,Percent,239,units,0,v1807007035,23.1.3.3.4,60.4,,,,1
2019/2020,Quebec,2021A000224,"Total, 18 years and over",Females,"Perceived mental health, fair or poor",Percent,Percent,239,units,0,v1807007042,23.1.3.4.4,6.3,,,,1
2021/2022,Quebec,2021A000224,"Total, 18 years and over",Females,"Perceived mental health, fair or poor",Percent,Percent,239,units,0,v1807007042,23.1.3.4.4,8.4,,,,1
2023/2024,Quebec,2021A000224,"Total, 18 years and over",Females,"Perceived mental health, fair or poor",Percent,Percent,239,units,0,v1807007042,23.1.3.4.4,9.7,,,,1
2019/2020,Quebec,2021A000224,"Total, 18 years and over",Females,"Perceived life stress, most days quite a bit or extremely stressful",Percent,Percent,239,units,0,v1807007049,23.1.3.5.4,24.6,,,,1
2021/2022,Quebec,2021A000224,"Total, 18 years and over",Females,"Perceived life stress, most days quite a bit or extremely stressful",Percent,Percent,239,units,0,v1807007049,23.1.3.5.4,24.2,,,,1
2023/2024,Quebec,2021A000224,"Total, 18 years and over",Females,"Perceived life stress, most days quite a bit or extremely stressful",Percent,Percent,239,units,0,v1807007049,23.1.3.5.4,23,,,,1
2019/2020,Quebec,2021A000224,"Total, 18 years and over",Females,Mood disorder,Percent,Percent,239,units,0,v1807007091,23.1.3.11.4,7.8,,,,1
2021/2022,Quebec,2021A000224,"Total, 18 years and over",Females,Mood disorder,Percent,Percent,239,units,0,v1807007091,23.1.3.11.4,8.7,,,,1
2023/2024,Quebec,2021A000224,"Total, 18 years and over",Females,Mood disorder,Percent,Percent,239,units,0,v1807007091,23.1.3.11.4,11.9,,,,1
2019/2020,Quebec,2021A000224,"Total, 18 years and over",Females,Anxiety disorder,Percent,Percent,239,units,0,v1807007098,23.1.3.12.4,11.1,,,,1
2021/2022,Quebec,2021A000224,"Total, 18 years and over",Females,Anxiety disorder,Percent,Percent,239,units,0,v1807007098,23.1.3.12.4,13.8,,,,1
2023/2024,Quebec,2021A000224,"Total, 18 years and over",Females,Anxiety disorder,Percent,Percent,239,units,0,v1807007098,23.1.3.12.4,,..,,,1
2019/2020,Quebec,2021A000224,"Total, 18 years and over",Females,"Cannabis use, past 12 months",Percent,Percent,239,units,0,v1807007119,23.1.3.15.4,11.4,,,,1
2021/2022,Quebec,2021A000224,"Total, 18 years and over",Females,"Cannabis use, past 12 months",Percent,Percent,239,units,0,v1807007119,23.1.3.15.4,11.9,,,,1
2023/2024,Quebec,2021A000224,"Total, 18 years and over",Females,"Cannabis use, past 12 months",Percent,Percent,239,units,0,v1807007119,23.1.3.15.4,11.7,,,,1
2019/2020,Quebec,2021A000224,"Total, 18 years and over",Females,Heavy drinking,Percent,Percent,239,units,0,v1807007147,23.1.3.19.4,15.8,,,,1
2021/2022,Quebec,2021A000224,"Total, 18 years and over",Females,Heavy drinking,Percent,Percent,239,units,0,v1807007147,23.1.3.19.4,17.1,,,,1
2023/2024,Quebec,2021A000224,"Total, 18 years and over",Females,Heavy drinking,Percent,Percent,239,units,0,v1807007147,23.1.3.19.4,18.8,,,,1
2019/2020,Quebec,2021A000224,"Total, 18 years and over",Females,"Sense of belonging to local community, somewhat strong or very strong",Percent,Percent,239,units,0,v1807007175,23.1.3.23.4,64.3,,,,1
2021/2022,Quebec,2021A000224,"Total, 18 years and over",Females,"Sense of belonging to local community, somewhat strong or very strong",Percent,Percent,239,units,0,v1807007175,23.1.3.23.4,61.9,,,,1
2023/2024,Quebec,2021A000224,"Total, 18 years and over",Females,"Sense of belonging to local community, somewhat strong or very strong",Percent,Percent,239,units,0,v1807007175,23.1.3.23.4,57.1,,,,1
2019/2020,Ontario,2021A000235,"Total, 18 years and over",Both sexes,"Perceived mental health, very good or excellent",Percent,Percent,239,units,0,v1807055974,40.1.1.3.4,64.3,,,,1
2021/2022,Ontario,2021A000235,"Total, 18 years and over",Both sexes,"Perceived mental health, very good or excellent",Percent,Percent,239,units,0,v1807055974,40.1.1.3.4,54.3,,,,1
2023/2024,Ontario,2021A000235,"Total, 18 years and over",Both sexes,"Perceived mental health, very good or excellent",Percent,Percent,239,units,0,v1807055974,40.1.1.3.4,51.3,,,,1
2019/2020,Ontario,2021A000235,"Total, 18 years and over",Both sexes,"Perceived mental health, fair or poor",Percent,Percent,239,units,0,v1807055981,40.1.1.4.4,10,,,,1
2021/2022,Ontario,2021A000235,"Total, 18 years and over",Both sexes,"Perceived mental health, fair or poor",Percent,Percent,239,units,0,v1807055981,40.1.1.4.4,14.2,,,,1
2023/2024,Ontario,2021A000235,"Total, 18 years and over",Both sexes,"Perceived mental health, fair or poor",Percent,Percent,239,units,0,v1807055981,40.1.1.4.4,16.3,,,,1
2019/2020,Ontario,2021A000235,"Total, 18 years and over",Both sexes,"Perceived life stress, most days quite a bit or extremely stressful",Percent,Percent,239,units,0,v1807055988,40.1.1.5.4,21.4,,,,1
2021/2022,Ontario,2021A000235,"Total, 18 years and over",Both sexes,"Perceived life stress, most days quite a bit or extremely stressful",Percent,Percent,239,units,0,v1807055988,40.1.1.5.4,22.1,,,,1
2023/2024,Ontario,2021A000235,"Total, 18 years and over",Both sexes,"Perceived life stress, most days quite a bit or extremely stressful",Percent,Percent,239,units,0,v1807055988,40.1.1.5.4,23.5,,,,1
2019/2020,Ontario,2021A000235,"Total, 18 years and over",Both sexes,Mood disorder,Percent,Percent,239,units,0,v1807056030,40.1.1.11.4,9.8,,,,1
2021/2022,Ontario,2021A000235,"Total, 18 years and over",Both sexes,Mood disorder,Percent,Percent,239,units,0,v1807056030,40.1.1.11.4,11.6,,,,1
2023/2024,Ontario,2021A000235,"Total, 18 years and over",Both sexes,Mood disorder,Percent,Percent,239,units,0,v1807056030,40.1.1.11.4,13.3,,,,1
2019/2020,Ontario,2021A000235,"Total, 18 years and over",Both sexes,Anxiety disorder,Percent,Percent,239,units,0,v1807056037,40.1.1.12.4,10,,,,1
2021/2022,Ontario,2021A000235,"Total, 18 years and over",Both sexes,Anxiety disorder,Percent,Percent,239,units,0,v1807056037,40.1.1.12.4,12.9,,,,1
2023/2024,Ontario,2021A000235,"Total, 18 years and over",Both sexes,Anxiety disorder,Percent,Percent,239,units,0,v1807056037,40.1.1.12.4,,..,,,1
2019/2020,Ontario,2021A000235,"Total, 18 years and over",Both sexes,"Cannabis use, past 12 months",Percent,Percent,239,units,0,v1807056058,40.1.1.15.4,22.5,,,,1
2021/2022,Ontario,2021A000235,"Total, 18 years and over",Both sexes,"Cannabis use, past 12 months",Percent,Percent,239,units,0,v1807056058,40.1.1.15.4,24.4,,,,1
2023/2024,Ontario,2021A000235,"Total, 18 years and over",Both sexes,"Cannabis use, past 12 months",Percent,Percent,239,units,0,v1807056058,40.1.1.15.4,20.9,,,,1
2019/2020,Ontario,2021A000235,"Total, 18 years and over",Both sexes,Heavy drinking,Percent,Percent,239,units,0,v1807056086,40.1.1.19.4,16.7,,,,1
2021/2022,Ontario,2021A000235,"Total, 18 years and over",Both sexes,Heavy drinking,Percent,Percent,239,units,0,v1807056086,40.1.1.19.4,17.6,,,,1
2023/2024,Ontario,2021A000235,"Total, 18 years and over",Both sexes,Heavy drinking,Percent,Percent,239,units,0,v1807056086,40.1.1.19.4,17.4,,,,1
2019/2020,Ontario,2021A000235,"Total, 18 years and over",Both sexes,"Sense of belonging to local community, somewhat strong or very strong",Percent,Percent,239,units,0,v1807056114,40.1.1.23.4,70.2,,,,1
2021/2022,Ontario,2021A000235,"Total, 18 years and over",Both sexes,"Sense of belonging to local community, somewhat strong or very strong",Percent,Percent,239,units,0,v1807056114,40.1.1.23.4,66.4,,,,1
2023/2024,Ontario,2021A000235,"Total, 18 years and over",Both sexes,"Sense of belonging to local community, somewhat strong or very strong",Percent,Percent,239,units,0,v1807056114,40.1.1.23.4,61.6,,,,1
2019/2020,Ontario,2021A000235,"Total, 18 years and over",Males,"Perceived mental health, very good or excellent",Percent,Percent,239,units,0,v1807056149,40.1.2.3.4,67.2,,,,1
2021/2022,Ontario,2021A000235,"Total, 18 years and over",Males,"Perceived mental health, very good or excellent",Percent,Percent,239,units,0,v1807056149,40.1.2.3.4,58.2,,,,1
2023/2024,Ontario,2021A000235,"Total, 18 years and over",Males,"Perceived mental health, very good or excellent",Percent,Percent,239,units,0,v1807056149,40.1.2.3.4,55,,,,1
2019/2020,Ontario,2021A000235,"Total, 18 years and over",Males,"Perceived mental health, fair or poor",Percent,Percent,239,units,0,v1807056156,40.1.2.4.4,9.4,,,,1
2021/2022,Ontario,2021A000235,"Total, 18 years and over",Males,"Perceived mental health, fair or poor",Percent,Percent,239,units,0,v1807056156,40.1.2.4.4,12.4,,,,1
2023/2024,Ontario,2021A000235,"Total, 18 years and over",Males,"Perceived mental health, fair or poor",Percent,Percent,239,units,0,v1807056156,40.1.2.4.4,14.7,,,,1
2019/2020,Ontario,2021A000235,"Total, 18 years and over",Males,"Perceived life stress, most days quite a bit or extremely stressful",Percent,Percent,239,units,0,v1807056163,40.1.2.5.4,20.2,,,,1
2021/2022,Ontario,2021A000235,"Total, 18 years and over",Males,"Perceived life stress, most days quite a bit or extremely stressful",Percent,Percent,239,units,0,v1807056163,40.1.2.5.4,20.3,,,,1
2023/2024,Ontario,2021A000235,"Total, 18 years and over",Males,"Perceived life stress, most days quite a bit or extremely stressful",Percent,Percent,239,units,0,v1807056163,40.1.2.5.4,21,,,,1
2019/2020,Ontario,2021A000235,"Total, 18 years and over",Males,Mood disorder,Percent,Percent,239,units,0,v1807056205,40.1.2.11.4,7.9,,,,1
2021/2022,Ontario,2021A000235,"Total, 18 years and over",Males,Mood disorder,Percent,Percent,239,units,0,v1807056205,40.1.2.11.4,8.8,,,,1
2023/2024,Ontario,2021A000235,"Total, 18 years and over",Males,Mood disorder,Percent,Percent,239,units,0,v1807056205,40.1.2.11.4,10.3,,,,1
2019/2020,Ontario,2021A000235,"Total, 18 years and over",Males,Anxiety disorder,Percent,Percent,239,units,0,v1807056212,40.1.2.12.4,7.5,,,,1
2021/2022,Ontario,2021A000235,"Total, 18 years and over",Males,Anxiety disorder,Percent,Percent,239,units,0,v1807056212,40.1.2.12.4,8.7,,,,1
2023/2024,Ontario,2021A000235,"Total, 18 years and over",Males,Anxiety disorder,Percent,Percent,239,units,0,v1807056212,40.1.2.12.4,,..,,,1
2019/2020,Ontario,2021A000235,"Total, 18 years and over",Males,"Cannabis use, past 12 months",Percent,Percent,239,units,0,v1807056233,40.1.2.15.4,26.3,,,,1
2021/2022,Ontario,2021A000235,"Total, 18 years and over",Males,"Cannabis use, past 12 months",Percent,Percent,239,units,0,v1807056233,40.1.2.15.4,27.6,,,,1
2023/2024,Ontario,2021A000235,"Total, 18 years and over",Males,"Cannabis use, past 12 months",Percent,Percent,239,units,0,v1807056233,40.1.2.15.4,23.6,,,,1
2019/2020,Ontario,2021A000235,"Total, 18 years and over",Males,Heavy drinking,Percent,Percent,239,units,0,v1807056261,40.1.2.19.4,20.8,,,,1
2021/2022,Ontario,2021A000235,"Total, 18 years and over",Males,Heavy drinking,Percent,Percent,239,units,0,v1807056261,40.1.2.19.4,20.8,,,,1
2023/2024,Ontario,2021A000235,"Total, 18 years and over",Males,Heavy drinking,Percent,Percent,239,units,0,v1807056261,40.1.2.19.4,20.3,,,,1
2019/2020,Ontario,2021A000235,"Total, 18 years and over",Males,"Sense of belonging to local community, somewhat strong or very strong",Percent,Percent,239,units,0,v1807056275,40.1.2.23.4,68.5,,,,1
2021/2022,Ontario,2021A000235,"Total, 18 years and over",Males,"Sense of belonging to local community, somewhat strong or very strong",Percent,Percent,239,units,0,v1807056275,40.1.2.23.4,66.2,,,,1
2023/2024,Ontario,2021A000235,"Total, 18 years and over",Males,"Sense of belonging to local community, somewhat strong or very strong",Percent,Percent,239,units,0,v1807056275,40.1.2.23.4,61.9,,,,1
2019/2020,Ontario,2021A000235,"Total, 18 years and over",Females,"Perceived mental health, very good or excellent",Percent,Percent,239,units,0,v1807056310,40.1.3.3.4,61.5,,,,1
2021/2022,Ontario,2021A000235,"Total, 18 years and over",Females,"Perceived mental health, very good or excellent",Percent,Percent,239,units,0,v1807056310,40.1.3.3.4,50.6,,,,1
2023/2024,Ontario,2021A000235,"Total, 18 years and over",Females,"Perceived mental health, very good or excellent",Percent,Percent,239,units,0,v1807056310,40.1.3.3.4,47.8,,,,1
2019/2020,Ontario,2021A000235,"Total, 18 years and over",Females,"Perceived mental health, fair or poor",Percent,Percent,239,units,0,v1807056317,40.1.3.4.4,10.5,,,,1
2021/2022,Ontario,2021A000235,"Total, 18 years and over",Females,"Perceived mental health, fair or poor",Percent,Percent,239,units,0,v1807056317,40.1.3.4.4,15.8,,,,1
2023/2024,Ontario,2021A000235,"Total, 18 years and over",Females,"Perceived mental health, fair or poor",Percent,Percent,239,units,0,v1807056317,40.1.3.4.4,18,,,,1
2019/2020,Ontario,2021A000235,"Total, 18 years and over",Females,"Perceived life stress, most days quite a bit or extremely stressful",Percent,Percent,239,units,0,v1807056324,40.1.3.5.4,22.6,,,,1
2021/2022,Ontario,2021A000235,"Total, 18 years and over",Females,"Perceived life stress, most days quite a bit or extremely stressful",Percent,Percent,239,units,0,v1807056324,40.1.3.5.4,23.8,,,,1
2023/2024,Ontario,2021A000235,"Total, 18 years and over",Females,"Perceived life stress, most days quite a bit or extremely stressful",Percent,Percent,239,units,0,v1807056324,40.1.3.5.4,26,,,,1
2019/2020,Ontario,2021A000235,"Total, 18 years and over",Females,Mood disorder,Percent,Percent,239,units,0,v1807056366,40.1.3.11.4,11.6,,,,1
2021/2022,Ontario,2021A000235,"Total, 18 years and over",Females,Mood disorder,Percent,Percent,239,units,0,v1807056366,40.1.3.11.4,14.2,,,,1
2023/2024,Ontario,2021A000235,"Total, 18 years and over",Females,Mood disorder,Percent,Percent,239,units,0,v1807056366,40.1.3.11.4,16.2,,,,1
2019/2020,Ontario,2021A000235,"Total, 18 years and over",Females,Anxiety disorder,Percent,Percent,239,units,0,v1807056373,40.1.3.12.4,12.5,,,,1
2021/2022,Ontario,2021A000235,"Total, 18 years and over",Females,Anxiety disorder,Percent,Percent,239,units,0,v1807056373,40.1.3.12.4,17,,,,1
2023/2024,Ontario,2021A000235,"Total, 18 years and over",Females,Anxiety disorder,Percent,Percent,239,units,0,v1807056373,40.1.3.12.4,,..,,,1
2019/2020,Ontario,2021A000235,"Total, 18 years and over",Females,"Cannabis use, past 12 months",Percent,Percent,239,units,0,v1807056394,40.1.3.15.4,18.8,,,,1
2021/2022,Ontario,2021A000235,"Total, 18 years and over",Females,"Cannabis use, past 12 months",Percent,Percent,239,units,0,v1807056394,40.1.3.15.4,21.4,,,,1
2023/2024,Ontario,2021A000235,"Total, 18 years and over",Females,"Cannabis use, past 12 months",Percent,Percent,239,units,0,v1807056394,40.1.3.15.4,18.3,,,,1
2019/2020,Ontario,2021A000235,"Total, 18 years and over",Females,Heavy drinking,Percent,Percent,239,units,0,v1807056422,40.1.3.19.4,12.8,,,,1
2021/2022,Ontario,2021A000235,"Total, 18 years and over",Females,Heavy drinking,Percent,Percent,239,units,0,v1807056422,40.1.3.19.4,14.5,,,,1
2023/2024,Ontario,2021A000235,"Total, 18 years and over",Females,Heavy drinking,Percent,Percent,239,units,0,v1807056422,40.1.3.19.4,14.5,,,,1
2019/2020,Ontario,2021A000235,"Total, 18 years and over",Females,"Sense of belonging to local community, somewhat strong or very strong",Percent,Percent,239,units,0,v1807056450,40.1.3.23.4,71.8,,,,1
2021/2022,Ontario,2021A000235,"Total, 18 years and over",Females,"Sense of belonging to local community, somewhat strong or very strong",Percent,Percent,239,units,0,v1807056450,40.1.3.23.4,66.5,,,,1
2023/2024,Ontario,2021A000235,"Total, 18 years and over",Females,"Sense of belonging to local community, somewhat strong or very strong",Percent,Percent,239,units,0,v1807056450,40.1.3.23.4,61.3,,,,1
2019/2020,Manitoba,2021A000246,"Total, 18 years and over",Both sexes,"Perceived mental health, very good or excellent",Percent,Percent,239,units,0,v1807157809,75.1.1.3.4,62.9,,,,1
2021/2022,Manitoba,2021A000246,"Total, 18 years and over",Both sexes,"Perceived mental health, very good or excellent",Percent,Percent,239,units,0,v1807157809,75.1.1.3.4,54.8,,,,1
2023/2024,Manitoba,2021A000246,"Total, 18 years and over",Both sexes,"Perceived mental health, very good or excellent",Percent,Percent,239,units,0,v1807157809,75.1.1.3.4,51.6,,,,1
2019/2020,Manitoba,2021A000246,"Total, 18 years and over",Both sexes,"Perceived mental health, fair or poor",Percent,Percent,239,units,0,v1807157816,75.1.1.4.4,8.9,,,,1
2021/2022,Manitoba,2021A000246,"Total, 18 years and over",Both sexes,"Perceived mental health, fair or poor",Percent,Percent,239,units,0,v1807157816,75.1.1.4.4,12.9,,,,1
2023/2024,Manitoba,2021A000246,"Total, 18 years and over",Both sexes,"Perceived mental health, fair or poor",Percent,Percent,239,units,0,v1807157816,75.1.1.4.4,16.3,,,,1
2019/2020,Manitoba,2021A000246,"Total, 18 years and over",Both sexes,"Perceived life stress, most days quite a bit or extremely stressful",Percent,Percent,239,units,0,v1807157823,75.1.1.5.4,21.1,,,,1
2021/2022,Manitoba,2021A000246,"Total, 18 years and over",Both sexes,"Perceived life stress, most days quite a bit or extremely stressful",Percent,Percent,239,units,0,v1807157823,75.1.1.5.4,20.4,,,,1
2023/2024,Manitoba,2021A000246,"Total, 18 years and over",Both sexes,"Perceived life stress, most days quite a bit or extremely stressful",Percent,Percent,239,units,0,v1807157823,75.1.1.5.4,20.4,,,,1
2019/2020,Manitoba,2021A000246,"Total, 18 years and over",Both sexes,Mood disorder,Percent,Percent,239,units,0,v1807157865,75.1.1.11.4,10.2,,,,1
2021/2022,Manitoba,2021A000246,"Total, 18 years and over",Both sexes,Mood disorder,Percent,Percent,239,units,0,v1807157865,75.1.1.11.4,10.8,,,,1
2023/2024,Manitoba,2021A000246,"Total, 18 years and over",Both sexes,Mood disorder,Percent,Percent,239,units,0,v1807157865,75.1.1.11.4,14.6,,,,1
2019/2020,Manitoba,2021A000246,"Total, 18 years and over",Both sexes,Anxiety disorder,Percent,Percent,239,units,0,v1807157872,75.1.1.12.4,9.7,,,,1
2021/2022,Manitoba,2021A000246,"Total, 18 years and over",Both sexes,Anxiety disorder,Percent,Percent,239,units,0,v1807157872,75.1.1.12.4,11.8,,,,1
2023/2024,Manitoba,2021A000246,"Total, 18 years and over",Both sexes,Anxiety disorder,Percent,Percent,239,units,0,v1807157872,75.1.1.12.4,16.4,,,,1
2019/2020,Manitoba,2021A000246,"Total, 18 years and over",Both sexes,"Cannabis use, past 12 months",Percent,Percent,239,units,0,v1807157893,75.1.1.15.4,22.5,,,,1
2021/2022,Manitoba,2021A000246,"Total, 18 years and over",Both sexes,"Cannabis use, past 12 months",Percent,Percent,239,units,0,v1807157893,75.1.1.15.4,23.5,,,,1
2023/2024,Manitoba,2021A000246,"Total, 18 years and over",Both sexes,"Cannabis use, past 12 months",Percent,Percent,239,units,0,v1807157893,75.1.1.15.4,23.3,,,,1
2019/2020,Manitoba,2021A000246,"Total, 18 years and over",Both sexes,Heavy drinking,Percent,Percent,239,units,0,v1807157921,75.1.1.19.4,19.2,,,,1
2021/2022,Manitoba,2021A000246,"Total, 18 years and over",Both sexes,Heavy drinking,Percent,Percent,239,units,0,v1807157921,75.1.1.19.4,19.3,,,,1
2023/2024,Manitoba,2021A000246,"Total, 18 years and over",Both sexes,Heavy drinking,Percent,Percent,239,units,0,v1807157921,75.1.1.19.4,20.5,,,,1
2019/2020,Manitoba,2021A000246,"Total, 18 years and over",Both sexes,"Sense of belonging to local community, somewhat strong or very strong",Percent,Percent,239,units,0,v1807157949,75.1.1.23.4,71.8,,,,1
2021/2022,Manitoba,2021A000246,"Total, 18 years and over",Both sexes,"Sense of belonging to local community, somewhat strong or very strong",Percent,Percent,239,units,0,v1807157949,75.1.1.23.4,68.1,,,,1
2023/2024,Manitoba,2021A000246,"Total, 18 years and over",Both sexes,"Sense of belonging to local community, somewhat strong or very strong",Percent,Percent,239,units,0,v1807157949,75.1.1.23.4,64.5,,,,1
2019/2020,Manitoba,2021A000246,"Total, 18 years and over",Males,"Perceived mental health, very good or excellent",Percent,Percent,239,units,0,v1807157984,75.1.2.3.4,66.6,,,,1
2021/2022,Manitoba,2021A000246,"Total, 18 years and over",Males,"Perceived mental health, very good or excellent",Percent,Percent,239,units,0,v1807157984,75.1.2.3.4,58.4,,,,1
2023/2024,Manitoba,2021A000246,"Total, 18 years and over",Males,"Perceived mental health, very good or excellent",Percent,Percent,239,units,0,v1807157984,75.1.2.3.4,56.7,,,,1
2019/2020,Manitoba,2021A000246,"Total, 18 years and over",Males,"Perceived mental health, fair or poor",Percent,Percent,239,units,0,v1807157991,75.1.2.4.4,7.6,,,,1
2021/2022,Manitoba,2021A000246,"Total, 18 years and over",Males,"Perceived mental health, fair or poor",Percent,Percent,239,units,0,v1807157991,75.1.2.4.4,11.1,,,,1
2023/2024,Manitoba,2021A000246,"Total, 18 years and over",Males,"Perceived mental health, fair or poor",Percent,Percent,239,units,0,v1807157991,75.1.2.4.4,13.5,,,,1
2019/2020,Manitoba,2021A000246,"Total, 18 years and over",Males,"Perceived life stress, most days quite a bit or extremely stressful",Percent,Percent,239,units,0,v1807157998,75.1.2.5.4,18.9,,,,1
2021/2022,Manitoba,2021A000246,"Total, 18 years and over",Males,"Perceived life stress, most days quite a bit or extremely stressful",Percent,Percent,239,units,0,v1807157998,75.1.2.5.4,21.1,,,,1
2023/2024,Manitoba,2021A000246,"Total, 18 years and over",Males,"Perceived life stress, most days quite a bit or extremely stressful",Percent,Percent,239,units,0,v1807157998,75.1.2.5.4,18.9,,,,1
2019/2020,Manitoba,2021A000246,"Total, 18 years and over",Males,Mood disorder,Percent,Percent,239,units,0,v1807158040,75.1.2.11.4,7.2,,,,1
2021/2022,Manitoba,2021A000246,"Total, 18 years and over",Males,Mood disorder,Percent,Percent,239,units,0,v1807158040,75.1.2.11.4,7.9,,,,1
2023/2024,Manitoba,2021A000246,"Total, 18 years and over",Males,Mood disorder,Percent,Percent,239,units,0,v1807158040,75.1.2.11.4,10.5,,,,1
2019/2020,Manitoba,2021A000246,"Total, 18 years and over",Males,Anxiety disorder,Percent,Percent,239,units,0,v1807158047,75.1.2.12.4,6.3,,,,1
2021/2022,Manitoba,2021A000246,"Total, 18 years and over",Males,Anxiety disorder,Percent,Percent,239,units,0,v1807158047,75.1.2.12.4,8.3,,,,1
2023/2024,Manitoba,2021A000246,"Total, 18 years and over",Males,Anxiety disorder,Percent,Percent,239,units,0,v1807158047,75.1.2.12.4,10,,,,1
2019/2020,Manitoba,2021A000246,"Total, 18 years and over",Males,"Cannabis use, past 12 months",Percent,Percent,239,units,0,v1807158068,75.1.2.15.4,26.4,,,,1
2021/2022,Manitoba,2021A000246,"Total, 18 years and over",Males,"Cannabis use, past 12 months",Percent,Percent,239,units,0,v1807158068,75.1.2.15.4,26.7,,,,1
2023/2024,Manitoba,2021A000246,"Total, 18 years and over",Males,"Cannabis use, past 12 months",Percent,Percent,239,units,0,v1807158068,75.1.2.15.4,27.1,,,,1
2019/2020,Manitoba,2021A000246,"Total, 18 years and over",Males,Heavy drinking,Percent,Percent,239,units,0,v1807158096,75.1.2.19.4,23.9,,,,1
2021/2022,Manitoba,2021A000246,"Total, 18 years and over",Males,Heavy drinking,Percent,Percent,239,units,0,v1807158096,75.1.2.19.4,24,,,,1
2023/2024,Manitoba,2021A000246,"Total, 18 years and over",Males,Heavy drinking,Percent,Percent,239,units,0,v1807158096,75.1.2.19.4,23.6,,,,1
2019/2020,Manitoba,2021A000246,"Total, 18 years and over",Males,"Sense of belonging to local community, somewhat strong or very strong",Percent,Percent,239,units,0,v1807158110,75.1.2.23.4,70.6,,,,1
2021/2022,Manitoba,2021A000246,"Total, 18 years and over",Males,"Sense of belonging to local community, somewhat strong or very strong",Percent,Percent,239,units,0,v1807158110,75.1.2.23.4,67.9,,,,1
2023/2024,Manitoba,2021A000246,"Total, 18 years and over",Males,"Sense of belonging to local community, somewhat strong or very strong",Percent,Percent,239,units,0,v1807158110,75.1.2.23.4,64.7,,,,1
2019/2020,Manitoba,2021A000246,"Total, 18 years and over",Females,"Perceived mental health, very good or excellent",Percent,Percent,239,units,0,v1807158145,75.1.3.3.4,59.4,,,,1
2021/2022,Manitoba,2021A000246,"Total, 18 years and over",Females,"Perceived mental health, very good or excellent",Percent,Percent,239,units,0,v1807158145,75.1.3.3.4,51.3,,,,1
2023/2024,Manitoba,2021A000246,"Total, 18 years and over",Females,"Perceived mental health, very good or excellent",Percent,Percent,239,units,0,v1807158145,75.1.3.3.4,46.5,,,,1
2019/2020,Manitoba,2021A000246,"Total, 18 years and over",Females,"Perceived mental health, fair or poor",Percent,Percent,239,units,0,v1807158152,75.1.3.4.4,10.1,,,,1
2021/2022,Manitoba,2021A000246,"Total, 18 years and over",Females,"Perceived mental health, fair or poor",Percent,Percent,239,units,0,v1807158152,75.1.3.4.4,14.7,,,,1
2023/2024,Manitoba,2021A000246,"Total, 18 years and over",Females,"Perceived mental health, fair or poor",Percent,Percent,239,units,0,v1807158152,75.1.3.4.4,19.1,,,,1
2019/2020,Manitoba,2021A000246,"Total, 18 years and over",Females,"Perceived life stress, most days quite a bit or extremely stressful",Percent,Percent,239,units,0,v1807158159,75.1.3.5.4,23.3,,,,1
2021/2022,Manitoba,2021A000246,"Total, 18 years and over",Females,"Perceived life stress, most days quite a bit or extremely stressful",Percent,Percent,239,units,0,v1807158159,75.1.3.5.4,19.6,,,,1
2023/2024,Manitoba,2021A000246,"Total, 18 years and over",Females,"Perceived life stress, most days quite a bit or extremely stressful",Percent,Percent,239,units,0,v1807158159,75.1.3.5.4,22,,,,1
2019/2020,Manitoba,2021A000246,"Total, 18 years and over",Females,Mood disorder,Percent,Percent,239,units,0,v1807158201,75.1.3.11.4,13.1,,,,1
2021/2022,Manitoba,2021A000246,"Total, 18 years and over",Females,Mood disorder,Percent,Percent,239,units,0,v1807158201,75.1.3.11.4,13.6,,,,1
2023/2024,Manitoba,2021A000246,"Total, 18 years and over",Females,Mood disorder,Percent,Percent,239,units,0,v1807158201,75.1.3.11.4,18.7,,,,1
2019/2020,Manitoba,2021A000246,"Total, 18 years and over",Females,Anxiety disorder,Percent,Percent,239,units,0,v1807158208,75.1.3.12.4,13,,,,1
2021/2022,Manitoba,2021A000246,"Total, 18 years and over",Females,Anxiety disorder,Percent,Percent,239,units,0,v1807158208,75.1.3.12.4,15.3,,,,1
2023/2024,Manitoba,2021A000246,"Total, 18 years and over",Females,Anxiety disorder,Percent,Percent,239,units,0,v1807158208,75.1.3.12.4,22.9,,,,1
2019/2020,Manitoba,2021A000246,"Total, 18 years and over",Females,"Cannabis use, past 12 months",Percent,Percent,239,units,0,v1807158229,75.1.3.15.4,18.7,,,,1
2021/2022,Manitoba,2021A000246,"Total, 18 years and over",Females,"Cannabis use, past 12 months",Percent,Percent,239,units,0,v1807158229,75.1.3.15.4,20.3,,,,1
2023/2024,Manitoba,2021A000246,"Total, 18 years and over",Females,"Cannabis use, past 12 months",Percent,Percent,239,units,0,v1807158229,75.1.3.15.4,19.6,,,,1
2019/2020,Manitoba,2021A000246,"Total, 18 years and over",Females,Heavy drinking,Percent,Percent,239,units,0,v1807158257,75.1.3.19.4,14.7,,,,1
2021/2022,Manitoba,2021A000246,"Total, 18 years and over",Females,Heavy drinking,Percent,Percent,239,units,0,v1807158257,75.1.3.19.4,14.7,,,,1
2023/2024,Manitoba,2021A000246,"Total, 18 years and over",Females,Heavy drinking,Percent,Percent,239,units,0,v1807158257,75.1.3.19.4,17.5,,,,1
2019/2020,Manitoba,2021A000246,"Total, 18 years and over",Females,"Sense of belonging to local community, somewhat strong or very strong",Percent,Percent,239,units,0,v1807158285,75.1.3.23.4,72.9,,,,1
2021/2022,Manitoba,2021A000246,"Total, 18 years and over",Females,"Sense of belonging to local community, somewhat strong or very strong",Percent,Percent,239,units,0,v1807158285,75.1.3.23.4,68.3,,,,1
2023/2024,Manitoba,2021A000246,"Total, 18 years and over",Females,"Sense of belonging to local community, somewhat strong or very strong",Percent,Percent,239,units,0,v1807158285,75.1.3.23.4,64.4,,,,1
2019/2020,Saskatchewan,2021A000247,"Total, 18 years and over",Both sexes,"Perceived mental health, very good or excellent",Percent,Percent,239,units,0,v1807174964,81.1.1.3.4,61.4,,,,1
2021/2022,Saskatchewan,2021A000247,"Total, 18 years and over",Both sexes,"Perceived mental health, very good or excellent",Percent,Percent,239,units,0,v1807174964,81.1.1.3.4,52.6,,,,1
2023/2024,Saskatchewan,2021A000247,"Total, 18 years and over",Both sexes,"Perceived mental health, very good or excellent",Percent,Percent,239,units,0,v1807174964,81.1.1.3.4,50.3,,,,1
2019/2020,Saskatchewan,2021A000247,"Total, 18 years and over",Both sexes,"Perceived mental health, fair or poor",Percent,Percent,239,units,0,v1807174971,81.1.1.4.4,9.3,,,,1
2021/2022,Saskatchewan,2021A000247,"Total, 18 years and over",Both sexes,"Perceived mental health, fair or poor",Percent,Percent,239,units,0,v1807174971,81.1.1.4.4,14.7,,,,1
2023/2024,Saskatchewan,2021A000247,"Total, 18 years and over",Both sexes,"Perceived mental health, fair or poor",Percent,Percent,239,units,0,v1807174971,81.1.1.4.4,16.7,,,,1
2019/2020,Saskatchewan,2021A000247,"Total, 18 years and over",Both sexes,"Perceived life stress, most days quite a bit or extremely stressful",Percent,Percent,239,units,0,v1807174978,81.1.1.5.4,17.7,,,,1
2021/2022,Saskatchewan,2021A000247,"Total, 18 years and over",Both sexes,"Perceived life stress, most days quite a bit or extremely stressful",Percent,Percent,239,units,0,v1807174978,81.1.1.5.4,20,,,,1
2023/2024,Saskatchewan,2021A000247,"Total, 18 years and over",Both sexes,"Perceived life stress, most days quite a bit or extremely stressful",Percent,Percent,239,units,0,v1807174978,81.1.1.5.4,21.5,,,,1
2019/2020,Saskatchewan,2021A000247,"Total, 18 years and over",Both sexes,Mood disorder,Percent,Percent,239,units,0,v1807175020,81.1.1.11.4,12.1,,,,1
2021/2022,Saskatchewan,2021A000247,"Total, 18 years and over",Both sexes,Mood disorder,Percent,Percent,239,units,0,v1807175020,81.1.1.11.4,12.3,,,,1
2023/2024,Saskatchewan,2021A000247,"Total, 18 years and over",Both sexes,Mood disorder,Percent,Percent,239,units,0,v1807175020,81.1.1.11.4,14,,,,1
2019/2020,Saskatchewan,2021A000247,"Total, 18 years and over",Both sexes,Anxiety disorder,Percent,Percent,239,units,0,v1807175027,81.1.1.12.4,10.1,,,,1
2021/2022,Saskatchewan,2021A000247,"Total, 18 years and over",Both sexes,Anxiety disorder,Percent,Percent,239,units,0,v1807175027,81.1.1.12.4,12.6,,,,1
2023/2024,Saskatchewan,2021A000247,"Total, 18 years and over",Both sexes,Anxiety disorder,Percent,Percent,239,units,0,v1807175027,81.1.1.12.4,16.9,,,,1
2019/2020,Saskatchewan,2021A000247,"Total, 18 years and over",Both sexes,"Cannabis use, past 12 months",Percent,Percent,239,units,0,v1807175048,81.1.1.15.4,21.7,,,,1
2021/2022,Saskatchewan,2021A000247,"Total, 18 years and over",Both sexes,"Cannabis use, past 12 months",Percent,Percent,239,units,0,v1807175048,81.1.1.15.4,23.4,,,,1
2023/2024,Saskatchewan,2021A000247,"Total, 18 years and over",Both sexes,"Cannabis use, past 12 months",Percent,Percent,239,units,0,v1807175048,81.1.1.15.4,22.1,,,,1
2019/2020,Saskatchewan,2021A000247,"Total, 18 years and over",Both sexes,Heavy drinking,Percent,Percent,239,units,0,v1807175076,81.1.1.19.4,20.6,,,,1
2021/2022,Saskatchewan,2021A000247,"Total, 18 years and over",Both sexes,Heavy drinking,Percent,Percent,239,units,0,v1807175076,81.1.1.19.4,19.4,,,,1
2023/2024,Saskatchewan,2021A000247,"Total, 18 years and over",Both sexes,Heavy drinking,Percent,Percent,239,units,0,v1807175076,81.1.1.19.4,19.5,,,,1
2019/2020,Saskatchewan,2021A000247,"Total, 18 years and over",Both sexes,"Sense of belonging to local community, somewhat strong or very strong",Percent,Percent,239,units,0,v1807175104,81.1.1.23.4,74.2,,,,1
2021/2022,Saskatchewan,2021A000247,"Total, 18 years and over",Both sexes,"Sense of belonging to local community, somewhat strong or very strong",Percent,Percent,239,units,0,v1807175104,81.1.1.23.4,71.9,,,,1
2023/2024,Saskatchewan,2021A000247,"Total, 18 years and over",Both sexes,"Sense of belonging to local community, somewhat strong or very strong",Percent,Percent,239,units,0,v1807175104,81.1.1.23.4,66.5,,,,1
2019/2020,Saskatchewan,2021A000247,"Total, 18 years and over",Males,"Perceived mental health, very good or excellent",Percent,Percent,239,units,0,v1807175139,81.1.2.3.4,62.4,,,,1
2021/2022,Saskatchewan,2021A000247,"Total, 18 years and over",Males,"Perceived mental health, very good or excellent",Percent,Percent,239,units,0,v1807175139,81.1.2.3.4,56.4,,,,1
2023/2024,Saskatchewan,2021A000247,"Total, 18 years and over",Males,"Perceived mental health, very good or excellent",Percent,Percent,239,units,0,v1807175139,81.1.2.3.4,54.5,,,,1
2019/2020,Saskatchewan,2021A000247,"Total, 18 years and over",Males,"Perceived mental health, fair or poor",Percent,Percent,239,units,0,v1807175146,81.1.2.4.4,7.7,,,,1
2021/2022,Saskatchewan,2021A000247,"Total, 18 years and over",Males,"Perceived mental health, fair or poor",Percent,Percent,239,units,0,v1807175146,81.1.2.4.4,12.9,,,,1
2023/2024,Saskatchewan,2021A000247,"Total, 18 years and over",Males,"Perceived mental health, fair or poor",Percent,Percent,239,units,0,v1807175146,81.1.2.4.4,15.4,,,,1
2019/2020,Saskatchewan,2021A000247,"Total, 18 years and over",Males,"Perceived life stress, most days quite a bit or extremely stressful",Percent,Percent,239,units,0,v1807175153,81.1.2.5.4,16.6,,,,1
2021/2022,Saskatchewan,2021A000247,"Total, 18 years and over",Males,"Perceived life stress, most days quite a bit or extremely stressful",Percent,Percent,239,units,0,v1807175153,81.1.2.5.4,19.7,,,,1
2023/2024,Saskatchewan,2021A000247,"Total, 18 years and over",Males,"Perceived life stress, most days quite a bit or extremely stressful",Percent,Percent,239,units,0,v1807175153,81.1.2.5.4,19.6,,,,1
2019/2020,Saskatchewan,2021A000247,"Total, 18 years and over",Males,Mood disorder,Percent,Percent,239,units,0,v1807175195,81.1.2.11.4,10.8,,,,1
2021/2022,Saskatchewan,2021A000247,"Total, 18 years and over",Males,Mood disorder,Percent,Percent,239,units,0,v1807175195,81.1.2.11.4,9.7,,,,1
2023/2024,Saskatchewan,2021A000247,"Total, 18 years and over",Males,Mood disorder,Percent,Percent,239,units,0,v1807175195,81.1.2.11.4,12.2,,,,1
2019/2020,Saskatchewan,2021A000247,"Total, 18 years and over",Males,Anxiety disorder,Percent,Percent,239,units,0,v1807175202,81.1.2.12.4,9.3,,,,1
2021/2022,Saskatchewan,2021A000247,"Total, 18 years and over",Males,Anxiety disorder,Percent,Percent,239,units,0,v1807175202,81.1.2.12.4,9,,,,1
2023/2024,Saskatchewan,2021A000247,"Total, 18 years and over",Males,Anxiety disorder,Percent,Percent,239,units,0,v1807175202,81.1.2.12.4,12.7,,,,1
2019/2020,Saskatchewan,2021A000247,"Total, 18 years and over",Males,"Cannabis use, past 12 months",Percent,Percent,239,units,0,v1807175223,81.1.2.15.4,25.7,,,,1
2021/2022,Saskatchewan,2021A000247,"Total, 18 years and over",Males,"Cannabis use, past 12 months",Percent,Percent,239,units,0,v1807175223,81.1.2.15.4,26.6,,,,1
2023/2024,Saskatchewan,2021A000247,"Total, 18 years and over",Males,"Cannabis use, past 12 months",Percent,Percent,239,units,0,v1807175223,81.1.2.15.4,26,,,,1
2019/2020,Saskatchewan,2021A000247,"Total, 18 years and over",Males,Heavy drinking,Percent,Percent,239,units,0,v1807175251,81.1.2.19.4,27,,,,1
2021/2022,Saskatchewan,2021A000247,"Total, 18 years and over",Males,Heavy drinking,Percent,Percent,239,units,0,v1807175251,81.1.2.19.4,22.5,,,,1
2023/2024,Saskatchewan,2021A000247,"Total, 18 years and over",Males,Heavy drinking,Percent,Percent,239,units,0,v1807175251,81.1.2.19.4,23.5,,,,1
2019/2020,Saskatchewan,2021A000247,"Total, 18 years and over",Males,"Sense of belonging to local community, somewhat strong or very strong",Percent,Percent,239,units,0,v1807175265,81.1.2.23.4,73.9,,,,1
2021/2022,Saskatchewan,2021A000247,"Total, 18 years and over",Males,"Sense of belonging to local community, somewhat strong or very strong",Percent,Percent,239,units,0,v1807175265,81.1.2.23.4,73,,,,1
2023/2024,Saskatchewan,2021A000247,"Total, 18 years and over",Males,"Sense of belonging to local community, somewhat strong or very strong",Percent,Percent,239,units,0,v1807175265,81.1.2.23.4,65.9,,,,1
2019/2020,Saskatchewan,2021A000247,"Total, 18 years and over",Females,"Perceived mental health, very good or excellent",Percent,Percent,239,units,0,v1807175300,81.1.3.3.4,60.3,,,,1
2021/2022,Saskatchewan,2021A000247,"Total, 18 years and over",Females,"Perceived mental health, very good or excellent",Percent,Percent,239,units,0,v1807175300,81.1.3.3.4,48.7,,,,1
2023/2024,Saskatchewan,2021A000247,"Total, 18 years and over",Females,"Perceived mental health, very good or excellent",Percent,Percent,239,units,0,v1807175300,81.1.3.3.4,46.1,,,,1
2019/2020,Saskatchewan,2021A000247,"Total, 18 years and over",Females,"Perceived mental health, fair or poor",Percent,Percent,239,units,0,v1807175307,81.1.3.4.4,10.9,,,,1
2021/2022,Saskatchewan,2021A000247,"Total, 18 years and over",Females,"Perceived mental health, fair or poor",Percent,Percent,239,units,0,v1807175307,81.1.3.4.4,16.5,,,,1
2023/2024,Saskatchewan,2021A000247,"Total, 18 years and over",Females,"Perceived mental health, fair or poor",Percent,Percent,239,units,0,v1807175307,81.1.3.4.4,17.9,,,,1
2019/2020,Saskatchewan,2021A000247,"Total, 18 years and over",Females,"Perceived life stress, most days quite a bit or extremely stressful",Percent,Percent,239,units,0,v1807175314,81.1.3.5.4,18.8,,,,1
2021/2022,Saskatchewan,2021A000247,"Total, 18 years and over",Females,"Perceived life stress, most days quite a bit or extremely stressful",Percent,Percent,239,units,0,v1807175314,81.1.3.5.4,20.4,,,,1
2023/2024,Saskatchewan,2021A000247,"Total, 18 years and over",Females,"Perceived life stress, most days quite a bit or extremely stressful",Percent,Percent,239,units,0,v1807175314,81.1.3.5.4,23.5,,,,1
2019/2020,Saskatchewan,2021A000247,"Total, 18 years and over",Females,Mood disorder,Percent,Percent,239,units,0,v1807175356,81.1.3.11.4,13.5,,,,1
2021/2022,Saskatchewan,2021A000247,"Total, 18 years and over",Females,Mood disorder,Percent,Percent,239,units,0,v1807175356,81.1.3.11.4,14.9,,,,1
2023/2024,Saskatchewan,2021A000247,"Total, 18 years and over",Females,Mood disorder,Percent,Percent,239,units,0,v1807175356,81.1.3.11.4,15.9,,,,1
2019/2020,Saskatchewan,2021A000247,"Total, 18 years and over",Females,Anxiety disorder,Percent,Percent,239,units,0,v1807175363,81.1.3.12.4,11,,,,1
2021/2022,Saskatchewan,2021A000247,"Total, 18 years and over",Females,Anxiety disorder,Percent,Percent,239,units,0,v1807175363,81.1.3.12.4,16.3,,,,1
2023/2024,Saskatchewan,2021A000247,"Total, 18 years and over",Females,Anxiety disorder,Percent,Percent,239,units,0,v1807175363,81.1.3.12.4,21.1,,,,1
2019/2020,Saskatchewan,2021A000247,"Total, 18 years and over",Females,"Cannabis use, past 12 months",Percent,Percent,239,units,0,v1807175384,81.1.3.15.4,17.7,,,,1
2021/2022,Saskatchewan,2021A000247,"Total, 18 years and over",Females,"Cannabis use, past 12 months",Percent,Percent,239,units,0,v1807175384,81.1.3.15.4,20.1,,,,1
2023/2024,Saskatchewan,2021A000247,"Total, 18 years and over",Females,"Cannabis use, past 12 months",Percent,Percent,239,units,0,v1807175384,81.1.3.15.4,18.2,,,,1
2019/2020,Saskatchewan,2021A000247,"Total, 18 years and over",Females,Heavy drinking,Percent,Percent,239,units,0,v1807175412,81.1.3.19.4,14.1,,,,1
2021/2022,Saskatchewan,2021A000247,"Total, 18 years and over",Females,Heavy drinking,Percent,Percent,239,units,0,v1807175412,81.1.3.19.4,16.3,,,,1
2023/2024,Saskatchewan,2021A000247,"Total, 18 years and over",Females,Heavy drinking,Percent,Percent,239,units,0,v1807175412,81.1.3.19.4,15.5,,,,1
2019/2020,Saskatchewan,2021A000247,"Total, 18 years and over",Females,"Sense of belonging to local community, somewhat strong or very strong",Percent,Percent,239,units,0,v1807175440,81.1.3.23.4,74.6,,,,1
2021/2022,Saskatchewan,2021A000247,"Total, 18 years and over",Females,"Sense of belonging to local community, somewhat strong or very strong",Percent,Percent,239,units,0,v1807175440,81.1.3.23.4,70.9,,,,1
2023/2024,Saskatchewan,2021A000247,"Total, 18 years and over",Females,"Sense of belonging to local community, somewhat strong or very strong",Percent,Percent,239,units,0,v1807175440,81.1.3.23.4,67.2,,,,1
2019/2020,Alberta,2021A000248,"Total, 18 years and over",Both sexes,"Perceived mental health, very good or excellent",Percent,Percent,239,units,0,v1807197959,89.1.1.3.4,65.6,,,,1
2021/2022,Alberta,2021A000248,"Total, 18 years and over",Both sexes,"Perceived mental health, very good or excellent",Percent,Percent,239,units,0,v1807197959,89.1.1.3.4,55.1,,,,1
2023/2024,Alberta,2021A000248,"Total, 18 years and over",Both sexes,"Perceived mental health, very good or excellent",Percent,Percent,239,units,0,v1807197959,89.1.1.3.4,52.4,,,,1
2019/2020,Alberta,2021A000248,"Total, 18 years and over",Both sexes,"Perceived mental health, fair or poor",Percent,Percent,239,units,0,v1807197966,89.1.1.4.4,9.8,,,,1
2021/2022,Alberta,2021A000248,"Total, 18 years and over",Both sexes,"Perceived mental health, fair or poor",Percent,Percent,239,units,0,v1807197966,89.1.1.4.4,14.4,,,,1
2023/2024,Alberta,2021A000248,"Total, 18 years and over",Both sexes,"Perceived mental health, fair or poor",Percent,Percent,239,units,0,v1807197966,89.1.1.4.4,17.2,,,,1
2019/2020,Alberta,2021A000248,"Total, 18 years and over",Both sexes,"Perceived life stress, most days quite a bit or extremely stressful",Percent,Percent,239,units,0,v1807197973,89.1.1.5.4,20.8,,,,1
2021/2022,Alberta,2021A000248,"Total, 18 years and over",Both sexes,"Perceived life stress, most days quite a bit or extremely stressful",Percent,Percent,239,units,0,v1807197973,89.1.1.5.4,22,,,,1
2023/2024,Alberta,2021A000248,"Total, 18 years and over",Both sexes,"Perceived life stress, most days quite a bit or extremely stressful",Percent,Percent,239,units,0,v1807197973,89.1.1.5.4,23.2,,,,1
2019/2020,Alberta,2021A000248,"Total, 18 years and over",Both sexes,Mood disorder,Percent,Percent,239,units,0,v1807198015,89.1.1.11.4,10.7,,,,1
2021/2022,Alberta,2021A000248,"Total, 18 years and over",Both sexes,Mood disorder,Percent,Percent,239,units,0,v1807198015,89.1.1.11.4,11.9,,,,1
2023/2024,Alberta,2021A000248,"Total, 18 years and over",Both sexes,Mood disorder,Percent,Percent,239,units,0,v1807198015,89.1.1.11.4,14.8,,,,1
2019/2020,Alberta,2021A000248,"Total, 18 years and over",Both sexes,Anxiety disorder,Percent,Percent,239,units,0,v1807198022,89.1.1.12.4,9.9,,,,1
2021/2022,Alberta,2021A000248,"Total, 18 years and over",Both sexes,Anxiety disorder,Percent,Percent,239,units,0,v1807198022,89.1.1.12.4,12.8,,,,1
2023/2024,Alberta,2021A000248,"Total, 18 years and over",Both sexes,Anxiety disorder,Percent,Percent,239,units,0,v1807198022,89.1.1.12.4,,..,,,1
2019/2020,Alberta,2021A000248,"Total, 18 years and over",Both sexes,"Cannabis use, past 12 months",Percent,Percent,239,units,0,v1807198043,89.1.1.15.4,25.7,,,,1
2021/2022,Alberta,2021A000248,"Total, 18 years and over",Both sexes,"Cannabis use, past 12 months",Percent,Percent,239,units,0,v1807198043,89.1.1.15.4,26.3,,,,1
2023/2024,Alberta,2021A000248,"Total, 18 years and over",Both sexes,"Cannabis use, past 12 months",Percent,Percent,239,units,0,v1807198043,89.1.1.15.4,22.9,,,,1
2019/2020,Alberta,2021A000248,"Total, 18 years and over",Both sexes,Heavy drinking,Percent,Percent,239,units,0,v1807198071,89.1.1.19.4,20.2,,,,1
2021/2022,Alberta,2021A000248,"Total, 18 years and over",Both sexes,Heavy drinking,Percent,Percent,239,units,0,v1807198071,89.1.1.19.4,19.8,,,,1
2023/2024,Alberta,2021A000248,"Total, 18 years and over",Both sexes,Heavy drinking,Percent,Percent,239,units,0,v1807198071,89.1.1.19.4,19,,,,1
2019/2020,Alberta,2021A000248,"Total, 18 years and over",Both sexes,"Sense of belonging to local community, somewhat strong or very strong",Percent,Percent,239,units,0,v1807198099,89.1.1.23.4,68.1,,,,1
2021/2022,Alberta,2021A000248,"Total, 18 years and over",Both sexes,"Sense of belonging to local community, somewhat strong or very strong",Percent,Percent,239,units,0,v1807198099,89.1.1.23.4,64.7,,,,1
2023/2024,Alberta,2021A000248,"Total, 18 years and over",Both sexes,"Sense of belonging to local community, somewhat strong or very strong",Percent,Percent,239,units,0,v1807198099,89.1.1.23.4,60.4,,,,1
2019/2020,Alberta,2021A000248,"Total, 18 years and over",Males,"Perceived mental health, very good or excellent",Percent,Percent,239,units,0,v1807198134,89.1.2.3.4,67.7,,,,1
2021/2022,Alberta,2021A000248,"Total, 18 years and over",Males,"Perceived mental health, very good or excellent",Percent,Percent,239,units,0,v1807198134,89.1.2.3.4,60,,,,1
2023/2024,Alberta,2021A000248,"Total, 18 years and over",Males,"Perceived mental health, very good or excellent",Percent,Percent,239,units,0,v1807198134,89.1.2.3.4,56.8,,,,1
2019/2020,Alberta,2021A000248,"Total, 18 years and over",Males,"Perceived mental health, fair or poor",Percent,Percent,239,units,0,v1807198141,89.1.2.4.4,8.8,,,,1
2021/2022,Alberta,2021A000248,"Total, 18 years and over",Males,"Perceived mental health, fair or poor",Percent,Percent,239,units,0,v1807198141,89.1.2.4.4,12.5,,,,1
2023/2024,Alberta,2021A000248,"Total, 18 years and over",Males,"Perceived mental health, fair or poor",Percent,Percent,239,units,0,v1807198141,89.1.2.4.4,14.4,,,,1
2019/2020,Alberta,2021A000248,"Total, 18 years and over",Males,"Perceived life stress, most days quite a bit or extremely stressful",Percent,Percent,239,units,0,v1807198148,89.1.2.5.4,19.1,,,,1
2021/2022,Alberta,2021A000248,"Total, 18 years and over",Males,"Perceived life stress, most days quite a bit or extremely stressful",Percent,Percent,239,units,0,v1807198148,89.1.2.5.4,20.4,,,,1
2023/2024,Alberta,2021A000248,"Total, 18 years and over",Males,"Perceived life stress, most days quite a bit or extremely stressful",Percent,Percent,239,units,0,v1807198148,89.1.2.5.4,21.2,,,,1
2019/2020,Alberta,2021A000248,"Total, 18 years and over",Males,Mood disorder,Percent,Percent,239,units,0,v1807198190,89.1.2.11.4,7.9,,,,1
2021/2022,Alberta,2021A000248,"Total, 18 years and over",Males,Mood disorder,Percent,Percent,239,units,0,v1807198190,89.1.2.11.4,8.7,,,,1
2023/2024,Alberta,2021A000248,"Total, 18 years and over",Males,Mood disorder,Percent,Percent,239,units,0,v1807198190,89.1.2.11.4,10.8,,,,1
2019/2020,Alberta,2021A000248,"Total, 18 years and over",Males,Anxiety disorder,Percent,Percent,239,units,0,v1807198197,89.1.2.12.4,7.1,,,,1
2021/2022,Alberta,2021A000248,"Total, 18 years and over",Males,Anxiety disorder,Percent,Percent,239,units,0,v1807198197,89.1.2.12.4,8.5,,,,1
2023/2024,Alberta,2021A000248,"Total, 18 years and over",Males,Anxiety disorder,Percent,Percent,239,units,0,v1807198197,89.1.2.12.4,,..,,,1
2019/2020,Alberta,2021A000248,"Total, 18 years and over",Males,"Cannabis use, past 12 months",Percent,Percent,239,units,0,v1807198218,89.1.2.15.4,29.3,,,,1
2021/2022,Alberta,2021A000248,"Total, 18 years and over",Males,"Cannabis use, past 12 months",Percent,Percent,239,units,0,v1807198218,89.1.2.15.4,28.9,,,,1
2023/2024,Alberta,2021A000248,"Total, 18 years and over",Males,"Cannabis use, past 12 months",Percent,Percent,239,units,0,v1807198218,89.1.2.15.4,23.7,,,,1
2019/2020,Alberta,2021A000248,"Total, 18 years and over",Males,Heavy drinking,Percent,Percent,239,units,0,v1807198246,89.1.2.19.4,24.6,,,,1
2021/2022,Alberta,2021A000248,"Total, 18 years and over",Males,Heavy drinking,Percent,Percent,239,units,0,v1807198246,89.1.2.19.4,24.4,,,,1
2023/2024,Alberta,2021A000248,"Total, 18 years and over",Males,Heavy drinking,Percent,Percent,239,units,0,v1807198246,89.1.2.19.4,22.4,,,,1
2019/2020,Alberta,2021A000248,"Total, 18 years and over",Males,"Sense of belonging to local community, somewhat strong or very strong",Percent,Percent,239,units,0,v1807198260,89.1.2.23.4,66.8,,,,1
2021/2022,Alberta,2021A000248,"Total, 18 years and over",Males,"Sense of belonging to local community, somewhat strong or very strong",Percent,Percent,239,units,0,v1807198260,89.1.2.23.4,64.1,,,,1
2023/2024,Alberta,2021A000248,"Total, 18 years and over",Males,"Sense of belonging to local community, somewhat strong or very strong",Percent,Percent,239,units,0,v1807198260,89.1.2.23.4,60.7,,,,1
2019/2020,Alberta,2021A000248,"Total, 18 years and over",Females,"Perceived mental health, very good or excellent",Percent,Percent,239,units,0,v1807198295,89.1.3.3.4,63.5,,,,1
2021/2022,Alberta,2021A000248,"Total, 18 years and over",Females,"Perceived mental health, very good or excellent",Percent,Percent,239,units,0,v1807198295,89.1.3.3.4,50.2,,,,1
2023/2024,Alberta,2021A000248,"Total, 18 years and over",Females,"Perceived mental health, very good or excellent",Percent,Percent,239,units,0,v1807198295,89.1.3.3.4,48.1,,,,1
2019/2020,Alberta,2021A000248,"Total, 18 years and over",Females,"Perceived mental health, fair or poor",Percent,Percent,239,units,0,v1807198302,89.1.3.4.4,10.9,,,,1
2021/2022,Alberta,2021A000248,"Total, 18 years and over",Females,"Perceived mental health, fair or poor",Percent,Percent,239,units,0,v1807198302,89.1.3.4.4,16.2,,,,1
2023/2024,Alberta,2021A000248,"Total, 18 years and over",Females,"Perceived mental health, fair or poor",Percent,Percent,239,units,0,v1807198302,89.1.3.4.4,19.9,,,,1
2019/2020,Alberta,2021A000248,"Total, 18 years and over",Females,"Perceived life stress, most days quite a bit or extremely stressful",Percent,Percent,239,units,0,v1807198309,89.1.3.5.4,22.6,,,,1
2021/2022,Alberta,2021A000248,"Total, 18 years and over",Females,"Perceived life stress, most days quite a bit or extremely stressful",Percent,Percent,239,units,0,v1807198309,89.1.3.5.4,23.6,,,,1
2023/2024,Alberta,2021A000248,"Total, 18 years and over",Females,"Perceived life stress, most days quite a bit or extremely stressful",Percent,Percent,239,units,0,v1807198309,89.1.3.5.4,25.2,,,,1
2019/2020,Alberta,2021A000248,"Total, 18 years and over",Females,Mood disorder,Percent,Percent,239,units,0,v1807198351,89.1.3.11.4,13.6,,,,1
2021/2022,Alberta,2021A000248,"Total, 18 years and over",Females,Mood disorder,Percent,Percent,239,units,0,v1807198351,89.1.3.11.4,15.1,,,,1
2023/2024,Alberta,2021A000248,"Total, 18 years and over",Females,Mood disorder,Percent,Percent,239,units,0,v1807198351,89.1.3.11.4,18.8,,,,1
2019/2020,Alberta,2021A000248,"Total, 18 years and over",Females,Anxiety disorder,Percent,Percent,239,units,0,v1807198358,89.1.3.12.4,12.7,,,,1
2021/2022,Alberta,2021A000248,"Total, 18 years and over",Females,Anxiety disorder,Percent,Percent,239,units,0,v1807198358,89.1.3.12.4,17.2,,,,1
2023/2024,Alberta,2021A000248,"Total, 18 years and over",Females,Anxiety disorder,Percent,Percent,239,units,0,v1807198358,89.1.3.12.4,,..,,,1
2019/2020,Alberta,2021A000248,"Total, 18 years and over",Females,"Cannabis use, past 12 months",Percent,Percent,239,units,0,v1807198379,89.1.3.15.4,22.1,,,,1
2021/2022,Alberta,2021A000248,"Total, 18 years and over",Females,"Cannabis use, past 12 months",Percent,Percent,239,units,0,v1807198379,89.1.3.15.4,23.6,,,,1
2023/2024,Alberta,2021A000248,"Total, 18 years and over",Females,"Cannabis use, past 12 months",Percent,Percent,239,units,0,v1807198379,89.1.3.15.4,22.1,,,,1
2019/2020,Alberta,2021A000248,"Total, 18 years and over",Females,Heavy drinking,Percent,Percent,239,units,0,v1807198407,89.1.3.19.4,15.8,,,,1
2021/2022,Alberta,2021A000248,"Total, 18 years and over",Females,Heavy drinking,Percent,Percent,239,units,0,v1807198407,89.1.3.19.4,15.1,,,,1
2023/2024,Alberta,2021A000248,"Total, 18 years and over",Females,Heavy drinking,Percent,Percent,239,units,0,v1807198407,89.1.3.19.4,15.6,,,,1
2019/2020,Alberta,2021A000248,"Total, 18 years and over",Females,"Sense of belonging to local community, somewhat strong or very strong",Percent,Percent,239,units,0,v1807198435,89.1.3.23.4,69.4,,,,1
2021/2022,Alberta,2021A000248,"Total, 18 years and over",Females,"Sense of belonging to local community, somewhat strong or very strong",Percent,Percent,239,units,0,v1807198435,89.1.3.23.4,65.3,,,,1
2023/2024,Alberta,2021A000248,"Total, 18 years and over",Females,"Sense of belonging to local community, somewhat strong or very strong",Percent,Percent,239,units,0,v1807198435,89.1.3.23.4,60.2,,,,1
2019/2020,British Columbia,2021A000259,"Total, 18 years and over",Both sexes,"Perceived mental health, very good or excellent",Percent,Percent,239,units,0,v1807215114,95.1.1.3.4,62.4,,,,1
2021/2022,British Columbia,2021A000259,"Total, 18 years and over",Both sexes,"Perceived mental health, very good or excellent",Percent,Percent,239,units,0,v1807215114,95.1.1.3.4,53,,,,1
2023/2024,British Columbia,2021A000259,"Total, 18 years and over",Both sexes,"Perceived mental health, very good or excellent",Percent,Percent,239,units,0,v1807215114,95.1.1.3.4,49.1,,,,1
2019/2020,British Columbia,2021A000259,"Total, 18 years and over",Both sexes,"Perceived mental health, fair or poor",Percent,Percent,239,units,0,v1807215121,95.1.1.4.4,9.8,,,,1
2021/2022,British Columbia,2021A000259,"Total, 18 years and over",Both sexes,"Perceived mental health, fair or poor",Percent,Percent,239,units,0,v1807215121,95.1.1.4.4,16,,,,1
2023/2024,British Columbia,2021A000259,"Total, 18 years and over",Both sexes,"Perceived mental health, fair or poor",Percent,Percent,239,units,0,v1807215121,95.1.1.4.4,17.7,,,,1
2019/2020,British Columbia,2021A000259,"Total, 18 years and over",Both sexes,"Perceived life stress, most days quite a bit or extremely stressful",Percent,Percent,239,units,0,v1807215128,95.1.1.5.4,21.2,,,,1
2021/2022,British Columbia,2021A000259,"Total, 18 years and over",Both sexes,"Perceived life stress, most days quite a bit or extremely stressful",Percent,Percent,239,units,0,v1807215128,95.1.1.5.4,21.3,,,,1
2023/2024,British Columbia,2021A000259,"Total, 18 years and over",Both sexes,"Perceived life stress, most days quite a bit or extremely stressful",Percent,Percent,239,units,0,v1807215128,95.1.1.5.4,23.6,,,,1
2019/2020,British Columbia,2021A000259,"Total, 18 years and over",Both sexes,Mood disorder,Percent,Percent,239,units,0,v1807215170,95.1.1.11.4,9.9,,,,1
2021/2022,British Columbia,2021A000259,"Total, 18 years and over",Both sexes,Mood disorder,Percent,Percent,239,units,0,v1807215170,95.1.1.11.4,12.4,,,,1
2023/2024,British Columbia,2021A000259,"Total, 18 years and over",Both sexes,Mood disorder,Percent,Percent,239,units,0,v1807215170,95.1.1.11.4,14.4,,,,1
2019/2020,British Columbia,2021A000259,"Total, 18 years and over",Both sexes,Anxiety disorder,Percent,Percent,239,units,0,v1807215177,95.1.1.12.4,9.4,,,,1
2021/2022,British Columbia,2021A000259,"Total, 18 years and over",Both sexes,Anxiety disorder,Percent,Percent,239,units,0,v1807215177,95.1.1.12.4,12.3,,,,1
2023/2024,British Columbia,2021A000259,"Total, 18 years and over",Both sexes,Anxiety disorder,Percent,Percent,239,units,0,v1807215177,95.1.1.12.4,,..,,,1
2019/2020,British Columbia,2021A000259,"Total, 18 years and over",Both sexes,"Cannabis use, past 12 months",Percent,Percent,239,units,0,v1807215198,95.1.1.15.4,24,,,,1
2021/2022,British Columbia,2021A000259,"Total, 18 years and over",Both sexes,"Cannabis use, past 12 months",Percent,Percent,239,units,0,v1807215198,95.1.1.15.4,26.2,,,,1
2023/2024,British Columbia,2021A000259,"Total, 18 years and over",Both sexes,"Cannabis use, past 12 months",Percent,Percent,239,units,0,v1807215198,95.1.1.15.4,23.9,,,,1
2019/2020,British Columbia,2021A000259,"Total, 18 years and over",Both sexes,Heavy drinking,Percent,Percent,239,units,0,v1807215226,95.1.1.19.4,18.7,,,,1
2021/2022,British Columbia,2021A000259,"Total, 18 years and over",Both sexes,Heavy drinking,Percent,Percent,239,units,0,v1807215226,95.1.1.19.4,18,,,,1
2023/2024,British Columbia,2021A000259,"Total, 18 years and over",Both sexes,Heavy drinking,Percent,Percent,239,units,0,v1807215226,95.1.1.19.4,19,,,,1
2019/2020,British Columbia,2021A000259,"Total, 18 years and over",Both sexes,"Sense of belonging to local community, somewhat strong or very strong",Percent,Percent,239,units,0,v1807215254,95.1.1.23.4,69.5,,,,1
2021/2022,British Columbia,2021A000259,"Total, 18 years and over",Both sexes,"Sense of belonging to local community, somewhat strong or very strong",Percent,Percent,239,units,0,v1807215254,95.1.1.23.4,67.3,,,,1
2023/2024,British Columbia,2021A000259,"Total, 18 years and over",Both sexes,"Sense of belonging to local community, somewhat strong or very strong",Percent,Percent,239,units,0,v1807215254,95.1.1.23.4,61.3,,,,1
2019/2020,British Columbia,2021A000259,"Total, 18 years and over",Males,"Perceived mental health, very good or excellent",Percent,Percent,239,units,0,v1807215289,95.1.2.3.4,65.9,,,,1
2021/2022,British Columbia,2021A000259,"Total, 18 years and over",Males,"Perceived mental health, very good or excellent",Percent,Percent,239,units,0,v1807215289,95.1.2.3.4,57.1,,,,1
2023/2024,British Columbia,2021A000259,"Total, 18 years and over",Males,"Perceived mental health, very good or excellent",Percent,Percent,239,units,0,v1807215289,95.1.2.3.4,51.4,,,,1
2019/2020,British Columbia,2021A000259,"Total, 18 years and over",Males,"Perceived mental health, fair or poor",Percent,Percent,239,units,0,v1807215296,95.1.2.4.4,8.9,,,,1
2021/2022,British Columbia,2021A000259,"Total, 18 years and over",Males,"Perceived mental health, fair or poor",Percent,Percent,239,units,0,v1807215296,95.1.2.4.4,13.5,,,,1
2023/2024,British Columbia,2021A000259,"Total, 18 years and over",Males,"Perceived mental health, fair or poor",Percent,Percent,239,units,0,v1807215296,95.1.2.4.4,17.2,,,,1
2019/2020,British Columbia,2021A000259,"Total, 18 years and over",Males,"Perceived life stress, most days quite a bit or extremely stressful",Percent,Percent,239,units,0,v1807215303,95.1.2.5.4,21.4,,,,1
2021/2022,British Columbia,2021A000259,"Total, 18 years and over",Males,"Perceived life stress, most days quite a bit or extremely stressful",Percent,Percent,239,units,0,v1807215303,95.1.2.5.4,19.6,,,,1
2023/2024,British Columbia,2021A000259,"Total, 18 years and over",Males,"Perceived life stress, most days quite a bit or extremely stressful",Percent,Percent,239,units,0,v1807215303,95.1.2.5.4,21.3,,,,1
2019/2020,British Columbia,2021A000259,"Total, 18 years and over",Males,Mood disorder,Percent,Percent,239,units,0,v1807215345,95.1.2.11.4,7.6,,,,1
2021/2022,British Columbia,2021A000259,"Total, 18 years and over",Males,Mood disorder,Percent,Percent,239,units,0,v1807215345,95.1.2.11.4,9.4,,,,1
2023/2024,British Columbia,2021A000259,"Total, 18 years and over",Males,Mood disorder,Percent,Percent,239,units,0,v1807215345,95.1.2.11.4,11.4,,,,1
2019/2020,British Columbia,2021A000259,"Total, 18 years and over",Males,Anxiety disorder,Percent,Percent,239,units,0,v1807215352,95.1.2.12.4,7.1,,,,1
2021/2022,British Columbia,2021A000259,"Total, 18 years and over",Males,Anxiety disorder,Percent,Percent,239,units,0,v1807215352,95.1.2.12.4,8.1,,,,1
2023/2024,British Columbia,2021A000259,"Total, 18 years and over",Males,Anxiety disorder,Percent,Percent,239,units,0,v1807215352,95.1.2.12.4,,..,,,1
2019/2020,British Columbia,2021A000259,"Total, 18 years and over",Males,"Cannabis use, past 12 months",Percent,Percent,239,units,0,v1807215373,95.1.2.15.4,28.2,,,,1
2021/2022,British Columbia,2021A000259,"Total, 18 years and over",Males,"Cannabis use, past 12 months",Percent,Percent,239,units,0,v1807215373,95.1.2.15.4,29.3,,,,1
2023/2024,British Columbia,2021A000259,"Total, 18 years and over",Males,"Cannabis use, past 12 months",Percent,Percent,239,units,0,v1807215373,95.1.2.15.4,27.4,,,,1
2019/2020,British Columbia,2021A000259,"Total, 18 years and over",Males,Heavy drinking,Percent,Percent,239,units,0,v1807215401,95.1.2.19.4,21.9,,,,1
2021/2022,British Columbia,2021A000259,"Total, 18 years and over",Males,Heavy drinking,Percent,Percent,239,units,0,v1807215401,95.1.2.19.4,21.2,,,,1
2023/2024,British Columbia,2021A000259,"Total, 18 years and over",Males,Heavy drinking,Percent,Percent,239,units,0,v1807215401,95.1.2.19.4,21.1,,,,1
2019/2020,British Columbia,2021A000259,"Total, 18 years and over",Males,"Sense of belonging to local community, somewhat strong or very strong",Percent,Percent,239,units,0,v1807215415,95.1.2.23.4,67.7,,,,1
2021/2022,British Columbia,2021A000259,"Total, 18 years and over",Males,"Sense of belonging to local community, somewhat strong or very strong",Percent,Percent,239,units,0,v1807215415,95.1.2.23.4,65.3,,,,1
2023/2024,British Columbia,2021A000259,"Total, 18 years and over",Males,"Sense of belonging to local community, somewhat strong or very strong",Percent,Percent,239,units,0,v1807215415,95.1.2.23.4,60.2,,,,1
2019/2020,British Columbia,2021A000259,"Total, 18 years and over",Females,"Perceived mental health, very good or excellent",Percent,Percent,239,units,0,v1807215450,95.1.3.3.4,59.2,,,,1
2021/2022,British Columbia,2021A000259,"Total, 18 years and over",Females,"Perceived mental health, very good or excellent",Percent,Percent,239,units,0,v1807215450,95.1.3.3.4,49.2,,,,1
2023/2024,British Columbia,2021A000259,"Total, 18 years and over",Females,"Perceived mental health, very good or excellent",Percent,Percent,239,units,0,v1807215450,95.1.3.3.4,46.8,,,,1
2019/2020,British Columbia,2021A000259,"Total, 18 years and over",Females,"Perceived mental health, fair or poor",Percent,Percent,239,units,0,v1807215457,95.1.3.4.4,10.6,,,,1
2021/2022,British Columbia,2021A000259,"Total, 18 years and over",Females,"Perceived mental health, fair or poor",Percent,Percent,239,units,0,v1807215457,95.1.3.4.4,18.4,,,,1
2023/2024,British Columbia,2021A000259,"Total, 18 years and over",Females,"Perceived mental health, fair or poor",Percent,Percent,239,units,0,v1807215457,95.1.3.4.4,18.1,,,,1
2019/2020,British Columbia,2021A000259,"Total, 18 years and over",Females,"Perceived life stress, most days quite a bit or extremely stressful",Percent,Percent,239,units,0,v1807215464,95.1.3.5.4,21,,,,1
2021/2022,British Columbia,2021A000259,"Total, 18 years and over",Females,"Perceived life stress, most days quite a bit or extremely stressful",Percent,Percent,239,units,0,v1807215464,95.1.3.5.4,23,,,,1
2023/2024,British Columbia,2021A000259,"Total, 18 years and over",Females,"Perceived life stress, most days quite a bit or extremely stressful",Percent,Percent,239,units,0,v1807215464,95.1.3.5.4,25.8,,,,1
2019/2020,British Columbia,2021A000259,"Total, 18 years and over",Females,Mood disorder,Percent,Percent,239,units,0,v1807215506,95.1.3.11.4,12,,,,1
2021/2022,British Columbia,2021A000259,"Total, 18 years and over",Females,Mood disorder,Percent,Percent,239,units,0,v1807215506,95.1.3.11.4,15.2,,,,1
2023/2024,British Columbia,2021A000259,"Total, 18 years and over",Females,Mood disorder,Percent,Percent,239,units,0,v1807215506,95.1.3.11.4,17.3,,,,1
2019/2020,British Columbia,2021A000259,"Total, 18 years and over",Females,Anxiety disorder,Percent,Percent,239,units,0,v1807215513,95.1.3.12.4,11.6,,,,1
2021/2022,British Columbia,2021A000259,"Total, 18 years and over",Females,Anxiety disorder,Percent,Percent,239,units,0,v1807215513,95.1.3.12.4,16.3,,,,1
2023/2024,British Columbia,2021A000259,"Total, 18 years and over",Females,Anxiety disorder,Percent,Percent,239,units,0,v1807215513,95.1.3.12.4,,..,,,1
2019/2020,British Columbia,2021A000259,"Total, 18 years and over",Females,"Cannabis use, past 12 months",Percent,Percent,239,units,0,v1807215534,95.1.3.15.4,19.9,,,,1
2021/2022,British Columbia,2021A000259,"Total, 18 years and over",Females,"Cannabis use, past 12 months",Percent,Percent,239,units,0,v1807215534,95.1.3.15.4,23.3,,,,1
2023/2024,British Columbia,2021A000259,"Total, 18 years and over",Females,"Cannabis use, past 12 months",Percent,Percent,239,units,0,v1807215534,95.1.3.15.4,20.6,,,,1
2019/2020,British Columbia,2021A000259,"Total, 18 years and over",Females,Heavy drinking,Percent,Percent,239,units,0,v1807215562,95.1.3.19.4,15.6,,,,1
2021/2022,British Columbia,2021A000259,"Total, 18 years and over",Females,Heavy drinking,Percent,Percent,239,units,0,v1807215562,95.1.3.19.4,14.9,,,,1
2023/2024,British Columbia,2021A000259,"Total, 18 years and over",Females,Heavy drinking,Percent,Percent,239,units,0,v1807215562,95.1.3.19.4,17,,,,1
2019/2020,British Columbia,2021A000259,"Total, 18 years and over",Females,"Sense of belonging to local community, somewhat strong or very strong",Percent,Percent,239,units,0,v1807215590,95.1.3.23.4,71.2,,,,1
2021/2022,British Columbia,2021A000259,"Total, 18 years and over",Females,"Sense of belonging to local community, somewhat strong or very strong",Percent,Percent,239,units,0,v1807215590,95.1.3.23.4,69.2,,,,1
2023/2024,British Columbia,2021A000259,"Total, 18 years and over",Females,"Sense of belonging to local community, somewhat strong or very strong",Percent,Percent,239,units,0,v1807215590,95.1.3.23.4,62.4,,,,1
2019/2020,Yukon,2021A000260,"Total, 18 years and over",Both sexes,"Perceived mental health, very good or excellent",Percent,Percent,239,units,0,v1807264389,112.1.1.3.4,65.8,,,,1
2021/2022,Yukon,2021A000260,"Total, 18 years and over",Both sexes,"Perceived mental health, very good or excellent",Percent,Percent,239,units,0,v1807264389,112.1.1.3.4,47.1,,,,1
2023/2024,Yukon,2021A000260,"Total, 18 years and over",Both sexes,"Perceived mental health, very good or excellent",Percent,Percent,239,units,0,v1807264389,112.1.1.3.4,51,,,,1
2019/2020,Yukon,2021A000260,"Total, 18 years and over",Both sexes,"Perceived mental health, fair or poor",Percent,Percent,239,units,0,v1807264396,112.1.1.4.4,8.4,,,,1
2021/2022,Yukon,2021A000260,"Total, 18 years and over",Both sexes,"Perceived mental health, fair or poor",Percent,Percent,239,units,0,v1807264396,112.1.1.4.4,15.4,,,,1
2023/2024,Yukon,2021A000260,"Total, 18 years and over",Both sexes,"Perceived mental health, fair or poor",Percent,Percent,239,units,0,v1807264396,112.1.1.4.4,15,,,,1
2019/2020,Yukon,2021A000260,"Total, 18 years and over",Both sexes,"Perceived life stress, most days quite a bit or extremely stressful",Percent,Percent,239,units,0,v1807264403,112.1.1.5.4,17,,,,1
2021/2022,Yukon,2021A000260,"Total, 18 years and over",Both sexes,"Perceived life stress, most days quite a bit or extremely stressful",Percent,Percent,239,units,0,v1807264403,112.1.1.5.4,25.3,,,,1
2023/2024,Yukon,2021A000260,"Total, 18 years and over",Both sexes,"Perceived life stress, most days quite a bit or extremely stressful",Percent,Percent,239,units,0,v1807264403,112.1.1.5.4,21.1,,,,1
2019/2020,Yukon,2021A000260,"Total, 18 years and over",Both sexes,Mood disorder,Percent,Percent,239,units,0,v1807264445,112.1.1.11.4,8.4,,,,1
2021/2022,Yukon,2021A000260,"Total, 18 years and over",Both sexes,Mood disorder,Percent,Percent,239,units,0,v1807264445,112.1.1.11.4,17.2,,,,1
2023/2024,Yukon,2021A000260,"Total, 18 years and over",Both sexes,Mood disorder,Percent,Percent,239,units,0,v1807264445,112.1.1.11.4,12.8,,,,1
2019/2020,Yukon,2021A000260,"Total, 18 years and over",Both sexes,Anxiety disorder,Percent,Percent,239,units,0,v1807264452,112.1.1.12.4,6.8,,,,1
2021/2022,Yukon,2021A000260,"Total, 18 years and over",Both sexes,Anxiety disorder,Percent,Percent,239,units,0,v1807264452,112.1.1.12.4,14.8,,,,1
2023/2024,Yukon,2021A000260,"Total, 18 years and over",Both sexes,Anxiety disorder,Percent,Percent,239,units,0,v1807264452,112.1.1.12.4,13.7,,,,1
2019/2020,Yukon,2021A000260,"Total, 18 years and over",Both sexes,"Cannabis use, past 12 months",Percent,Percent,239,units,0,v1807264473,112.1.1.15.4,34.1,,,,1
2021/2022,Yukon,2021A000260,"Total, 18 years and over",Both sexes,"Cannabis use, past 12 months",Percent,Percent,239,units,0,v1807264473,112.1.1.15.4,41,,,,1
2023/2024,Yukon,2021A000260,"Total, 18 years and over",Both sexes,"Cannabis use, past 12 months",Percent,Percent,239,units,0,v1807264473,112.1.1.15.4,31.1,,,,1
2019/2020,Yukon,2021A000260,"Total, 18 years and over",Both sexes,Heavy drinking,Percent,Percent,239,units,0,v1807264501,112.1.1.19.4,22.1,,,,1
2021/2022,Yukon,2021A000260,"Total, 18 years and over",Both sexes,Heavy drinking,Percent,Percent,239,units,0,v1807264501,112.1.1.19.4,29.2,,,,1
2023/2024,Yukon,2021A000260,"Total, 18 years and over",Both sexes,Heavy drinking,Percent,Percent,239,units,0,v1807264501,112.1.1.19.4,21.3,,,,1
2019/2020,Yukon,2021A000260,"Total, 18 years and over",Both sexes,"Sense of belonging to local community, somewhat strong or very strong",Percent,Percent,239,units,0,v1807264529,112.1.1.23.4,83.6,,,,1
2021/2022,Yukon,2021A000260,"Total, 18 years and over",Both sexes,"Sense of belonging to local community, somewhat strong or very strong",Percent,Percent,239,units,0,v1807264529,112.1.1.23.4,76.7,,,,1
2023/2024,Yukon,2021A000260,"Total, 18 years and over",Both sexes,"Sense of belonging to local community, somewhat strong or very strong",Percent,Percent,239,units,0,v1807264529,112.1.1.23.4,72.4,,,,1
2019/2020,Yukon,2021A000260,"Total, 18 years and over",Males,"Perceived mental health, very good or excellent",Percent,Percent,239,units,0,v1807264564,112.1.2.3.4,67.9,,,,1
2021/2022,Yukon,2021A000260,"Total, 18 years and over",Males,"Perceived mental health, very good or excellent",Percent,Percent,239,units,0,v1807264564,112.1.2.3.4,56.3,,,,1
2023/2024,Yukon,2021A000260,"Total, 18 years and over",Males,"Perceived mental health, very good or excellent",Percent,Percent,239,units,0,v1807264564,112.1.2.3.4,53.6,,,,1
2019/2020,Yukon,2021A000260,"Total, 18 years and over",Males,"Perceived mental health, fair or poor",Percent,Percent,239,units,0,v1807264571,112.1.2.4.4,7.2,,,,1
2021/2022,Yukon,2021A000260,"Total, 18 years and over",Males,"Perceived mental health, fair or poor",Percent,Percent,239,units,0,v1807264571,112.1.2.4.4,12,,,,1
2023/2024,Yukon,2021A000260,"Total, 18 years and over",Males,"Perceived mental health, fair or poor",Percent,Percent,239,units,0,v1807264571,112.1.2.4.4,13.5,,,,1
2019/2020,Yukon,2021A000260,"Total, 18 years and over",Males,"Perceived life stress, most days quite a bit or extremely stressful",Percent,Percent,239,units,0,v1807264578,112.1.2.5.4,16.1,,,,1
2021/2022,Yukon,2021A000260,"Total, 18 years and over",Males,"Perceived life stress, most days quite a bit or extremely stressful",Percent,Percent,239,units,0,v1807264578,112.1.2.5.4,23.1,,,,1
2023/2024,Yukon,2021A000260,"Total, 18 years and over",Males,"Perceived life stress, most days quite a bit or extremely stressful",Percent,Percent,239,units,0,v1807264578,112.1.2.5.4,19.6,,,,1
2019/2020,Yukon,2021A000260,"Total, 18 years and over",Males,Mood disorder,Percent,Percent,239,units,0,v1807264620,112.1.2.11.4,5.8,,,,1
2021/2022,Yukon,2021A000260,"Total, 18 years and over",Males,Mood disorder,Percent,Percent,239,units,0,v1807264620,112.1.2.11.4,13.1,,,,1
2023/2024,Yukon,2021A000260,"Total, 18 years and over",Males,Mood disorder,Percent,Percent,239,units,0,v1807264620,112.1.2.11.4,6.3,,,,1
2019/2020,Yukon,2021A000260,"Total, 18 years and over",Males,Anxiety disorder,Percent,Percent,239,units,0,v1807264627,112.1.2.12.4,3.1,,,,1
2021/2022,Yukon,2021A000260,"Total, 18 years and over",Males,Anxiety disorder,Percent,Percent,239,units,0,v1807264627,112.1.2.12.4,8.2,,,,1
2023/2024,Yukon,2021A000260,"Total, 18 years and over",Males,Anxiety disorder,Percent,Percent,239,units,0,v1807264627,112.1.2.12.4,7,,,,1
2019/2020,Yukon,2021A000260,"Total, 18 years and over",Males,"Cannabis use, past 12 months",Percent,Percent,239,units,0,v1807264648,112.1.2.15.4,40,,,,1
2021/2022,Yukon,2021A000260,"Total, 18 years and over",Males,"Cannabis use, past 12 months",Percent,Percent,239,units,0,v1807264648,112.1.2.15.4,47.1,,,,1
2023/2024,Yukon,2021A000260,"Total, 18 years and over",Males,"Cannabis use, past 12 months",Percent,Percent,239,units,0,v1807264648,112.1.2.15.4,32.6,,,,1
2019/2020,Yukon,2021A000260,"Total, 18 years and over",Males,Heavy drinking,Percent,Percent,239,units,0,v1807264676,112.1.2.19.4,24.8,,,,1
2021/2022,Yukon,2021A000260,"Total, 18 years and over",Males,Heavy drinking,Percent,Percent,239,units,0,v1807264676,112.1.2.19.4,34.6,,,,1
2023/2024,Yukon,2021A000260,"Total, 18 years and over",Males,Heavy drinking,Percent,Percent,239,units,0,v1807264676,112.1.2.19.4,24.5,,,,1
2019/2020,Yukon,2021A000260,"Total, 18 years and over",Males,"Sense of belonging to local community, somewhat strong or very strong",Percent,Percent,239,units,0,v1807264690,112.1.2.23.4,81.3,,,,1
2021/2022,Yukon,2021A000260,"Total, 18 years and over",Males,"Sense of belonging to local community, somewhat strong or very strong",Percent,Percent,239,units,0,v1807264690,112.1.2.23.4,79,,,,1
2023/2024,Yukon,2021A000260,"Total, 18 years and over",Males,"Sense of belonging to local community, somewhat strong or very strong",Percent,Percent,239,units,0,v1807264690,112.1.2.23.4,72.4,,,,1
2019/2020,Yukon,2021A000260,"Total, 18 years and over",Females,"Perceived mental health, very good or excellent",Percent,Percent,239,units,0,v1807264725,112.1.3.3.4,63.8,,,,1
2021/2022,Yukon,2021A000260,"Total, 18 years and over",Females,"Perceived mental health, very good or excellent",Percent,Percent,239,units,0,v1807264725,112.1.3.3.4,37.8,,,,1
2023/2024,Yukon,2021A000260,"Total, 18 years and over",Females,"Perceived mental health, very good or excellent",Percent,Percent,239,units,0,v1807264725,112.1.3.3.4,48.4,,,,1
2019/2020,Yukon,2021A000260,"Total, 18 years and over",Females,"Perceived mental health, fair or poor",Percent,Percent,239,units,0,v1807264732,112.1.3.4.4,9.6,,,,1
2021/2022,Yukon,2021A000260,"Total, 18 years and over",Females,"Perceived mental health, fair or poor",Percent,Percent,239,units,0,v1807264732,112.1.3.4.4,18.7,,,,1
2023/2024,Yukon,2021A000260,"Total, 18 years and over",Females,"Perceived mental health, fair or poor",Percent,Percent,239,units,0,v1807264732,112.1.3.4.4,16.4,,,,1
2019/2020,Yukon,2021A000260,"Total, 18 years and over",Females,"Perceived life stress, most days quite a bit or extremely stressful",Percent,Percent,239,units,0,v1807264739,112.1.3.5.4,18,,,,1
2021/2022,Yukon,2021A000260,"Total, 18 years and over",Females,"Perceived life stress, most days quite a bit or extremely stressful",Percent,Percent,239,units,0,v1807264739,112.1.3.5.4,27.5,,,,1
2023/2024,Yukon,2021A000260,"Total, 18 years and over",Females,"Perceived life stress, most days quite a bit or extremely stressful",Percent,Percent,239,units,0,v1807264739,112.1.3.5.4,22.6,,,,1
2019/2020,Yukon,2021A000260,"Total, 18 years and over",Females,Mood disorder,Percent,Percent,239,units,0,v1807264781,112.1.3.11.4,11.2,,,,1
2021/2022,Yukon,2021A000260,"Total, 18 years and over",Females,Mood disorder,Percent,Percent,239,units,0,v1807264781,112.1.3.11.4,21.4,,,,1
2023/2024,Yukon,2021A000260,"Total, 18 years and over",Females,Mood disorder,Percent,Percent,239,units,0,v1807264781,112.1.3.11.4,19.1,,,,1
2019/2020,Yukon,2021A000260,"Total, 18 years and over",Females,Anxiety disorder,Percent,Percent,239,units,0,v1807264788,112.1.3.12.4,10.5,,,,1
2021/2022,Yukon,2021A000260,"Total, 18 years and over",Females,Anxiety disorder,Percent,Percent,239,units,0,v1807264788,112.1.3.12.4,21.5,,,,1
2023/2024,Yukon,2021A000260,"Total, 18 years and over",Females,Anxiety disorder,Percent,Percent,239,units,0,v1807264788,112.1.3.12.4,20.3,,,,1
2019/2020,Yukon,2021A000260,"Total, 18 years and over",Females,"Cannabis use, past 12 months",Percent,Percent,239,units,0,v1807264809,112.1.3.15.4,28.3,,,,1
2021/2022,Yukon,2021A000260,"Total, 18 years and over",Females,"Cannabis use, past 12 months",Percent,Percent,239,units,0,v1807264809,112.1.3.15.4,34.8,,,,1
2023/2024,Yukon,2021A000260,"Total, 18 years and over",Females,"Cannabis use, past 12 months",Percent,Percent,239,units,0,v1807264809,112.1.3.15.4,29.6,,,,1
2019/2020,Yukon,2021A000260,"Total, 18 years and over",Females,Heavy drinking,Percent,Percent,239,units,0,v1807264837,112.1.3.19.4,19.3,,,,1
2021/2022,Yukon,2021A000260,"Total, 18 years and over",Females,Heavy drinking,Percent,Percent,239,units,0,v1807264837,112.1.3.19.4,23.8,,,,1
2023/2024,Yukon,2021A000260,"Total, 18 years and over",Females,Heavy drinking,Percent,Percent,239,units,0,v1807264837,112.1.3.19.4,18.3,,,,1
2019/2020,Yukon,2021A000260,"Total, 18 years and over",Females,"Sense of belonging to local community, somewhat strong or very strong",Percent,Percent,239,units,0,v1807264865,112.1.3.23.4,85.8,,,,1
2021/2022,Yukon,2021A000260,"Total, 18 years and over",Females,"Sense of belonging to local community, somewhat strong or very strong",Percent,Percent,239,units,0,v1807264865,112.1.3.23.4,74.3,,,,1
2023/2024,Yukon,2021A000260,"Total, 18 years and over",Females,"Sense of belonging to local community, somewhat strong or very strong",Percent,Percent,239,units,0,v1807264865,112.1.3.23.4,72.3,,,,1
2019/2020,Northwest Territories,2021A000261,"Total, 18 years and over",Both sexes,"Perceived mental health, very good or excellent",Percent,Percent,239,units,0,v1807269499,114.1.1.3.4,58.7,,,,1
2021/2022,Northwest Territories,2021A000261,"Total, 18 years and over",Both sexes,"Perceived mental health, very good or excellent",Percent,Percent,239,units,0,v1807269499,114.1.1.3.4,41.4,,,,1
2023/2024,Northwest Territories,2021A000261,"Total, 18 years and over",Both sexes,"Perceived mental health, very good or excellent",Percent,Percent,239,units,0,v1807269499,114.1.1.3.4,46.1,,,,1
2019/2020,Northwest Territories,2021A000261,"Total, 18 years and over",Both sexes,"Perceived mental health, fair or poor",Percent,Percent,239,units,0,v1807269506,114.1.1.4.4,13.2,,,,1
2021/2022,Northwest Territories,2021A000261,"Total, 18 years and over",Both sexes,"Perceived mental health, fair or poor",Percent,Percent,239,units,0,v1807269506,114.1.1.4.4,17.7,,,,1
2023/2024,Northwest Territories,2021A000261,"Total, 18 years and over",Both sexes,"Perceived mental health, fair or poor",Percent,Percent,239,units,0,v1807269506,114.1.1.4.4,18.1,,,,1
2019/2020,Northwest Territories,2021A000261,"Total, 18 years and over",Both sexes,"Perceived life stress, most days quite a bit or extremely stressful",Percent,Percent,239,units,0,v1807269513,114.1.1.5.4,20.5,,,,1
2021/2022,Northwest Territories,2021A000261,"Total, 18 years and over",Both sexes,"Perceived life stress, most days quite a bit or extremely stressful",Percent,Percent,239,units,0,v1807269513,114.1.1.5.4,20.4,,,,1
2023/2024,Northwest Territories,2021A000261,"Total, 18 years and over",Both sexes,"Perceived life stress, most days quite a bit or extremely stressful",Percent,Percent,239,units,0,v1807269513,114.1.1.5.4,22.6,,,,1
2019/2020,Northwest Territories,2021A000261,"Total, 18 years and over",Both sexes,Mood disorder,Percent,Percent,239,units,0,v1807269555,114.1.1.11.4,8.9,,,,1
2021/2022,Northwest Territories,2021A000261,"Total, 18 years and over",Both sexes,Mood disorder,Percent,Percent,239,units,0,v1807269555,114.1.1.11.4,12,,,,1
2023/2024,Northwest Territories,2021A000261,"Total, 18 years and over",Both sexes,Mood disorder,Percent,Percent,239,units,0,v1807269555,114.1.1.11.4,14,,,,1
2019/2020,Northwest Territories,2021A000261,"Total, 18 years and over",Both sexes,Anxiety disorder,Percent,Percent,239,units,0,v1807269562,114.1.1.12.4,7.7,,,,1
2021/2022,Northwest Territories,2021A000261,"Total, 18 years and over",Both sexes,Anxiety disorder,Percent,Percent,239,units,0,v1807269562,114.1.1.12.4,14.7,,,,1
2023/2024,Northwest Territories,2021A000261,"Total, 18 years and over",Both sexes,Anxiety disorder,Percent,Percent,239,units,0,v1807269562,114.1.1.12.4,15.9,,,,1
2019/2020,Northwest Territories,2021A000261,"Total, 18 years and over",Both sexes,"Cannabis use, past 12 months",Percent,Percent,239,units,0,v1807269583,114.1.1.15.4,34.7,,,,1
2021/2022,Northwest Territories,2021A000261,"Total, 18 years and over",Both sexes,"Cannabis use, past 12 months",Percent,Percent,239,units,0,v1807269583,114.1.1.15.4,38.6,,,,1
2023/2024,Northwest Territories,2021A000261,"Total, 18 years and over",Both sexes,"Cannabis use, past 12 months",Percent,Percent,239,units,0,v1807269583,114.1.1.15.4,35.2,,,,1
2019/2020,Northwest Territories,2021A000261,"Total, 18 years and over",Both sexes,Heavy drinking,Percent,Percent,239,units,0,v1807269611,114.1.1.19.4,31.1,,,,1
2021/2022,Northwest Territories,2021A000261,"Total, 18 years and over",Both sexes,Heavy drinking,Percent,Percent,239,units,0,v1807269611,114.1.1.19.4,31.7,,,,1
2023/2024,Northwest Territories,2021A000261,"Total, 18 years and over",Both sexes,Heavy drinking,Percent,Percent,239,units,0,v1807269611,114.1.1.19.4,24.8,,,,1
2019/2020,Northwest Territories,2021A000261,"Total, 18 years and over",Both sexes,"Sense of belonging to local community, somewhat strong or very strong",Percent,Percent,239,units,0,v1807269639,114.1.1.23.4,79.3,,,,1
2021/2022,Northwest Territories,2021A000261,"Total, 18 years and over",Both sexes,"Sense of belonging to local community, somewhat strong or very strong",Percent,Percent,239,units,0,v1807269639,114.1.1.23.4,75.3,,,,1
2023/2024,Northwest Territories,2021A000261,"Total, 18 years and over",Both sexes,"Sense of belonging to local community, somewhat strong or very strong",Percent,Percent,239,units,0,v1807269639,114.1.1.23.4,71.6,,,,1
2019/2020,Northwest Territories,2021A000261,"Total, 18 years and over",Males,"Perceived mental health, very good or excellent",Percent,Percent,239,units,0,v1807269674,114.1.2.3.4,63.5,,,,1
2021/2022,Northwest Territories,2021A000261,"Total, 18 years and over",Males,"Perceived mental health, very good or excellent",Percent,Percent,239,units,0,v1807269674,114.1.2.3.4,47.1,,,,1
2023/2024,Northwest Territories,2021A000261,"Total, 18 years and over",Males,"Perceived mental health, very good or excellent",Percent,Percent,239,units,0,v1807269674,114.1.2.3.4,51.9,,,,1
2019/2020,Northwest Territories,2021A000261,"Total, 18 years and over",Males,"Perceived mental health, fair or poor",Percent,Percent,239,units,0,v1807269681,114.1.2.4.4,12.8,,,,1
2021/2022,Northwest Territories,2021A000261,"Total, 18 years and over",Males,"Perceived mental health, fair or poor",Percent,Percent,239,units,0,v1807269681,114.1.2.4.4,14,,,,1
2023/2024,Northwest Territories,2021A000261,"Total, 18 years and over",Males,"Perceived mental health, fair or poor",Percent,Percent,239,units,0,v1807269681,114.1.2.4.4,14.3,,,,1
2019/2020,Northwest Territories,2021A000261,"Total, 18 years and over",Males,"Perceived life stress, most days quite a bit or extremely stressful",Percent,Percent,239,units,0,v1807269688,114.1.2.5.4,14.3,,,,1
2021/2022,Northwest Territories,2021A000261,"Total, 18 years and over",Males,"Perceived life stress, most days quite a bit or extremely stressful",Percent,Percent,239,units,0,v1807269688,114.1.2.5.4,16.3,,,,1
2023/2024,Northwest Territories,2021A000261,"Total, 18 years and over",Males,"Perceived life stress, most days quite a bit or extremely stressful",Percent,Percent,239,units,0,v1807269688,114.1.2.5.4,20.5,,,,1
2019/2020,Northwest Territories,2021A000261,"Total, 18 years and over",Males,Mood disorder,Percent,Percent,239,units,0,v1807269730,114.1.2.11.4,8.5,,,,1
2021/2022,Northwest Territories,2021A000261,"Total, 18 years and over",Males,Mood disorder,Percent,Percent,239,units,0,v1807269730,114.1.2.11.4,6.7,,,,1
2023/2024,Northwest Territories,2021A000261,"Total, 18 years and over",Males,Mood disorder,Percent,Percent,239,units,0,v1807269730,114.1.2.11.4,10.6,,,,1
2019/2020,Northwest Territories,2021A000261,"Total, 18 years and over",Males,Anxiety disorder,Percent,Percent,239,units,0,v1807269737,114.1.2.12.4,4.6,,,,1
2021/2022,Northwest Territories,2021A000261,"Total, 18 years and over",Males,Anxiety disorder,Percent,Percent,239,units,0,v1807269737,114.1.2.12.4,8.1,,,,1
2023/2024,Northwest Territories,2021A000261,"Total, 18 years and over",Males,Anxiety disorder,Percent,Percent,239,units,0,v1807269737,114.1.2.12.4,10.5,,,,1
2019/2020,Northwest Territories,2021A000261,"Total, 18 years and over",Males,"Cannabis use, past 12 months",Percent,Percent,239,units,0,v1807269758,114.1.2.15.4,38.4,,,,1
2021/2022,Northwest Territories,2021A000261,"Total, 18 years and over",Males,"Cannabis use, past 12 months",Percent,Percent,239,units,0,v1807269758,114.1.2.15.4,45.1,,,,1
2023/2024,Northwest Territories,2021A000261,"Total, 18 years and over",Males,"Cannabis use, past 12 months",Percent,Percent,239,units,0,v1807269758,114.1.2.15.4,35.8,,,,1
2019/2020,Northwest Territories,2021A000261,"Total, 18 years and over",Males,Heavy drinking,Percent,Percent,239,units,0,v1807269786,114.1.2.19.4,34.9,,,,1
2021/2022,Northwest Territories,2021A000261,"Total, 18 years and over",Males,Heavy drinking,Percent,Percent,239,units,0,v1807269786,114.1.2.19.4,37.2,,,,1
2023/2024,Northwest Territories,2021A000261,"Total, 18 years and over",Males,Heavy drinking,Percent,Percent,239,units,0,v1807269786,114.1.2.19.4,25.9,,,,1
2019/2020,Northwest Territories,2021A000261,"Total, 18 years and over",Males,"Sense of belonging to local community, somewhat strong or very strong",Percent,Percent,239,units,0,v1807269800,114.1.2.23.4,72.2,,,,1
2021/2022,Northwest Territories,2021A000261,"Total, 18 years and over",Males,"Sense of belonging to local community, somewhat strong or very strong",Percent,Percent,239,units,0,v1807269800,114.1.2.23.4,77.6,,,,1
2023/2024,Northwest Territories,2021A000261,"Total, 18 years and over",Males,"Sense of belonging to local community, somewhat strong or very strong",Percent,Percent,239,units,0,v1807269800,114.1.2.23.4,71.4,,,,1
2019/2020,Northwest Territories,2021A000261,"Total, 18 years and over",Females,"Perceived mental health, very good or excellent",Percent,Percent,239,units,0,v1807269835,114.1.3.3.4,53.8,,,,1
2021/2022,Northwest Territories,2021A000261,"Total, 18 years and over",Females,"Perceived mental health, very good or excellent",Percent,Percent,239,units,0,v1807269835,114.1.3.3.4,35.6,,,,1
2023/2024,Northwest Territories,2021A000261,"Total, 18 years and over",Females,"Perceived mental health, very good or excellent",Percent,Percent,239,units,0,v1807269835,114.1.3.3.4,40.3,,,,1
2019/2020,Northwest Territories,2021A000261,"Total, 18 years and over",Females,"Perceived mental health, fair or poor",Percent,Percent,239,units,0,v1807269842,114.1.3.4.4,13.6,,,,1
2021/2022,Northwest Territories,2021A000261,"Total, 18 years and over",Females,"Perceived mental health, fair or poor",Percent,Percent,239,units,0,v1807269842,114.1.3.4.4,21.5,,,,1
2023/2024,Northwest Territories,2021A000261,"Total, 18 years and over",Females,"Perceived mental health, fair or poor",Percent,Percent,239,units,0,v1807269842,114.1.3.4.4,21.9,,,,1
2019/2020,Northwest Territories,2021A000261,"Total, 18 years and over",Females,"Perceived life stress, most days quite a bit or extremely stressful",Percent,Percent,239,units,0,v1807269849,114.1.3.5.4,26.9,,,,1
2021/2022,Northwest Territories,2021A000261,"Total, 18 years and over",Females,"Perceived life stress, most days quite a bit or extremely stressful",Percent,Percent,239,units,0,v1807269849,114.1.3.5.4,24.8,,,,1
2023/2024,Northwest Territories,2021A000261,"Total, 18 years and over",Females,"Perceived life stress, most days quite a bit or extremely stressful",Percent,Percent,239,units,0,v1807269849,114.1.3.5.4,24.6,,,,1
2019/2020,Northwest Territories,2021A000261,"Total, 18 years and over",Females,Mood disorder,Percent,Percent,239,units,0,v1807269891,114.1.3.11.4,9.3,,,,1
2021/2022,Northwest Territories,2021A000261,"Total, 18 years and over",Females,Mood disorder,Percent,Percent,239,units,0,v1807269891,114.1.3.11.4,17.5,,,,1
2023/2024,Northwest Territories,2021A000261,"Total, 18 years and over",Females,Mood disorder,Percent,Percent,239,units,0,v1807269891,114.1.3.11.4,17.5,,,,1
2019/2020,Northwest Territories,2021A000261,"Total, 18 years and over",Females,Anxiety disorder,Percent,Percent,239,units,0,v1807269898,114.1.3.12.4,11,,,,1
2021/2022,Northwest Territories,2021A000261,"Total, 18 years and over",Females,Anxiety disorder,Percent,Percent,239,units,0,v1807269898,114.1.3.12.4,21.6,,,,1
2023/2024,Northwest Territories,2021A000261,"Total, 18 years and over",Females,Anxiety disorder,Percent,Percent,239,units,0,v1807269898,114.1.3.12.4,21.5,,,,1
2019/2020,Northwest Territories,2021A000261,"Total, 18 years and over",Females,"Cannabis use, past 12 months",Percent,Percent,239,units,0,v1807269919,114.1.3.15.4,31,,,,1
2021/2022,Northwest Territories,2021A000261,"Total, 18 years and over",Females,"Cannabis use, past 12 months",Percent,Percent,239,units,0,v1807269919,114.1.3.15.4,31.9,,,,1
2023/2024,Northwest Territories,2021A000261,"Total, 18 years and over",Females,"Cannabis use, past 12 months",Percent,Percent,239,units,0,v1807269919,114.1.3.15.4,34.5,,,,1
2019/2020,Northwest Territories,2021A000261,"Total, 18 years and over",Females,Heavy drinking,Percent,Percent,239,units,0,v1807269947,114.1.3.19.4,27.2,,,,1
2021/2022,Northwest Territories,2021A000261,"Total, 18 years and over",Females,Heavy drinking,Percent,Percent,239,units,0,v1807269947,114.1.3.19.4,26,,,,1
2023/2024,Northwest Territories,2021A000261,"Total, 18 years and over",Females,Heavy drinking,Percent,Percent,239,units,0,v1807269947,114.1.3.19.4,23.7,,,,1
2019/2020,Northwest Territories,2021A000261,"Total, 18 years and over",Females,"Sense of belonging to local community, somewhat strong or very strong",Percent,Percent,239,units,0,v1807269975,114.1.3.23.4,86.5,,,,1
2021/2022,Northwest Territories,2021A000261,"Total, 18 years and over",Females,"Sense of belonging to local community, somewhat strong or very strong",Percent,Percent,239,units,0,v1807269975,114.1.3.23.4,72.9,,,,1
2023/2024,Northwest Territories,2021A000261,"Total, 18 years and over",Females,"Sense of belonging to local community, somewhat strong or very strong",Percent,Percent,239,units,0,v1807269975,114.1.3.23.4,71.8,,,,1
2019/2020,Nunavut,2021A000262,"Total, 18 years and over",Both sexes,"Perceived mental health, very good or excellent",Percent,Percent,239,units,0,v1807274609,116.1.1.3.4,48.7,E,,,1
2021/2022,Nunavut,2021A000262,"Total, 18 years and over",Both sexes,"Perceived mental health, very good or excellent",Percent,Percent,239,units,0,v1807274609,116.1.1.3.4,44.8,,,,1
2023/2024,Nunavut,2021A000262,"Total, 18 years and over",Both sexes,"Perceived mental health, very good or excellent",Percent,Percent,239,units,0,v1807274609,116.1.1.3.4,42.6,,,,1
2019/2020,Nunavut,2021A000262,"Total, 18 years and over",Both sexes,"Perceived mental health, fair or poor",Percent,Percent,239,units,0,v1807274616,116.1.1.4.4,8.2,E,,,1
2021/2022,Nunavut,2021A000262,"Total, 18 years and over",Both sexes,"Perceived mental health, fair or poor",Percent,Percent,239,units,0,v1807274616,116.1.1.4.4,16.9,,,,1
2023/2024,Nunavut,2021A000262,"Total, 18 years and over",Both sexes,"Perceived mental health, fair or poor",Percent,Percent,239,units,0,v1807274616,116.1.1.4.4,15.2,,,,1
2019/2020,Nunavut,2021A000262,"Total, 18 years and over",Both sexes,"Perceived life stress, most days quite a bit or extremely stressful",Percent,Percent,239,units,0,v1807274623,116.1.1.5.4,13.9,,,,1
2021/2022,Nunavut,2021A000262,"Total, 18 years and over",Both sexes,"Perceived life stress, most days quite a bit or extremely stressful",Percent,Percent,239,units,0,v1807274623,116.1.1.5.4,19.1,,,,1
2023/2024,Nunavut,2021A000262,"Total, 18 years and over",Both sexes,"Perceived life stress, most days quite a bit or extremely stressful",Percent,Percent,239,units,0,v1807274623,116.1.1.5.4,15.4,,,,1
2019/2020,Nunavut,2021A000262,"Total, 18 years and over",Both sexes,Mood disorder,Percent,Percent,239,units,0,v1807274665,116.1.1.11.4,7.3,,,,1
2021/2022,Nunavut,2021A000262,"Total, 18 years and over",Both sexes,Mood disorder,Percent,Percent,239,units,0,v1807274665,116.1.1.11.4,14.2,,,,1
2023/2024,Nunavut,2021A000262,"Total, 18 years and over",Both sexes,Mood disorder,Percent,Percent,239,units,0,v1807274665,116.1.1.11.4,14.6,,,,1
2019/2020,Nunavut,2021A000262,"Total, 18 years and over",Both sexes,Anxiety disorder,Percent,Percent,239,units,0,v1807274672,116.1.1.12.4,7.6,,,,1
2021/2022,Nunavut,2021A000262,"Total, 18 years and over",Both sexes,Anxiety disorder,Percent,Percent,239,units,0,v1807274672,116.1.1.12.4,9.6,,,,1
2023/2024,Nunavut,2021A000262,"Total, 18 years and over",Both sexes,Anxiety disorder,Percent,Percent,239,units,0,v1807274672,116.1.1.12.4,,..,,,1
2019/2020,Nunavut,2021A000262,"Total, 18 years and over",Both sexes,"Cannabis use, past 12 months",Percent,Percent,239,units,0,v1807274693,116.1.1.15.4,43,,,,1
2021/2022,Nunavut,2021A000262,"Total, 18 years and over",Both sexes,"Cannabis use, past 12 months",Percent,Percent,239,units,0,v1807274693,116.1.1.15.4,47.7,,,,1
2023/2024,Nunavut,2021A000262,"Total, 18 years and over",Both sexes,"Cannabis use, past 12 months",Percent,Percent,239,units,0,v1807274693,116.1.1.15.4,46.5,,,,1
2019/2020,Nunavut,2021A000262,"Total, 18 years and over",Both sexes,Heavy drinking,Percent,Percent,239,units,0,v1807274721,116.1.1.19.4,21.8,,,,1
2021/2022,Nunavut,2021A000262,"Total, 18 years and over",Both sexes,Heavy drinking,Percent,Percent,239,units,0,v1807274721,116.1.1.19.4,26.4,,,,1
2023/2024,Nunavut,2021A000262,"Total, 18 years and over",Both sexes,Heavy drinking,Percent,Percent,239,units,0,v1807274721,116.1.1.19.4,21,,,,1
2019/2020,Nunavut,2021A000262,"Total, 18 years and over",Both sexes,"Sense of belonging to local community, somewhat strong or very strong",Percent,Percent,239,units,0,v1807274749,116.1.1.23.4,83.7,,,,1
2021/2022,Nunavut,2021A000262,"Total, 18 years and over",Both sexes,"Sense of belonging to local community, somewhat strong or very strong",Percent,Percent,239,units,0,v1807274749,116.1.1.23.4,85.8,,,,1
2023/2024,Nunavut,2021A000262,"Total, 18 years and over",Both sexes,"Sense of belonging to local community, somewhat strong or very strong",Percent,Percent,239,units,0,v1807274749,116.1.1.23.4,83.2,,,,1
2019/2020,Nunavut,2021A000262,"Total, 18 years and over",Males,"Perceived mental health, very good or excellent",Percent,Percent,239,units,0,v1807274784,116.1.2.3.4,,F,,,1
2021/2022,Nunavut,2021A000262,"Total, 18 years and over",Males,"Perceived mental health, very good or excellent",Percent,Percent,239,units,0,v1807274784,116.1.2.3.4,49.8,,,,1
2023/2024,Nunavut,2021A000262,"Total, 18 years and over",Males,"Perceived mental health, very good or excellent",Percent,Percent,239,units,0,v1807274784,116.1.2.3.4,46.2,,,,1
2019/2020,Nunavut,2021A000262,"Total, 18 years and over",Males,"Perceived mental health, fair or poor",Percent,Percent,239,units,0,v1807274791,116.1.2.4.4,8.9,E,,,1
2021/2022,Nunavut,2021A000262,"Total, 18 years and over",Males,"Perceived mental health, fair or poor",Percent,Percent,239,units,0,v1807274791,116.1.2.4.4,13.1,,,,1
2023/2024,Nunavut,2021A000262,"Total, 18 years and over",Males,"Perceived mental health, fair or poor",Percent,Percent,239,units,0,v1807274791,116.1.2.4.4,12.6,,,,1
2019/2020,Nunavut,2021A000262,"Total, 18 years and over",Males,"Perceived life stress, most days quite a bit or extremely stressful",Percent,Percent,239,units,0,v1807274798,116.1.2.5.4,12.7,,,,1
2021/2022,Nunavut,2021A000262,"Total, 18 years and over",Males,"Perceived life stress, most days quite a bit or extremely stressful",Percent,Percent,239,units,0,v1807274798,116.1.2.5.4,17.7,,,,1
2023/2024,Nunavut,2021A000262,"Total, 18 years and over",Males,"Perceived life stress, most days quite a bit or extremely stressful",Percent,Percent,239,units,0,v1807274798,116.1.2.5.4,13.8,,,,1
2019/2020,Nunavut,2021A000262,"Total, 18 years and over",Males,Mood disorder,Percent,Percent,239,units,0,v1807274840,116.1.2.11.4,8,,,,1
2021/2022,Nunavut,2021A000262,"Total, 18 years and over",Males,Mood disorder,Percent,Percent,239,units,0,v1807274840,116.1.2.11.4,13.5,,,,1
2023/2024,Nunavut,2021A000262,"Total, 18 years and over",Males,Mood disorder,Percent,Percent,239,units,0,v1807274840,116.1.2.11.4,11,,,,1
2019/2020,Nunavut,2021A000262,"Total, 18 years and over",Males,Anxiety disorder,Percent,Percent,239,units,0,v1807274847,116.1.2.12.4,6,,,,1
2021/2022,Nunavut,2021A000262,"Total, 18 years and over",Males,Anxiety disorder,Percent,Percent,239,units,0,v1807274847,116.1.2.12.4,5.2,,,,1
2023/2024,Nunavut,2021A000262,"Total, 18 years and over",Males,Anxiety disorder,Percent,Percent,239,units,0,v1807274847,116.1.2.12.4,,..,,,1
2019/2020,Nunavut,2021A000262,"Total, 18 years and over",Males,"Cannabis use, past 12 months",Percent,Percent,239,units,0,v1807274868,116.1.2.15.4,57.9,E,,,1
2021/2022,Nunavut,2021A000262,"Total, 18 years and over",Males,"Cannabis use, past 12 months",Percent,Percent,239,units,0,v1807274868,116.1.2.15.4,59.6,,,,1
2023/2024,Nunavut,2021A000262,"Total, 18 years and over",Males,"Cannabis use, past 12 months",Percent,Percent,239,units,0,v1807274868,116.1.2.15.4,55.8,,,,1
2019/2020,Nunavut,2021A000262,"Total, 18 years and over",Males,Heavy drinking,Percent,Percent,239,units,0,v1807274896,116.1.2.19.4,27,E,,,1
2021/2022,Nunavut,2021A000262,"Total, 18 years and over",Males,Heavy drinking,Percent,Percent,239,units,0,v1807274896,116.1.2.19.4,32.4,,,,1
2023/2024,Nunavut,2021A000262,"Total, 18 years and over",Males,Heavy drinking,Percent,Percent,239,units,0,v1807274896,116.1.2.19.4,21.1,,,,1
2019/2020,Nunavut,2021A000262,"Total, 18 years and over",Males,"Sense of belonging to local community, somewhat strong or very strong",Percent,Percent,239,units,0,v1807274910,116.1.2.23.4,85.7,,,,1
2021/2022,Nunavut,2021A000262,"Total, 18 years and over",Males,"Sense of belonging to local community, somewhat strong or very strong",Percent,Percent,239,units,0,v1807274910,116.1.2.23.4,85.7,,,,1
2023/2024,Nunavut,2021A000262,"Total, 18 years and over",Males,"Sense of belonging to local community, somewhat strong or very strong",Percent,Percent,239,units,0,v1807274910,116.1.2.23.4,82.4,,,,1
2019/2020,Nunavut,2021A000262,"Total, 18 years and over",Females,"Perceived mental health, very good or excellent",Percent,Percent,239,units,0,v1807274945,116.1.3.3.4,,F,,,1
2021/2022,Nunavut,2021A000262,"Total, 18 years and over",Females,"Perceived mental health, very good or excellent",Percent,Percent,239,units,0,v1807274945,116.1.3.3.4,39.6,,,,1
2023/2024,Nunavut,2021A000262,"Total, 18 years and over",Females,"Perceived mental health, very good or excellent",Percent,Percent,239,units,0,v1807274945,116.1.3.3.4,38.9,,,,1
2019/2020,Nunavut,2021A000262,"Total, 18 years and over",Females,"Perceived mental health, fair or poor",Percent,Percent,239,units,0,v1807274952,116.1.3.4.4,7.5,E,,,1
2021/2022,Nunavut,2021A000262,"Total, 18 years and over",Females,"Perceived mental health, fair or poor",Percent,Percent,239,units,0,v1807274952,116.1.3.4.4,20.9,E,,,1
2023/2024,Nunavut,2021A000262,"Total, 18 years and over",Females,"Perceived mental health, fair or poor",Percent,Percent,239,units,0,v1807274952,116.1.3.4.4,17.9,,,,1
2019/2020,Nunavut,2021A000262,"Total, 18 years and over",Females,"Perceived life stress, most days quite a bit or extremely stressful",Percent,Percent,239,units,0,v1807274959,116.1.3.5.4,15.1,,,,1
2021/2022,Nunavut,2021A000262,"Total, 18 years and over",Females,"Perceived life stress, most days quite a bit or extremely stressful",Percent,Percent,239,units,0,v1807274959,116.1.3.5.4,20.5,,,,1
2023/2024,Nunavut,2021A000262,"Total, 18 years and over",Females,"Perceived life stress, most days quite a bit or extremely stressful",Percent,Percent,239,units,0,v1807274959,116.1.3.5.4,17,,,,1
2019/2020,Nunavut,2021A000262,"Total, 18 years and over",Females,Mood disorder,Percent,Percent,239,units,0,v1807275001,116.1.3.11.4,6.6,,,,1
2021/2022,Nunavut,2021A000262,"Total, 18 years and over",Females,Mood disorder,Percent,Percent,239,units,0,v1807275001,116.1.3.11.4,14.9,,,,1
2023/2024,Nunavut,2021A000262,"Total, 18 years and over",Females,Mood disorder,Percent,Percent,239,units,0,v1807275001,116.1.3.11.4,18.3,,,,1
2019/2020,Nunavut,2021A000262,"Total, 18 years and over",Females,Anxiety disorder,Percent,Percent,239,units,0,v1807275008,116.1.3.12.4,9.3,E,,,1
2021/2022,Nunavut,2021A000262,"Total, 18 years and over",Females,Anxiety disorder,Percent,Percent,239,units,0,v1807275008,116.1.3.12.4,14,,,,1
2023/2024,Nunavut,2021A000262,"Total, 18 years and over",Females,Anxiety disorder,Percent,Percent,239,units,0,v1807275008,116.1.3.12.4,,..,,,1
2019/2020,Nunavut,2021A000262,"Total, 18 years and over",Females,"Cannabis use, past 12 months",Percent,Percent,239,units,0,v1807275029,116.1.3.15.4,27.5,,,,1
2021/2022,Nunavut,2021A000262,"Total, 18 years and over",Females,"Cannabis use, past 12 months",Percent,Percent,239,units,0,v1807275029,116.1.3.15.4,35.4,E,,,1
2023/2024,Nunavut,2021A000262,"Total, 18 years and over",Females,"Cannabis use, past 12 months",Percent,Percent,239,units,0,v1807275029,116.1.3.15.4,37,,,,1
2019/2020,Nunavut,2021A000262,"Total, 18 years and over",Females,Heavy drinking,Percent,Percent,239,units,0,v1807275057,116.1.3.19.4,16.3,E,,,1
2021/2022,Nunavut,2021A000262,"Total, 18 years and over",Females,Heavy drinking,Percent,Percent,239,units,0,v1807275057,116.1.3.19.4,20.3,,,,1
2023/2024,Nunavut,2021A000262,"Total, 18 years and over",Females,Heavy drinking,Percent,Percent,239,units,0,v1807275057,116.1.3.19.4,20.8,,,,1
2019/2020,Nunavut,2021A000262,"Total, 18 years and over",Females,"Sense of belonging to local community, somewhat strong or very strong",Percent,Percent,239,units,0,v1807275085,116.1.3.23.4,81.6,E,,,1
2021/2022,Nunavut,2021A000262,"Total, 18 years and over",Females,"Sense of belonging to local community, somewhat strong or very strong",Percent,Percent,239,units,0,v1807275085,116.1.3.23.4,85.8,E,,,1
2023/2024,Nunavut,2021A000262,"Total, 18 years and over",Females,"Sense of belonging to local community, somewhat strong or very strong",Percent,Percent,239,units,0,v1807275085,116.1.3.23.4,84.1,,,,1
